customer_id,customer_name,email,country,signup_date,customer_segment,lifetime_value
1,Emma Brown,emma.brown1@example.com,CA,2020-09-30,Premium,7062.94
2,Patricia Perez,patricia.perez2@example.com,MX,2022-09-25,Premium,1586.88
3,Michael Davis,michael.davis3@example.com,BR,2020-03-25,Basic,32529.23
4,Sarah Wilson,sarah.wilson4@mail.com,JP,2024-08-10,Standard,40490.57
5,James Garcia,james.garcia5@customer.net,AU,2021-02-12,Premium,10844.15
6,Sophia Hernandez,sophia.hernandez6@example.com,UK,2022-04-06,Premium,18013.07
7,Barbara Martin,barbara.martin7@shop.io,US,2023-02-25,Basic,6328.82
8,Richard Williams,richard.williams8@shop.io,MX,2022-01-21,Basic,9695.20
9,John Johnson,john.johnson9@mail.com,CA,2018-11-23,Premium,43337.53
10,Richard Rodriguez,richard.rodriguez10@customer.net,AU,2019-10-29,Standard,17828.00
11,Oliver Rodriguez,oliver.rodriguez11@example.com,MX,2025-02-13,Premium,26753.57
12,Linda Garcia,linda.garcia12@customer.net,IN,2021-01-10,Basic,34439.27
13,Linda Perez,linda.perez13@shop.io,US,2020-07-27,Premium,40271.78
14,Richard Rodriguez,richard.rodriguez14@example.com,FR,2024-05-12,Basic,15802.42
15,Emma Thomas,emma.thomas15@customer.net,JP,2019-08-09,Standard,7067.55
16,Noah Moore,noah.moore16@shop.io,MX,2022-10-21,Basic,20030.08
17,Linda Jones,linda.jones17@customer.net,UK,2018-07-12,Premium,7726.78
18,Jennifer Perez,jennifer.perez18@customer.net,MX,2018-09-18,Standard,19142.80
19,Joseph Taylor,joseph.taylor19@shop.io,BR,2018-02-17,Basic,36064.01
20,Oliver Moore,oliver.moore20@shop.io,AU,2019-04-02,Standard,21794.78
21,Joseph Smith,joseph.smith21@shop.io,BR,2020-01-02,Basic,45640.12
22,Emma Martinez,emma.martinez22@mail.com,DE,2022-03-12,Premium,27015.01
23,Sophia Taylor,sophia.taylor23@example.com,MX,2021-08-20,Standard,1071.89
24,Barbara Martinez,barbara.martinez24@mail.com,US,2020-09-13,Basic,47352.77
25,John Thomas,john.thomas25@example.com,BR,2019-05-31,Premium,33021.56
26,Sarah Garcia,sarah.garcia26@shop.io,BR,2024-10-20,Standard,48221.70
27,Sarah Thompson,sarah.thompson27@mail.com,CA,2022-06-23,Basic,32528.91
28,Joseph Taylor,joseph.taylor28@customer.net,UK,2020-10-12,Premium,3294.89
29,James Jackson,james.jackson29@mail.com,MX,2020-06-21,Premium,3642.55
30,Emma Johnson,emma.johnson30@mail.com,UK,2018-05-09,Standard,3635.78
31,Linda Rodriguez,linda.rodriguez31@customer.net,FR,2024-01-18,Premium,36195.29
32,Charles Jackson,charles.jackson32@customer.net,FR,2023-04-22,Standard,9601.45
33,Patricia Perez,patricia.perez33@customer.net,AU,2022-10-01,Standard,23404.53
34,Noah Johnson,noah.johnson34@example.com,US,2022-07-08,Basic,17031.20
35,Patricia Davis,patricia.davis35@mail.com,FR,2024-01-06,Standard,7095.10
36,Jennifer Rodriguez,jennifer.rodriguez36@customer.net,FR,2018-11-05,Standard,40420.30
37,Sarah Brown,sarah.brown37@example.com,BR,2018-03-02,Premium,46325.70
38,Linda Garcia,linda.garcia38@customer.net,JP,2023-05-26,Premium,43246.05
39,Mary Garcia,mary.garcia39@customer.net,US,2022-05-19,Standard,46333.24
40,Joseph Martinez,joseph.martinez40@customer.net,BR,2025-06-04,Basic,24384.90
41,Michael Martinez,michael.martinez41@mail.com,US,2024-06-30,Basic,27155.54
42,Noah Hernandez,noah.hernandez42@example.com,US,2024-07-20,Standard,25192.23
43,Thomas Garcia,thomas.garcia43@example.com,BR,2018-11-25,Premium,3519.21
44,John Perez,john.perez44@mail.com,IN,2019-05-07,Basic,12386.14
45,Karen Johnson,karen.johnson45@example.com,IN,2025-05-16,Basic,28304.82
46,David Rodriguez,david.rodriguez46@mail.com,AU,2020-09-04,Standard,19849.71
47,Oliver Lee,oliver.lee47@shop.io,JP,2021-07-19,Premium,564.84
48,Karen Jackson,karen.jackson48@example.com,UK,2024-01-12,Premium,25343.64
49,Robert Lopez,robert.lopez49@example.com,FR,2022-02-22,Standard,7971.57
50,Sarah Thompson,sarah.thompson50@shop.io,MX,2025-05-02,Basic,490.37
51,Sarah Martinez,sarah.martinez51@example.com,DE,2020-12-19,Premium,44496.66
52,Noah Moore,noah.moore52@mail.com,CA,2021-02-28,Basic,10610.42
53,David Miller,david.miller53@shop.io,BR,2023-06-25,Standard,45276.28
54,Mary Williams,mary.williams54@customer.net,CA,2018-06-30,Premium,16744.47
55,Robert Lee,robert.lee55@shop.io,DE,2022-12-15,Basic,35312.80
56,Sarah Smith,sarah.smith56@example.com,UK,2019-09-03,Basic,1897.80
57,Barbara Jackson,barbara.jackson57@mail.com,IN,2019-06-07,Premium,15482.09
58,Mary Lopez,mary.lopez58@mail.com,FR,2025-06-24,Premium,17748.56
59,Sarah Wilson,sarah.wilson59@mail.com,FR,2019-10-28,Premium,44082.66
60,James Garcia,james.garcia60@shop.io,IN,2020-10-13,Standard,8043.97
61,Ava Brown,ava.brown61@customer.net,US,2023-04-12,Premium,10058.68
62,Joseph Lopez,joseph.lopez62@shop.io,FR,2020-07-02,Premium,33035.65
63,Richard Hernandez,richard.hernandez63@shop.io,UK,2021-02-17,Standard,32109.93
64,Richard Perez,richard.perez64@shop.io,US,2019-04-18,Standard,9010.53
65,William Johnson,william.johnson65@example.com,MX,2022-11-15,Standard,36454.39
66,David Wilson,david.wilson66@example.com,IN,2024-06-19,Premium,12810.65
67,Ava Wilson,ava.wilson67@example.com,BR,2024-01-15,Basic,35999.55
68,Noah Perez,noah.perez68@mail.com,AU,2022-11-02,Premium,47448.83
69,David Martin,david.martin69@shop.io,UK,2021-05-15,Basic,15533.30
70,Susan Hernandez,susan.hernandez70@customer.net,CA,2024-03-20,Premium,9672.82
71,Oliver Gonzalez,oliver.gonzalez71@mail.com,MX,2024-05-20,Standard,20363.15
72,James Martinez,james.martinez72@shop.io,FR,2022-10-27,Basic,30372.41
73,David Anderson,david.anderson73@customer.net,JP,2020-05-25,Basic,23711.99
74,Noah Garcia,noah.garcia74@example.com,CA,2023-10-13,Basic,31683.74
75,David Williams,david.williams75@mail.com,CA,2020-07-09,Premium,7452.96
76,Mary Davis,mary.davis76@customer.net,MX,2018-10-26,Standard,20780.60
77,Emma Jackson,emma.jackson77@mail.com,IN,2023-07-18,Standard,12274.82
78,Emma Thompson,emma.thompson78@example.com,UK,2022-10-08,Premium,8876.74
79,Ava Taylor,ava.taylor79@customer.net,US,2024-04-02,Premium,45881.74
80,Patricia Anderson,patricia.anderson80@mail.com,JP,2025-06-27,Basic,49395.82
81,Karen Hernandez,karen.hernandez81@customer.net,MX,2023-08-30,Standard,41545.39
82,Sarah Anderson,sarah.anderson82@mail.com,JP,2023-01-18,Standard,37613.65
83,Emma Rodriguez,emma.rodriguez83@customer.net,FR,2021-01-29,Standard,3966.42
84,Elizabeth Davis,elizabeth.davis84@shop.io,AU,2021-08-02,Basic,4120.82
85,Robert Davis,robert.davis85@customer.net,DE,2020-05-26,Premium,20801.90
86,David Moore,david.moore86@customer.net,IN,2018-09-13,Premium,41661.26
87,Richard Jackson,richard.jackson87@example.com,MX,2022-04-08,Standard,394.21
88,Barbara Martinez,barbara.martinez88@customer.net,IN,2024-01-14,Basic,36758.23
89,Karen Davis,karen.davis89@customer.net,FR,2021-01-22,Standard,24333.53
90,Richard Hernandez,richard.hernandez90@customer.net,DE,2023-03-30,Premium,49038.02
91,Sarah Smith,sarah.smith91@customer.net,MX,2024-04-30,Basic,1452.39
92,Emma Wilson,emma.wilson92@mail.com,JP,2020-01-15,Premium,13081.80
93,David Miller,david.miller93@customer.net,AU,2021-10-14,Standard,13985.00
94,Susan Rodriguez,susan.rodriguez94@example.com,JP,2018-03-21,Basic,27017.01
95,Barbara Davis,barbara.davis95@example.com,US,2018-05-08,Premium,10048.10
96,James Martin,james.martin96@mail.com,FR,2019-06-02,Standard,33505.99
97,Charles Miller,charles.miller97@customer.net,CA,2022-02-19,Premium,30334.04
98,Noah Thompson,noah.thompson98@example.com,DE,2021-06-28,Premium,28976.36
99,Elizabeth Jackson,elizabeth.jackson99@customer.net,IN,2020-03-23,Premium,29645.68
100,Emma Davis,emma.davis100@example.com,CA,2024-09-25,Premium,39831.73
101,Charles Johnson,charles.johnson101@shop.io,BR,2022-10-21,Basic,18591.48
102,Thomas Lee,thomas.lee102@shop.io,US,2022-09-17,Standard,5366.39
103,Barbara Lee,barbara.lee103@customer.net,DE,2022-11-19,Premium,36716.38
104,Emma Rodriguez,emma.rodriguez104@customer.net,JP,2022-11-20,Basic,29664.48
105,David Davis,david.davis105@example.com,CA,2023-01-21,Premium,37548.76
106,Charles Martin,charles.martin106@customer.net,AU,2018-04-28,Standard,42562.54
107,Jennifer Thomas,jennifer.thomas107@mail.com,AU,2020-11-24,Standard,14054.96
108,Karen Thompson,karen.thompson108@shop.io,BR,2018-02-11,Basic,47408.31
109,John Davis,john.davis109@customer.net,JP,2024-03-24,Premium,34561.40
110,Emma Thompson,emma.thompson110@customer.net,JP,2018-03-12,Premium,14782.35
111,Richard Thompson,richard.thompson111@mail.com,CA,2025-06-12,Basic,18514.12
112,Sarah Taylor,sarah.taylor112@shop.io,IN,2024-03-04,Standard,17655.34
113,Joseph Rodriguez,joseph.rodriguez113@shop.io,CA,2020-08-02,Premium,36092.08
114,David Brown,david.brown114@mail.com,FR,2020-06-05,Basic,24261.50
115,Noah Jackson,noah.jackson115@shop.io,UK,2020-03-06,Standard,11451.41
116,Jennifer Martinez,jennifer.martinez116@example.com,BR,2019-06-03,Standard,2371.23
117,Mary Moore,mary.moore117@shop.io,DE,2025-02-25,Standard,5219.12
118,James Jackson,james.jackson118@shop.io,JP,2023-05-15,Standard,17101.22
119,Mary Rodriguez,mary.rodriguez119@customer.net,UK,2018-09-25,Standard,24638.15
120,Charles Lee,charles.lee120@example.com,DE,2019-09-04,Basic,47461.36
121,John Davis,john.davis121@example.com,BR,2022-09-01,Basic,29846.72
122,Karen Davis,karen.davis122@customer.net,JP,2022-12-19,Standard,43022.31
123,Susan Martinez,susan.martinez123@example.com,MX,2019-02-11,Premium,31313.19
124,William Perez,william.perez124@example.com,DE,2020-09-09,Premium,27644.41
125,Jennifer Smith,jennifer.smith125@customer.net,JP,2024-08-29,Standard,14633.84
126,Linda Martinez,linda.martinez126@shop.io,JP,2018-10-19,Basic,11747.85
127,William Lee,william.lee127@mail.com,IN,2019-04-16,Basic,11317.99
128,Robert Rodriguez,robert.rodriguez128@mail.com,UK,2018-09-02,Premium,39652.16
129,Karen Jackson,karen.jackson129@shop.io,JP,2019-05-25,Standard,34465.02
130,Ava Gonzalez,ava.gonzalez130@shop.io,BR,2024-01-21,Standard,21944.16
131,Karen Johnson,karen.johnson131@customer.net,AU,2024-10-08,Standard,1390.66
132,Linda Perez,linda.perez132@example.com,CA,2024-06-18,Premium,38179.13
133,Jennifer Thomas,jennifer.thomas133@customer.net,CA,2020-01-14,Basic,21850.66
134,Jessica Williams,jessica.williams134@customer.net,AU,2022-07-31,Standard,16120.80
135,Patricia Garcia,patricia.garcia135@shop.io,IN,2023-07-23,Standard,33162.91
136,Richard Moore,richard.moore136@example.com,JP,2018-12-27,Standard,12694.70
137,Patricia Gonzalez,patricia.gonzalez137@example.com,BR,2023-03-08,Standard,2804.78
138,Thomas Lopez,thomas.lopez138@customer.net,JP,2018-07-31,Premium,13426.10
139,Robert Martinez,robert.martinez139@customer.net,JP,2019-05-13,Premium,48660.02
140,Karen Davis,karen.davis140@mail.com,CA,2024-03-06,Premium,27657.34
141,John Davis,john.davis141@example.com,JP,2019-04-27,Basic,41623.94
142,Jessica Thompson,jessica.thompson142@shop.io,BR,2021-01-24,Standard,41752.72
143,Jessica Davis,jessica.davis143@customer.net,BR,2019-08-16,Standard,9611.46
144,Karen Taylor,karen.taylor144@mail.com,UK,2021-02-05,Standard,17059.77
145,Thomas Rodriguez,thomas.rodriguez145@example.com,CA,2021-05-07,Basic,29038.17
146,Oliver Thomas,oliver.thomas146@mail.com,JP,2024-01-16,Standard,17321.68
147,Sarah Moore,sarah.moore147@customer.net,JP,2021-08-11,Premium,49040.64
148,Linda Jackson,linda.jackson148@customer.net,FR,2022-08-10,Premium,15977.00
149,Jessica Thompson,jessica.thompson149@customer.net,IN,2025-06-11,Basic,49042.82
150,Jessica Johnson,jessica.johnson150@mail.com,BR,2024-08-14,Standard,43498.04
151,Joseph Brown,joseph.brown151@customer.net,US,2019-08-14,Standard,43559.55
152,Robert Williams,robert.williams152@customer.net,CA,2021-10-18,Basic,34665.95
153,Emma Williams,emma.williams153@shop.io,BR,2022-04-06,Standard,31377.27
154,Sophia Thomas,sophia.thomas154@example.com,MX,2018-10-08,Premium,31594.93
155,Elizabeth Davis,elizabeth.davis155@example.com,IN,2019-02-08,Basic,35224.15
156,Patricia Anderson,patricia.anderson156@mail.com,CA,2018-04-29,Premium,16286.29
157,Mary Martinez,mary.martinez157@shop.io,AU,2022-10-31,Premium,12285.45
158,Susan Jackson,susan.jackson158@mail.com,DE,2019-12-19,Premium,30513.63
159,Richard Martin,richard.martin159@mail.com,JP,2024-07-16,Premium,11686.20
160,Emma Rodriguez,emma.rodriguez160@customer.net,CA,2025-06-24,Premium,44955.53
161,Joseph Martinez,joseph.martinez161@mail.com,UK,2022-12-15,Standard,49383.81
162,Elizabeth Lee,elizabeth.lee162@customer.net,CA,2023-02-15,Standard,10040.93
163,Richard Thomas,richard.thomas163@example.com,FR,2022-04-12,Basic,18012.06
164,Elizabeth Thompson,elizabeth.thompson164@shop.io,US,2025-05-20,Standard,13796.57
165,Charles Perez,charles.perez165@example.com,MX,2023-07-28,Standard,38809.47
166,Linda Martin,linda.martin166@shop.io,FR,2025-02-20,Premium,31082.46
167,Oliver Perez,oliver.perez167@mail.com,UK,2025-01-14,Basic,2067.19
168,Joseph Johnson,joseph.johnson168@shop.io,DE,2019-01-05,Standard,16403.28
169,Susan Garcia,susan.garcia169@mail.com,DE,2024-01-19,Standard,26589.53
170,William Garcia,william.garcia170@shop.io,JP,2021-04-23,Basic,43532.80
171,Patricia Anderson,patricia.anderson171@example.com,DE,2020-07-13,Basic,36238.41
172,Richard Moore,richard.moore172@shop.io,UK,2022-06-05,Premium,13296.48
173,Patricia Anderson,patricia.anderson173@shop.io,CA,2024-07-22,Standard,41138.62
174,Barbara Brown,barbara.brown174@mail.com,JP,2018-04-13,Basic,44223.31
175,Sarah Hernandez,sarah.hernandez175@mail.com,UK,2025-02-15,Standard,45478.43
176,Elizabeth Lee,elizabeth.lee176@customer.net,UK,2019-07-27,Premium,47318.44
177,Elizabeth Thomas,elizabeth.thomas177@example.com,UK,2020-08-19,Basic,6869.63
178,Joseph Lopez,joseph.lopez178@customer.net,MX,2019-09-25,Standard,32780.60
179,Jessica Martin,jessica.martin179@customer.net,CA,2018-05-15,Basic,18589.44
180,Joseph Anderson,joseph.anderson180@mail.com,AU,2019-02-11,Basic,18430.01
181,Emma Lopez,emma.lopez181@example.com,IN,2021-02-04,Premium,48413.51
182,Joseph Williams,joseph.williams182@mail.com,MX,2018-03-29,Premium,39361.04
183,Linda Jones,linda.jones183@mail.com,UK,2024-03-20,Premium,29360.51
184,Linda Hernandez,linda.hernandez184@mail.com,MX,2018-01-12,Standard,42934.46
185,Robert Jones,robert.jones185@shop.io,DE,2019-03-27,Basic,43335.74
186,Robert Smith,robert.smith186@shop.io,FR,2024-08-08,Standard,887.48
187,William Johnson,william.johnson187@mail.com,IN,2023-11-25,Premium,37308.69
188,Jessica Anderson,jessica.anderson188@shop.io,BR,2024-08-28,Premium,22655.07
189,Linda Martin,linda.martin189@example.com,BR,2021-05-20,Standard,32202.69
190,James Johnson,james.johnson190@customer.net,IN,2022-10-13,Basic,5487.29
191,Ava Anderson,ava.anderson191@example.com,UK,2021-08-12,Basic,7501.86
192,Robert Rodriguez,robert.rodriguez192@shop.io,IN,2024-09-12,Basic,14815.39
193,Thomas Martin,thomas.martin193@customer.net,UK,2019-04-14,Basic,32580.74
194,Sophia Moore,sophia.moore194@mail.com,IN,2023-01-24,Premium,20749.29
195,Joseph Gonzalez,joseph.gonzalez195@customer.net,UK,2021-07-04,Standard,15694.92
196,William Lopez,william.lopez196@mail.com,JP,2018-10-02,Premium,41605.41
197,John Wilson,john.wilson197@example.com,AU,2019-06-17,Basic,3093.05
198,Sarah Moore,sarah.moore198@shop.io,UK,2022-08-10,Standard,43693.00
199,Sophia Wilson,sophia.wilson199@example.com,CA,2024-09-25,Standard,17647.14
200,Charles Taylor,charles.taylor200@mail.com,DE,2025-05-13,Standard,11289.82
201,Patricia Lopez,patricia.lopez201@shop.io,UK,2021-02-15,Basic,11385.34
202,Susan Moore,susan.moore202@example.com,MX,2025-05-18,Basic,13445.64
203,Jennifer Rodriguez,jennifer.rodriguez203@shop.io,AU,2021-12-08,Premium,9152.14
204,Robert Jackson,robert.jackson204@customer.net,UK,2019-08-05,Basic,31695.28
205,James Williams,james.williams205@mail.com,IN,2022-09-16,Standard,17110.71
206,Barbara Martinez,barbara.martinez206@shop.io,MX,2024-09-08,Premium,44178.77
207,Robert Garcia,robert.garcia207@example.com,UK,2021-01-19,Standard,33130.73
208,Jessica Martin,jessica.martin208@customer.net,IN,2021-01-23,Premium,37771.66
209,Patricia Lopez,patricia.lopez209@customer.net,UK,2021-03-06,Basic,33956.46
210,Jessica Taylor,jessica.taylor210@shop.io,US,2020-06-22,Standard,49223.83
211,Mary Smith,mary.smith211@mail.com,CA,2020-05-15,Premium,38231.62
212,Elizabeth Hernandez,elizabeth.hernandez212@example.com,US,2023-07-31,Basic,21589.68
213,Robert Gonzalez,robert.gonzalez213@mail.com,BR,2024-04-07,Basic,40329.38
214,John Gonzalez,john.gonzalez214@example.com,IN,2018-03-18,Standard,46066.00
215,David Jackson,david.jackson215@customer.net,MX,2022-07-15,Basic,32043.06
216,Elizabeth Brown,elizabeth.brown216@customer.net,US,2021-08-23,Premium,40085.97
217,Karen Anderson,karen.anderson217@shop.io,UK,2022-11-24,Premium,12241.49
218,Charles Gonzalez,charles.gonzalez218@example.com,IN,2021-06-24,Basic,17041.71
219,David Garcia,david.garcia219@example.com,BR,2025-02-06,Premium,26577.18
220,Michael Lopez,michael.lopez220@shop.io,DE,2020-08-25,Premium,7407.57
221,Michael Garcia,michael.garcia221@mail.com,UK,2019-12-27,Basic,24756.43
222,Sophia Jackson,sophia.jackson222@customer.net,MX,2025-03-18,Basic,49327.93
223,David Lee,david.lee223@shop.io,DE,2022-12-07,Premium,23499.16
224,Emma Martinez,emma.martinez224@shop.io,MX,2018-08-19,Standard,25416.11
225,Elizabeth Anderson,elizabeth.anderson225@customer.net,US,2018-08-22,Standard,41601.65
226,John Lee,john.lee226@example.com,MX,2024-08-30,Basic,19285.67
227,Charles Moore,charles.moore227@example.com,JP,2024-05-30,Basic,9493.15
228,Karen Thomas,karen.thomas228@mail.com,US,2023-01-20,Premium,40567.24
229,David Thompson,david.thompson229@example.com,BR,2025-03-31,Premium,2053.19
230,Ava Anderson,ava.anderson230@customer.net,BR,2023-11-12,Basic,8021.43
231,Barbara Martinez,barbara.martinez231@customer.net,IN,2021-10-17,Basic,29934.50
232,Emma Lee,emma.lee232@shop.io,UK,2021-09-12,Premium,27942.36
233,Richard Martinez,richard.martinez233@shop.io,MX,2019-09-08,Standard,4166.95
234,Oliver Jones,oliver.jones234@shop.io,CA,2025-05-11,Basic,33140.54
235,Robert Martin,robert.martin235@example.com,CA,2024-04-08,Standard,32210.31
236,David Jones,david.jones236@example.com,IN,2023-09-14,Standard,1009.70
237,Elizabeth Garcia,elizabeth.garcia237@mail.com,AU,2023-06-15,Premium,11404.50
238,Robert Jones,robert.jones238@example.com,CA,2019-02-19,Basic,38566.64
239,Noah Taylor,noah.taylor239@example.com,AU,2024-12-06,Premium,29902.59
240,Robert Garcia,robert.garcia240@mail.com,MX,2019-11-10,Basic,21939.90
241,Susan Lopez,susan.lopez241@mail.com,JP,2024-11-05,Standard,37644.31
242,Joseph Davis,joseph.davis242@mail.com,CA,2023-04-06,Premium,18455.26
243,Charles Anderson,charles.anderson243@customer.net,CA,2022-04-14,Basic,26420.24
244,Jennifer Miller,jennifer.miller244@mail.com,CA,2018-08-02,Basic,24081.47
245,Barbara Moore,barbara.moore245@example.com,BR,2019-05-26,Standard,4285.37
246,Jennifer Rodriguez,jennifer.rodriguez246@customer.net,BR,2019-08-27,Standard,4676.51
247,Linda Anderson,linda.anderson247@shop.io,US,2022-08-27,Premium,19883.05
248,Barbara Davis,barbara.davis248@customer.net,UK,2022-03-16,Premium,1506.56
249,Patricia Thompson,patricia.thompson249@shop.io,DE,2019-07-18,Premium,14415.28
250,Jessica Thompson,jessica.thompson250@mail.com,JP,2023-01-12,Basic,362.03
251,John Smith,john.smith251@shop.io,FR,2019-09-05,Basic,47017.27
252,Karen Taylor,karen.taylor252@customer.net,UK,2021-03-26,Premium,15127.44
253,Mary Davis,mary.davis253@customer.net,MX,2023-02-16,Premium,5631.81
254,Jessica Martin,jessica.martin254@example.com,BR,2024-06-13,Premium,35955.35
255,Elizabeth Wilson,elizabeth.wilson255@example.com,MX,2021-12-16,Premium,28576.11
256,Jennifer Perez,jennifer.perez256@example.com,BR,2022-01-17,Premium,47674.83
257,Sarah Taylor,sarah.taylor257@example.com,IN,2023-04-10,Premium,31819.97
258,Barbara Rodriguez,barbara.rodriguez258@example.com,AU,2018-10-04,Standard,12132.18
259,Oliver Lee,oliver.lee259@example.com,MX,2021-09-23,Premium,2312.35
260,Sarah Hernandez,sarah.hernandez260@mail.com,JP,2023-05-15,Basic,9195.67
261,Robert Williams,robert.williams261@customer.net,US,2021-04-16,Premium,2285.93
262,Michael Johnson,michael.johnson262@shop.io,CA,2023-10-13,Standard,49457.21
263,Sarah Thomas,sarah.thomas263@shop.io,US,2025-04-03,Premium,14376.93
264,Sophia Johnson,,CA,2019-05-25,Standard,21903.87
265,Richard Anderson,richard.anderson265@customer.net,AU,2020-02-05,Standard,34634.21
266,Barbara Taylor,barbara.taylor266@shop.io,UK,2022-10-05,Premium,21587.29
267,Jennifer Moore,jennifer.moore267@shop.io,AU,2019-02-25,Premium,16463.20
268,Elizabeth Martinez,elizabeth.martinez268@customer.net,MX,2022-10-12,Premium,34519.26
269,Barbara Anderson,barbara.anderson269@example.com,AU,2024-11-23,Standard,13800.31
270,Mary Williams,mary.williams270@customer.net,AU,2023-10-03,Basic,34002.58
271,James Jones,james.jones271@customer.net,US,2019-06-02,Premium,11876.17
272,Emma Lopez,emma.lopez272@shop.io,IN,2024-05-12,Premium,30294.23
273,Oliver Anderson,oliver.anderson273@shop.io,AU,2022-12-24,Premium,28738.69
274,Thomas Lopez,thomas.lopez274@customer.net,AU,2025-04-14,Standard,12555.62
275,Patricia Smith,patricia.smith275@mail.com,JP,2023-10-22,Standard,45685.76
276,Patricia Rodriguez,patricia.rodriguez276@shop.io,JP,2020-05-28,Basic,14350.28
277,Jessica Miller,jessica.miller277@example.com,DE,2018-10-31,Standard,8715.55
278,Ava Anderson,ava.anderson278@example.com,AU,2025-06-28,Standard,35506.06
279,Sarah Moore,sarah.moore279@shop.io,CA,2019-10-08,Basic,35507.23
280,Ava Lee,ava.lee280@mail.com,AU,2023-09-15,Premium,6155.99
281,Michael Jones,michael.jones281@mail.com,JP,2018-04-18,Standard,27745.66
282,Barbara Anderson,barbara.anderson282@mail.com,MX,2018-12-20,Premium,15533.60
283,Ava Thomas,ava.thomas283@customer.net,IN,2024-06-12,Premium,6353.81
284,David Lee,david.lee284@example.com,JP,2023-03-24,Basic,25916.26
285,Robert Moore,robert.moore285@mail.com,DE,2022-11-08,Basic,45544.53
286,Mary Brown,mary.brown286@mail.com,CA,2019-11-06,Premium,16200.77
287,Ava Davis,ava.davis287@shop.io,BR,2021-03-09,Premium,12605.20
288,Emma Moore,emma.moore288@shop.io,DE,2025-01-04,Standard,30759.96
289,John Taylor,john.taylor289@mail.com,MX,2024-07-06,Premium,8642.91
290,Karen Martin,karen.martin290@shop.io,MX,2018-06-18,Premium,4153.02
291,Emma Jackson,emma.jackson291@shop.io,FR,2024-06-01,Standard,30943.60
292,James Thomas,james.thomas292@shop.io,CA,2023-06-02,Premium,40253.93
293,Oliver Gonzalez,oliver.gonzalez293@shop.io,JP,2018-10-26,Basic,3089.66
294,Joseph Wilson,joseph.wilson294@customer.net,JP,2020-04-15,Standard,30372.34
295,David Thompson,david.thompson295@shop.io,AU,2022-06-22,Premium,38057.18
296,Thomas Moore,thomas.moore296@example.com,AU,2020-09-17,Standard,6213.84
297,Joseph Davis,joseph.davis297@mail.com,UK,2018-07-27,Standard,47274.70
298,Karen Wilson,karen.wilson298@mail.com,DE,2021-09-03,Basic,36084.30
299,Michael Garcia,michael.garcia299@customer.net,BR,2023-03-28,Standard,43965.87
300,Jessica Smith,jessica.smith300@example.com,IN,2023-09-02,Standard,48337.65
301,Michael Jackson,michael.jackson301@shop.io,US,2018-07-27,Standard,24795.22
302,Emma Perez,emma.perez302@customer.net,CA,2024-01-08,Premium,42373.89
303,Susan Jones,susan.jones303@shop.io,AU,2022-07-10,Standard,2357.60
304,Mary Jackson,mary.jackson304@mail.com,AU,2024-03-16,Standard,3769.23
305,Thomas Anderson,thomas.anderson305@shop.io,MX,2024-11-07,Premium,6520.30
306,Patricia Gonzalez,patricia.gonzalez306@shop.io,AU,2024-04-03,Standard,37772.75
307,Michael Martin,michael.martin307@customer.net,BR,2018-06-14,Premium,2041.81
308,Ava Hernandez,ava.hernandez308@customer.net,BR,2023-02-15,Premium,30352.39
309,Thomas Jones,thomas.jones309@shop.io,MX,2021-07-28,Premium,19708.43
310,Karen Martinez,karen.martinez310@shop.io,BR,2023-09-19,Basic,24543.34
311,Charles Martinez,charles.martinez311@customer.net,US,2022-02-17,Standard,33722.93
312,Susan Jackson,susan.jackson312@shop.io,US,2024-09-10,Standard,13349.97
313,Emma Jackson,emma.jackson313@mail.com,US,2024-07-18,Standard,8608.55
314,Emma Martin,emma.martin314@customer.net,DE,2020-09-19,Premium,28671.25
315,Ava Brown,ava.brown315@mail.com,US,2022-12-12,Standard,20997.13
316,Susan Thompson,susan.thompson316@mail.com,IN,2023-08-18,Basic,46033.99
317,Noah Johnson,noah.johnson317@mail.com,BR,2020-04-29,Basic,16319.97
318,Oliver Thomas,oliver.thomas318@customer.net,AU,2019-12-11,Standard,45614.99
319,David Moore,david.moore319@shop.io,CA,2024-11-03,Standard,9693.98
320,Linda Rodriguez,linda.rodriguez320@shop.io,FR,2021-05-04,Standard,35274.55
321,Ava Thompson,ava.thompson321@customer.net,AU,2023-05-20,Standard,28068.33
322,Noah Rodriguez,noah.rodriguez322@shop.io,UK,2024-06-06,Basic,27205.22
323,Richard Lopez,richard.lopez323@mail.com,CA,2018-06-22,Standard,47770.14
324,John Lopez,john.lopez324@customer.net,CA,2023-05-17,Premium,10183.19
325,Sarah Rodriguez,sarah.rodriguez325@shop.io,DE,2019-03-24,Basic,37070.45
326,Linda Davis,linda.davis326@example.com,BR,2020-07-13,Basic,11718.54
327,Patricia Wilson,patricia.wilson327@shop.io,JP,2019-02-16,Basic,38561.22
328,James Moore,james.moore328@mail.com,IN,2025-04-28,Standard,23924.68
329,Michael Martinez,michael.martinez329@shop.io,CA,2025-03-30,Premium,45406.05
330,John Lee,john.lee330@mail.com,BR,2018-06-02,Premium,20952.46
331,Jennifer Johnson,jennifer.johnson331@customer.net,JP,2020-02-03,Basic,48110.35
332,Elizabeth Johnson,elizabeth.johnson332@example.com,CA,2024-05-15,Basic,5454.30
333,David Martinez,david.martinez333@customer.net,BR,2023-11-18,Standard,44474.06
334,Robert Taylor,robert.taylor334@customer.net,CA,2020-02-29,Premium,16601.13
335,Noah Anderson,noah.anderson335@shop.io,DE,2018-02-27,Basic,16921.89
336,Elizabeth Jackson,elizabeth.jackson336@mail.com,DE,2024-11-07,Basic,44862.42
337,Susan Taylor,susan.taylor337@shop.io,UK,2022-06-30,Basic,4859.72
338,Robert Thomas,robert.thomas338@shop.io,FR,2018-01-28,Standard,19240.36
339,Joseph Rodriguez,joseph.rodriguez339@shop.io,CA,2024-07-13,Basic,28686.57
340,William Lee,william.lee340@shop.io,FR,2018-09-12,Basic,5999.42
341,Elizabeth Garcia,elizabeth.garcia341@customer.net,BR,2021-06-27,Basic,5959.04
342,Elizabeth Lopez,elizabeth.lopez342@mail.com,FR,2019-07-02,Standard,7743.96
343,Noah Martin,noah.martin343@shop.io,IN,2024-02-28,Standard,37891.78
344,Oliver Miller,oliver.miller344@mail.com,MX,2018-12-02,Basic,22392.72
345,Ava Lopez,ava.lopez345@example.com,MX,2019-04-05,Premium,41455.82
346,Thomas Miller,thomas.miller346@mail.com,DE,2021-09-05,Basic,22147.84
347,Oliver Miller,oliver.miller347@customer.net,UK,2023-09-22,Standard,40453.73
348,Joseph Jones,joseph.jones348@customer.net,JP,2024-04-28,Premium,27983.97
349,Oliver Martinez,oliver.martinez349@example.com,IN,2020-11-08,Premium,37315.64
350,Charles Williams,charles.williams350@example.com,IN,2021-11-12,Basic,3281.62
351,Mary Williams,mary.williams351@customer.net,US,2021-03-21,Standard,9081.07
352,Robert Lee,robert.lee352@customer.net,AU,2022-04-16,Standard,43494.04
353,Richard Gonzalez,richard.gonzalez353@example.com,BR,2019-06-29,Basic,43028.29
354,Patricia Garcia,patricia.garcia354@customer.net,BR,2019-06-06,Basic,48938.34
355,James Smith,james.smith355@shop.io,JP,2024-02-09,Standard,26643.48
356,Linda Davis,linda.davis356@customer.net,AU,2019-09-28,Standard,9505.17
357,Noah Brown,noah.brown357@example.com,IN,2024-11-23,Premium,12109.25
358,John Brown,john.brown358@example.com,JP,2024-09-14,Basic,35193.98
359,Mary Davis,mary.davis359@example.com,IN,2022-12-03,Premium,27034.01
360,Sophia Johnson,sophia.johnson360@mail.com,BR,2021-03-30,Premium,40807.73
361,Noah Jackson,noah.jackson361@shop.io,MX,2024-09-15,Basic,40937.28
362,Linda Martinez,linda.martinez362@mail.com,BR,2020-06-24,Standard,15094.99
363,Mary Moore,mary.moore363@mail.com,IN,2024-03-26,Standard,2439.52
364,Barbara Lee,barbara.lee364@customer.net,BR,2021-07-29,Basic,20874.60
365,Robert Martinez,robert.martinez365@customer.net,DE,2024-01-13,Standard,12124.31
366,Linda Martinez,linda.martinez366@mail.com,JP,2018-08-25,Basic,20692.60
367,Susan Moore,susan.moore367@mail.com,IN,2020-09-21,Standard,10246.50
368,Emma Williams,emma.williams368@customer.net,AU,2019-01-14,Basic,36256.77
369,Michael Johnson,michael.johnson369@shop.io,IN,2024-10-13,Basic,2073.42
370,John Miller,john.miller370@mail.com,JP,2020-05-05,Standard,15229.08
371,James Miller,james.miller371@mail.com,UK,2023-05-16,Premium,34811.74
372,Ava Miller,ava.miller372@customer.net,FR,2024-03-11,Standard,38798.13
373,Richard Anderson,richard.anderson373@shop.io,CA,2020-12-07,Standard,25689.54
374,Jessica Anderson,jessica.anderson374@example.com,JP,2021-08-04,Premium,18598.17
375,Susan Johnson,susan.johnson375@mail.com,DE,2018-03-08,Standard,27710.24
376,Charles Jackson,charles.jackson376@customer.net,CA,2019-09-17,Premium,16560.27
377,Richard Jackson,richard.jackson377@mail.com,JP,2024-03-05,Basic,47178.87
378,David Rodriguez,david.rodriguez378@customer.net,JP,2023-03-03,Premium,36665.33
379,Barbara Garcia,barbara.garcia379@mail.com,BR,2023-06-24,Premium,45853.27
380,Sarah Lee,sarah.lee380@example.com,BR,2018-05-19,Premium,47264.88
381,Oliver Johnson,oliver.johnson381@example.com,IN,2019-07-18,Basic,11648.52
382,Ava Jones,ava.jones382@example.com,FR,2023-09-03,Standard,18722.71
383,Karen Lee,karen.lee383@customer.net,JP,2018-03-06,Premium,26657.40
384,Susan Smith,susan.smith384@example.com,BR,2021-01-30,Basic,48876.21
385,James Taylor,james.taylor385@customer.net,DE,2019-03-15,Premium,26266.83
386,Linda Miller,linda.miller386@shop.io,AU,2020-12-30,Standard,4043.06
387,Richard Anderson,richard.anderson387@mail.com,FR,2021-05-13,Basic,41420.29
388,John Lee,john.lee388@example.com,UK,2022-07-19,Standard,18920.76
389,Jessica Johnson,jessica.johnson389@example.com,DE,2018-12-05,Standard,42281.95
390,Emma Hernandez,emma.hernandez390@example.com,BR,2018-06-24,Premium,10649.71
391,Ava Jackson,ava.jackson391@customer.net,CA,2018-07-10,Premium,34252.99
392,William Moore,william.moore392@example.com,DE,2021-07-12,Premium,48077.30
393,Charles Jones,charles.jones393@customer.net,UK,2021-05-10,Premium,28241.51
394,Charles Gonzalez,charles.gonzalez394@shop.io,IN,2019-07-28,Basic,36235.75
395,Thomas Lopez,thomas.lopez395@example.com,UK,2022-11-26,Premium,41949.86
396,David Martin,david.martin396@customer.net,AU,2018-05-02,Basic,13739.02
397,Joseph Thomas,joseph.thomas397@mail.com,AU,2024-03-15,Standard,21649.21
398,Oliver Jackson,oliver.jackson398@customer.net,UK,2024-12-08,Standard,39922.95
399,Ava Williams,ava.williams399@example.com,CA,2019-09-24,Standard,35612.68
400,Emma Jones,emma.jones400@customer.net,AU,2022-01-17,Premium,4666.87
401,Elizabeth Anderson,elizabeth.anderson401@shop.io,CA,2019-02-23,Premium,4456.13
402,Susan Anderson,susan.anderson402@customer.net,UK,2018-04-18,Premium,17760.32
403,John Martin,john.martin403@shop.io,IN,2018-02-20,Standard,20749.12
404,Sophia Williams,sophia.williams404@mail.com,MX,2023-11-05,Premium,34297.26
405,Jennifer Jones,jennifer.jones405@shop.io,CA,2021-01-04,Standard,7382.15
406,Jennifer Wilson,jennifer.wilson406@shop.io,IN,2021-05-12,Standard,39155.06
407,Barbara Rodriguez,barbara.rodriguez407@mail.com,JP,2024-08-29,Basic,9857.85
408,Patricia Jones,patricia.jones408@shop.io,US,2022-06-09,Standard,42096.50
409,Richard Hernandez,richard.hernandez409@customer.net,AU,2022-10-30,Basic,48713.84
410,Robert Martinez,robert.martinez410@shop.io,MX,2020-04-02,Standard,15777.74
411,Richard Hernandez,richard.hernandez411@shop.io,JP,2024-06-16,Premium,16361.72
412,William Gonzalez,william.gonzalez412@shop.io,UK,2024-04-28,Premium,29652.12
413,Sarah Garcia,sarah.garcia413@example.com,JP,2020-05-08,Standard,39904.50
414,Ava Williams,ava.williams414@customer.net,JP,2019-07-25,Basic,15211.35
415,William Perez,william.perez415@mail.com,IN,2022-03-25,Premium,22508.42
416,Karen Thomas,karen.thomas416@customer.net,BR,2023-09-07,Basic,20973.20
417,Mary Lopez,mary.lopez417@example.com,UK,2020-10-13,Basic,33268.22
418,Jennifer Lee,jennifer.lee418@example.com,MX,2025-03-27,Basic,32372.50
419,Sophia Hernandez,sophia.hernandez419@customer.net,UK,2018-02-13,Premium,13011.04
420,Thomas Taylor,thomas.taylor420@mail.com,JP,2022-03-13,Standard,23206.85
421,Oliver Jackson,oliver.jackson421@mail.com,AU,2018-04-11,Standard,5317.01
422,Susan Williams,susan.williams422@example.com,DE,2021-11-27,Standard,17219.02
423,Michael Taylor,michael.taylor423@customer.net,AU,2023-05-05,Premium,21964.48
424,Ava Anderson,ava.anderson424@shop.io,UK,2021-05-14,Premium,40528.27
425,Patricia Smith,patricia.smith425@shop.io,UK,2019-11-05,Basic,12271.25
426,Jennifer Moore,jennifer.moore426@mail.com,AU,2024-04-12,Standard,47927.28
427,Linda Gonzalez,linda.gonzalez427@mail.com,DE,2025-03-08,Basic,21663.50
428,James Martin,james.martin428@mail.com,JP,2024-08-22,Standard,19502.90
429,Ava Miller,ava.miller429@mail.com,CA,2018-09-14,Basic,5177.43
430,Sarah Garcia,sarah.garcia430@shop.io,AU,2020-03-18,Standard,5786.35
431,Oliver Thomas,oliver.thomas431@shop.io,MX,2022-05-11,Basic,19687.94
432,Patricia Lopez,patricia.lopez432@shop.io,JP,2024-12-03,Premium,40705.53
433,Ava Martinez,ava.martinez433@example.com,DE,2021-07-06,Premium,12004.78
434,Patricia Garcia,patricia.garcia434@shop.io,DE,2023-09-24,Standard,20970.13
435,Robert Jackson,robert.jackson435@customer.net,IN,2020-01-31,Standard,31811.53
436,Ava Lee,ava.lee436@mail.com,BR,2019-11-15,Standard,14512.85
437,Jennifer Hernandez,jennifer.hernandez437@customer.net,MX,2018-08-08,Standard,47596.90
438,Jessica Jones,jessica.jones438@mail.com,IN,2024-04-19,Basic,32688.17
439,Susan Perez,susan.perez439@customer.net,IN,2022-12-24,Standard,8445.95
440,Charles Smith,charles.smith440@mail.com,CA,2018-05-14,Standard,11319.68
441,Elizabeth Garcia,elizabeth.garcia441@customer.net,MX,2023-07-22,Basic,25589.21
442,Charles Brown,charles.brown442@shop.io,BR,2022-02-11,Basic,41148.28
443,Mary Anderson,mary.anderson443@mail.com,IN,2019-02-24,Basic,41520.52
444,Sophia Davis,sophia.davis444@shop.io,US,2023-01-17,Standard,17493.99
445,John Anderson,john.anderson445@example.com,FR,2020-05-09,Basic,29437.40
446,Barbara Thompson,barbara.thompson446@customer.net,DE,2024-11-28,Premium,39263.97
447,Michael Johnson,michael.johnson447@shop.io,BR,2021-02-25,Basic,26984.55
448,David Thompson,david.thompson448@shop.io,CA,2024-06-03,Standard,47624.62
449,Thomas Perez,thomas.perez449@example.com,DE,2022-08-13,Premium,49625.05
450,Emma Jones,emma.jones450@mail.com,FR,2019-08-23,Basic,16172.62
451,Linda Perez,linda.perez451@customer.net,JP,2019-08-06,Basic,31656.85
452,Emma Wilson,emma.wilson452@customer.net,JP,2018-11-06,Basic,39750.46
453,Sophia Williams,sophia.williams453@customer.net,BR,2021-02-13,Basic,46823.16
454,Barbara Anderson,barbara.anderson454@customer.net,AU,2024-07-11,Premium,43458.49
455,Noah Williams,noah.williams455@customer.net,AU,2018-09-17,Basic,19946.02
456,Susan Miller,susan.miller456@customer.net,CA,2021-08-15,Standard,16953.98
457,Charles Jones,charles.jones457@customer.net,AU,2018-07-18,Premium,5068.78
458,Joseph Smith,joseph.smith458@example.com,DE,2022-12-13,Standard,133.73
459,Susan Miller,susan.miller459@mail.com,CA,2019-10-14,Standard,4757.66
460,Barbara Rodriguez,barbara.rodriguez460@example.com,AU,2025-06-14,Basic,8359.70
461,Richard Lee,richard.lee461@shop.io,FR,2022-10-25,Basic,4650.84
462,Patricia Smith,patricia.smith462@mail.com,JP,2018-11-16,Premium,29724.60
463,Thomas Perez,thomas.perez463@customer.net,US,2018-02-03,Basic,17244.35
464,Patricia Wilson,patricia.wilson464@mail.com,JP,2018-10-18,Premium,19215.19
465,Noah Brown,noah.brown465@example.com,AU,2022-02-14,Standard,6942.75
466,Sophia Jones,sophia.jones466@mail.com,UK,2023-12-13,Basic,522.89
467,Emma Garcia,emma.garcia467@customer.net,AU,2020-05-22,Basic,37438.61
468,Susan Martin,susan.martin468@customer.net,FR,2018-12-22,Premium,7086.65
469,Patricia Jackson,patricia.jackson469@customer.net,AU,2022-10-25,Standard,39574.72
470,Linda Rodriguez,linda.rodriguez470@example.com,FR,2024-03-16,Basic,30040.39
471,Karen Martinez,karen.martinez471@example.com,CA,2020-04-21,Basic,30385.64
472,Michael Gonzalez,michael.gonzalez472@shop.io,US,2020-09-07,Standard,19355.69
473,Linda Thomas,linda.thomas473@example.com,BR,2018-02-19,Standard,46702.82
474,Robert Gonzalez,robert.gonzalez474@customer.net,AU,2024-02-16,Basic,8721.24
475,Jessica Williams,jessica.williams475@example.com,MX,2018-10-04,Premium,13183.04
476,Mary Johnson,mary.johnson476@customer.net,BR,2021-03-19,Basic,35660.18
477,Sophia Wilson,sophia.wilson477@customer.net,IN,2018-12-04,Basic,26874.58
478,Karen Jones,karen.jones478@shop.io,UK,2021-06-23,Premium,25614.10
479,Michael Jones,michael.jones479@shop.io,IN,2024-07-30,Basic,38184.88
480,Emma Perez,emma.perez480@example.com,CA,2022-11-27,Basic,47676.05
481,Linda Johnson,linda.johnson481@mail.com,UK,2022-11-15,Premium,22723.25
482,Karen Johnson,karen.johnson482@shop.io,DE,2019-05-05,Premium,35424.23
483,Ava Smith,ava.smith483@mail.com,JP,2021-11-21,Basic,25909.41
484,Noah Rodriguez,noah.rodriguez484@mail.com,AU,2019-06-04,Basic,39078.08
485,William Brown,william.brown485@example.com,AU,2022-10-25,Standard,26240.32
486,William Thompson,william.thompson486@example.com,JP,2023-02-08,Basic,18070.18
487,Jessica Jackson,jessica.jackson487@mail.com,AU,2019-10-07,Standard,38689.11
488,Charles Perez,charles.perez488@example.com,FR,2023-09-16,Premium,2297.49
489,James Davis,james.davis489@example.com,JP,2022-01-30,Standard,46019.30
490,Jennifer Johnson,jennifer.johnson490@customer.net,FR,2021-08-11,Premium,20871.20
491,Noah Hernandez,noah.hernandez491@shop.io,UK,2024-05-30,Standard,6058.11
492,Oliver Johnson,oliver.johnson492@mail.com,FR,2023-10-14,Premium,47708.55
493,John Anderson,john.anderson493@shop.io,CA,2021-09-02,Premium,27699.26
494,James Lopez,james.lopez494@mail.com,CA,2024-04-28,Standard,37004.83
495,Linda Anderson,linda.anderson495@shop.io,MX,2023-07-14,Premium,36649.91
496,Sarah Davis,sarah.davis496@mail.com,US,2022-08-07,Premium,11726.58
497,Barbara Lee,barbara.lee497@example.com,AU,2018-01-06,Basic,18876.11
498,Noah Martinez,noah.martinez498@example.com,FR,2023-12-11,Premium,21048.81
499,Mary Jones,mary.jones499@shop.io,UK,2018-06-29,Premium,44874.64
500,Thomas Wilson,thomas.wilson500@shop.io,JP,2018-12-14,Basic,4869.29
501,Robert Lee,,UK,2024-08-21,Basic,3207.91
502,Oliver Jones,oliver.jones502@mail.com,CA,2020-12-05,Standard,46309.48
503,Richard Thompson,richard.thompson503@shop.io,AU,2023-01-29,Standard,11757.20
504,Michael Jones,michael.jones504@example.com,DE,2019-03-09,Premium,22533.38
505,David Wilson,david.wilson505@example.com,BR,2022-01-07,Premium,22650.66
506,Joseph Rodriguez,joseph.rodriguez506@example.com,UK,2019-10-08,Basic,15280.32
507,Ava Thompson,ava.thompson507@example.com,FR,2021-09-04,Premium,4651.52
508,Linda Lopez,linda.lopez508@customer.net,BR,2018-07-20,Basic,15012.15
509,Jennifer Smith,jennifer.smith509@customer.net,JP,2024-03-27,Basic,27551.03
510,Patricia Anderson,patricia.anderson510@example.com,DE,2019-05-13,Premium,3177.29
511,Sophia Davis,sophia.davis511@mail.com,FR,2022-06-29,Standard,34345.63
512,Emma Williams,emma.williams512@shop.io,UK,2018-03-31,Premium,9967.74
513,Emma Anderson,emma.anderson513@mail.com,UK,2021-09-20,Premium,2230.55
514,Joseph Johnson,joseph.johnson514@mail.com,MX,2022-11-10,Basic,19810.43
515,James Gonzalez,james.gonzalez515@customer.net,DE,2021-12-20,Premium,45424.37
516,William Rodriguez,william.rodriguez516@customer.net,DE,2018-05-22,Basic,30996.90
517,Linda Lee,linda.lee517@shop.io,JP,2022-08-15,Basic,24003.64
518,John Rodriguez,john.rodriguez518@customer.net,DE,2022-09-14,Premium,32168.35
519,Thomas Davis,thomas.davis519@example.com,IN,2022-01-10,Standard,27271.43
520,Jessica Lopez,jessica.lopez520@shop.io,IN,2021-01-12,Premium,1400.54
521,Karen Davis,karen.davis521@example.com,CA,2018-08-28,Standard,26518.67
522,Sophia Jackson,sophia.jackson522@mail.com,DE,2019-02-15,Premium,32877.53
523,William Moore,william.moore523@example.com,FR,2024-06-16,Standard,17804.75
524,Jennifer Garcia,jennifer.garcia524@mail.com,MX,2021-07-26,Basic,34911.56
525,Charles Smith,charles.smith525@shop.io,MX,2024-04-27,Premium,28199.13
526,Michael Thomas,michael.thomas526@shop.io,DE,2023-07-02,Premium,4603.84
527,Linda Martin,linda.martin527@mail.com,US,2023-11-27,Standard,134.11
528,Karen Miller,karen.miller528@mail.com,AU,2019-12-28,Standard,3071.84
529,Robert Jackson,robert.jackson529@mail.com,UK,2023-11-26,Standard,48031.87
530,Barbara Thompson,barbara.thompson530@customer.net,MX,2019-02-18,Standard,15158.08
531,Robert Garcia,robert.garcia531@customer.net,JP,2025-04-13,Standard,8792.71
532,Sarah Thompson,sarah.thompson532@shop.io,FR,2025-06-19,Basic,40741.26
533,Richard Martinez,richard.martinez533@shop.io,DE,2019-12-29,Basic,189.72
534,Ava Jackson,ava.jackson534@customer.net,MX,2018-05-13,Premium,30159.19
535,Karen Davis,karen.davis535@example.com,JP,2019-07-31,Standard,37292.62
536,Linda Lopez,linda.lopez536@shop.io,DE,2025-02-18,Premium,41100.92
537,Oliver Lee,oliver.lee537@shop.io,JP,2018-02-16,Standard,10563.24
538,Ava Williams,ava.williams538@shop.io,CA,2019-03-19,Basic,163.93
539,Richard Anderson,richard.anderson539@customer.net,DE,2022-08-23,Standard,44100.35
540,Barbara Moore,barbara.moore540@customer.net,UK,2023-05-18,Basic,32583.37
541,Oliver Davis,oliver.davis541@mail.com,JP,2018-10-29,Premium,14815.94
542,David Rodriguez,david.rodriguez542@example.com,UK,2021-11-01,Premium,44407.76
543,Jennifer Williams,jennifer.williams543@example.com,AU,2024-08-30,Basic,44671.98
544,Ava Smith,ava.smith544@customer.net,DE,2024-10-23,Standard,7939.48
545,Patricia Hernandez,patricia.hernandez545@mail.com,FR,2022-08-04,Basic,27750.20
546,Noah Moore,noah.moore546@shop.io,CA,2021-05-03,Premium,4886.20
547,Richard Jackson,richard.jackson547@customer.net,DE,2018-08-12,Standard,290.40
548,John Martinez,john.martinez548@customer.net,FR,2019-02-02,Premium,10426.95
549,Emma Martinez,emma.martinez549@example.com,JP,2019-04-19,Standard,39265.33
550,Jessica Thomas,jessica.thomas550@shop.io,UK,2025-03-14,Basic,19437.60
551,Barbara Gonzalez,barbara.gonzalez551@shop.io,DE,2022-12-31,Premium,13238.47
552,Joseph Rodriguez,joseph.rodriguez552@mail.com,CA,2024-04-30,Premium,7641.42
553,Ava Perez,ava.perez553@example.com,UK,2025-06-29,Standard,40428.18
554,Susan Jackson,susan.jackson554@mail.com,BR,2018-09-07,Standard,40938.41
555,Susan Moore,susan.moore555@customer.net,MX,2020-08-23,Standard,15012.72
556,Richard Thompson,richard.thompson556@example.com,BR,2024-05-28,Basic,40042.46
557,Oliver Martin,oliver.martin557@mail.com,UK,2023-01-14,Premium,47458.16
558,Jennifer Miller,jennifer.miller558@mail.com,DE,2018-06-24,Standard,4010.59
559,Oliver Wilson,oliver.wilson559@mail.com,DE,2024-09-03,Standard,16055.50
560,Noah Williams,noah.williams560@example.com,IN,2024-03-28,Standard,27647.50
561,William Taylor,william.taylor561@customer.net,US,2024-12-27,Basic,26175.84
562,Susan Brown,susan.brown562@customer.net,DE,2019-08-31,Basic,29437.91
563,Sophia Brown,sophia.brown563@example.com,MX,2019-02-18,Standard,43387.01
564,Barbara Wilson,barbara.wilson564@shop.io,IN,2025-05-06,Standard,28643.95
565,Jessica Johnson,jessica.johnson565@mail.com,CA,2022-07-09,Premium,30950.39
566,Oliver Thompson,oliver.thompson566@customer.net,US,2022-06-10,Standard,34556.63
567,Mary Thomas,mary.thomas567@shop.io,AU,2018-03-24,Standard,40887.55
568,Elizabeth Martinez,elizabeth.martinez568@shop.io,JP,2019-02-07,Premium,6805.84
569,Noah Anderson,noah.anderson569@shop.io,CA,2022-09-04,Basic,32313.18
570,Michael Anderson,michael.anderson570@mail.com,IN,2023-06-08,Basic,43372.72
571,Mary Taylor,mary.taylor571@mail.com,UK,2021-06-28,Basic,25389.08
572,Robert Taylor,,DE,2020-02-29,Premium,41865.13
573,Linda Johnson,linda.johnson573@customer.net,US,2022-01-16,Basic,10035.58
574,Barbara Anderson,barbara.anderson574@customer.net,UK,2018-05-06,Premium,18686.09
575,Karen Anderson,karen.anderson575@mail.com,JP,2024-07-31,Basic,17553.02
576,Jennifer Rodriguez,jennifer.rodriguez576@example.com,CA,2018-04-23,Standard,2577.59
577,Charles Miller,charles.miller577@mail.com,FR,2020-04-26,Standard,32614.20
578,Thomas Smith,thomas.smith578@example.com,JP,2019-06-26,Basic,8742.71
579,James Davis,james.davis579@shop.io,MX,2021-06-05,Basic,48354.51
580,Emma Rodriguez,emma.rodriguez580@customer.net,IN,2021-11-29,Standard,12674.73
581,Joseph Martinez,joseph.martinez581@customer.net,MX,2019-02-24,Premium,25624.53
582,Oliver Lopez,oliver.lopez582@shop.io,CA,2019-03-19,Standard,3285.47
583,William Lee,william.lee583@shop.io,CA,2020-12-05,Basic,35583.57
584,Emma Martinez,emma.martinez584@mail.com,DE,2023-10-20,Premium,44994.37
585,Karen Gonzalez,karen.gonzalez585@shop.io,DE,2018-04-15,Basic,24918.90
586,Elizabeth Rodriguez,elizabeth.rodriguez586@customer.net,IN,2022-05-10,Basic,1862.42
587,Ava Jackson,ava.jackson587@mail.com,AU,2020-06-29,Basic,26778.29
588,Jessica Perez,jessica.perez588@shop.io,BR,2021-05-14,Premium,42047.86
589,Sarah Garcia,sarah.garcia589@shop.io,UK,2023-04-13,Premium,37071.85
590,Noah Moore,noah.moore590@mail.com,AU,2025-05-04,Premium,11190.45
591,Linda Martinez,linda.martinez591@customer.net,AU,2022-03-03,Standard,29319.97
592,Joseph Brown,joseph.brown592@customer.net,US,2025-02-11,Basic,29057.62
593,Karen Williams,karen.williams593@customer.net,FR,2023-08-12,Premium,43388.13
594,Richard Taylor,richard.taylor594@shop.io,IN,2018-08-10,Premium,6954.53
595,Michael Hernandez,michael.hernandez595@customer.net,MX,2023-02-18,Premium,15887.53
596,Ava Garcia,ava.garcia596@example.com,JP,2021-09-24,Basic,49333.34
597,David Lee,david.lee597@example.com,US,2023-01-26,Standard,10548.18
598,Sophia Garcia,sophia.garcia598@mail.com,JP,2018-12-27,Premium,30762.53
599,Emma Wilson,emma.wilson599@customer.net,IN,2023-05-10,Standard,332.99
600,Sarah Miller,sarah.miller600@shop.io,US,2021-08-12,Basic,9609.78
601,Oliver Smith,oliver.smith601@mail.com,FR,2021-11-11,Standard,6533.65
602,Richard Taylor,richard.taylor602@shop.io,DE,2018-09-25,Premium,14980.29
603,Elizabeth Anderson,elizabeth.anderson603@shop.io,IN,2019-07-03,Standard,49807.32
604,Jessica Lopez,jessica.lopez604@mail.com,DE,2022-07-11,Premium,11498.07
605,Noah Jones,noah.jones605@mail.com,US,2024-08-12,Basic,8532.34
606,Barbara Thompson,barbara.thompson606@example.com,IN,2025-03-07,Standard,38585.35
607,Karen Johnson,karen.johnson607@example.com,UK,2025-05-01,Premium,2506.93
608,Patricia Wilson,patricia.wilson608@customer.net,IN,2019-05-22,Basic,12711.64
609,Ava Jones,ava.jones609@mail.com,US,2021-05-18,Standard,33117.06
610,Oliver Taylor,oliver.taylor610@shop.io,MX,2024-10-16,Basic,6944.46
611,Patricia Taylor,patricia.taylor611@example.com,CA,2019-04-12,Premium,24937.17
612,Karen Miller,karen.miller612@shop.io,BR,2020-04-06,Standard,35201.49
613,Elizabeth Garcia,elizabeth.garcia613@example.com,BR,2023-07-27,Premium,34441.37
614,Jessica Hernandez,jessica.hernandez614@mail.com,US,2018-02-22,Basic,4541.24
615,Patricia Jackson,patricia.jackson615@customer.net,DE,2019-01-04,Basic,3844.91
616,Noah Brown,noah.brown616@shop.io,FR,2023-02-14,Standard,13279.84
617,Mary Brown,mary.brown617@mail.com,US,2021-04-05,Standard,40099.64
618,David Wilson,david.wilson618@example.com,UK,2018-07-07,Premium,42614.73
619,Oliver Lee,oliver.lee619@mail.com,AU,2022-01-04,Standard,47758.94
620,William Williams,william.williams620@shop.io,AU,2020-01-20,Premium,20098.79
621,Joseph Rodriguez,joseph.rodriguez621@customer.net,JP,2022-09-24,Basic,44317.57
622,Jennifer Brown,jennifer.brown622@mail.com,US,2019-10-15,Premium,20859.78
623,Charles Thomas,charles.thomas623@customer.net,DE,2024-11-08,Standard,38980.29
624,Karen Smith,karen.smith624@mail.com,JP,2023-06-23,Premium,44390.93
625,Joseph Johnson,joseph.johnson625@example.com,CA,2025-05-06,Standard,716.77
626,Oliver Taylor,oliver.taylor626@mail.com,AU,2023-10-28,Basic,34443.25
627,Karen Brown,karen.brown627@customer.net,FR,2023-05-28,Standard,33219.15
628,Emma Gonzalez,emma.gonzalez628@mail.com,BR,2024-11-15,Premium,681.08
629,Jennifer Taylor,jennifer.taylor629@customer.net,JP,2019-11-09,Premium,37596.35
630,David Davis,david.davis630@shop.io,CA,2018-07-26,Basic,11213.05
631,Emma Gonzalez,emma.gonzalez631@customer.net,FR,2018-11-19,Standard,22265.02
632,Charles Anderson,charles.anderson632@example.com,JP,2023-01-06,Standard,6023.47
633,Jessica Lee,jessica.lee633@example.com,UK,2022-07-11,Standard,1888.01
634,Sarah Smith,sarah.smith634@example.com,MX,2024-12-10,Basic,15299.44
635,Thomas Moore,thomas.moore635@mail.com,JP,2021-10-28,Standard,41283.01
636,Linda Anderson,linda.anderson636@shop.io,BR,2024-12-13,Basic,23709.37
637,Oliver Lopez,oliver.lopez637@customer.net,UK,2019-02-04,Basic,11165.18
638,David Lopez,david.lopez638@shop.io,BR,2023-11-09,Standard,35134.59
639,Mary Garcia,mary.garcia639@customer.net,DE,2022-08-04,Premium,12789.03
640,Michael Miller,michael.miller640@example.com,IN,2020-06-02,Standard,41245.24
641,Michael Thompson,michael.thompson641@shop.io,UK,2022-08-25,Premium,46338.65
642,Oliver Jackson,oliver.jackson642@example.com,JP,2023-02-17,Basic,29506.87
643,Thomas Jones,thomas.jones643@customer.net,US,2023-12-13,Basic,2523.72
644,Susan Jackson,susan.jackson644@customer.net,BR,2019-12-27,Basic,28969.86
645,Noah Jones,noah.jones645@example.com,IN,2025-05-17,Basic,30347.42
646,David Taylor,david.taylor646@customer.net,IN,2024-10-30,Basic,38142.49
647,William Gonzalez,william.gonzalez647@shop.io,CA,2023-01-29,Premium,6995.18
648,Karen Thompson,karen.thompson648@shop.io,BR,2021-07-09,Basic,36867.24
649,Sarah Lee,sarah.lee649@mail.com,FR,2020-05-08,Basic,35747.78
650,Oliver Lopez,oliver.lopez650@mail.com,DE,2023-08-26,Basic,34746.16
651,David Thompson,david.thompson651@example.com,AU,2024-04-22,Standard,29182.03
652,Oliver Thompson,oliver.thompson652@customer.net,BR,2021-03-17,Standard,40434.40
653,Thomas Brown,thomas.brown653@example.com,IN,2019-08-19,Premium,33545.68
654,Michael Rodriguez,michael.rodriguez654@mail.com,CA,2020-10-23,Premium,41985.14
655,Ava Martinez,ava.martinez655@mail.com,BR,2018-05-13,Standard,40719.90
656,Patricia Martin,patricia.martin656@mail.com,BR,2022-05-12,Premium,25595.02
657,Ava Martinez,ava.martinez657@example.com,IN,2022-05-07,Standard,47839.42
658,Oliver Hernandez,oliver.hernandez658@example.com,US,2020-10-26,Premium,31066.02
659,Sophia Anderson,sophia.anderson659@mail.com,AU,2024-08-07,Basic,36948.65
660,Michael Miller,michael.miller660@shop.io,JP,2019-12-28,Basic,3816.00
661,Jennifer Taylor,jennifer.taylor661@example.com,IN,2018-06-16,Standard,14027.70
662,William Jones,william.jones662@mail.com,MX,2020-11-10,Premium,16595.08
663,Ava Jones,ava.jones663@example.com,DE,2021-08-14,Basic,2637.69
664,Emma Martin,emma.martin664@shop.io,JP,2024-06-03,Basic,17968.47
665,Ava Hernandez,ava.hernandez665@mail.com,DE,2023-11-03,Premium,39334.28
666,Jennifer Wilson,jennifer.wilson666@customer.net,UK,2021-12-02,Premium,44181.49
667,Oliver Hernandez,oliver.hernandez667@shop.io,AU,2021-04-17,Premium,47520.37
668,Karen Taylor,karen.taylor668@customer.net,BR,2025-04-13,Premium,5824.62
669,Barbara Anderson,barbara.anderson669@mail.com,MX,2024-12-19,Premium,47948.94
670,Oliver Hernandez,oliver.hernandez670@customer.net,UK,2022-04-30,Standard,27057.84
671,Elizabeth Smith,elizabeth.smith671@shop.io,BR,2023-09-15,Standard,24391.55
672,Elizabeth Lee,elizabeth.lee672@mail.com,AU,2023-10-06,Premium,47415.76
673,Jennifer Moore,jennifer.moore673@example.com,UK,2020-05-13,Basic,31512.77
674,Michael Perez,michael.perez674@customer.net,UK,2020-04-22,Basic,41454.55
675,Noah Wilson,noah.wilson675@example.com,DE,2018-04-08,Standard,35871.72
676,Mary Williams,mary.williams676@example.com,US,2019-12-31,Standard,27948.40
677,Charles Davis,charles.davis677@shop.io,IN,2022-05-09,Standard,31547.84
678,Susan Hernandez,susan.hernandez678@example.com,IN,2019-04-30,Basic,394.36
679,Noah Martin,noah.martin679@example.com,MX,2018-07-06,Basic,42427.73
680,Barbara Taylor,barbara.taylor680@example.com,CA,2021-05-19,Basic,4416.61
681,Sophia Anderson,,IN,2025-05-30,Premium,23751.98
682,Sarah Davis,sarah.davis682@mail.com,IN,2024-02-14,Standard,48010.69
683,Robert Martinez,robert.martinez683@shop.io,US,2024-03-17,Basic,7154.55
684,Mary Smith,mary.smith684@customer.net,BR,2024-02-21,Premium,15304.09
685,Noah Lopez,noah.lopez685@mail.com,IN,2025-03-30,Basic,7208.51
686,Jennifer Davis,jennifer.davis686@shop.io,FR,2019-04-15,Premium,33581.79
687,Charles Johnson,charles.johnson687@customer.net,BR,2018-10-27,Standard,33617.09
688,William Brown,william.brown688@mail.com,MX,2023-06-19,Standard,17921.20
689,Oliver Lee,oliver.lee689@mail.com,UK,2021-03-13,Basic,3583.46
690,Michael Hernandez,michael.hernandez690@customer.net,JP,2021-09-06,Basic,33005.16
691,Ava Jackson,ava.jackson691@mail.com,MX,2024-05-10,Standard,40404.21
692,Susan Garcia,susan.garcia692@example.com,AU,2020-10-05,Premium,35638.73
693,Emma Wilson,emma.wilson693@shop.io,AU,2019-07-05,Basic,36675.34
694,Jessica Anderson,jessica.anderson694@customer.net,AU,2021-06-05,Standard,27628.42
695,Jennifer Lee,jennifer.lee695@example.com,CA,2019-07-28,Basic,9901.95
696,Noah Lee,noah.lee696@example.com,UK,2018-03-18,Basic,31618.16
697,Charles Jackson,charles.jackson697@customer.net,MX,2020-05-21,Premium,27624.54
698,Sarah Moore,sarah.moore698@customer.net,DE,2022-02-07,Standard,11243.00
699,Sophia Jackson,sophia.jackson699@shop.io,DE,2023-03-19,Basic,25569.55
700,Richard Lopez,richard.lopez700@example.com,FR,2024-11-20,Basic,8375.59
701,Thomas Jones,thomas.jones701@customer.net,DE,2020-01-04,Basic,47440.71
702,Oliver Jones,oliver.jones702@customer.net,AU,2018-06-15,Premium,38097.46
703,Linda Williams,linda.williams703@shop.io,AU,2020-08-16,Premium,33462.41
704,Thomas Lopez,thomas.lopez704@customer.net,JP,2023-02-06,Premium,2091.24
705,Emma Hernandez,emma.hernandez705@example.com,BR,2025-02-08,Standard,41760.12
706,William Jackson,william.jackson706@mail.com,IN,2025-05-01,Standard,18328.31
707,Emma Williams,emma.williams707@shop.io,IN,2020-07-01,Basic,20351.52
708,Barbara Thomas,barbara.thomas708@customer.net,MX,2018-01-28,Basic,44113.50
709,Joseph Garcia,joseph.garcia709@mail.com,UK,2023-10-09,Basic,14112.39
710,Robert Garcia,robert.garcia710@mail.com,AU,2024-10-01,Basic,40866.05
711,Oliver Davis,oliver.davis711@customer.net,AU,2019-04-10,Standard,33793.94
712,Jessica Miller,jessica.miller712@mail.com,IN,2018-04-02,Premium,2252.90
713,Charles Jackson,charles.jackson713@mail.com,DE,2025-01-22,Basic,2055.62
714,Charles Jones,charles.jones714@example.com,DE,2020-11-23,Premium,25880.37
715,Richard Martin,richard.martin715@example.com,CA,2018-12-18,Premium,22515.24
716,Jessica Thomas,jessica.thomas716@mail.com,FR,2022-08-10,Basic,7221.33
717,Charles Garcia,charles.garcia717@shop.io,DE,2021-11-04,Standard,29867.01
718,John Davis,john.davis718@customer.net,IN,2019-06-26,Premium,926.47
719,Thomas Taylor,thomas.taylor719@customer.net,DE,2024-10-16,Premium,8953.37
720,Karen Martin,karen.martin720@example.com,BR,2023-08-24,Premium,4750.18
721,Oliver Jones,oliver.jones721@example.com,IN,2023-11-09,Standard,18581.83
722,Mary Thompson,mary.thompson722@customer.net,FR,2023-05-29,Standard,17590.84
723,Noah Thompson,noah.thompson723@example.com,IN,2019-07-03,Standard,23909.34
724,Linda Williams,linda.williams724@shop.io,MX,2024-02-06,Standard,12964.47
725,James Thompson,james.thompson725@example.com,MX,2023-11-11,Premium,26036.11
726,Richard Lee,richard.lee726@mail.com,AU,2022-08-02,Standard,5418.50
727,Susan Lee,susan.lee727@shop.io,CA,2024-01-05,Standard,28277.04
728,Karen Rodriguez,karen.rodriguez728@customer.net,FR,2022-08-20,Basic,39211.03
729,Jessica Garcia,jessica.garcia729@shop.io,BR,2024-03-22,Standard,12763.50
730,Elizabeth Jackson,elizabeth.jackson730@shop.io,IN,2019-07-20,Basic,6042.38
731,Linda Anderson,linda.anderson731@mail.com,UK,2020-05-28,Basic,20087.99
732,David Moore,david.moore732@example.com,DE,2022-05-13,Basic,364.00
733,John Jones,john.jones733@customer.net,MX,2022-11-19,Premium,3297.61
734,Linda Lopez,linda.lopez734@example.com,MX,2018-06-04,Basic,19277.86
735,Richard Martin,,MX,2018-08-24,Premium,32050.53
736,Joseph Smith,joseph.smith736@mail.com,BR,2021-03-17,Premium,1777.11
737,Karen Taylor,karen.taylor737@mail.com,MX,2019-11-26,Basic,1899.45
738,Linda Lee,linda.lee738@example.com,DE,2018-12-22,Standard,39005.67
739,Barbara Perez,barbara.perez739@customer.net,IN,2024-07-28,Premium,25935.36
740,Noah Thompson,noah.thompson740@example.com,UK,2024-03-01,Standard,36334.31
741,Sarah Jackson,sarah.jackson741@shop.io,AU,2021-02-06,Premium,30357.53
742,Michael Anderson,michael.anderson742@customer.net,MX,2018-01-20,Standard,8834.23
743,Thomas Brown,thomas.brown743@example.com,BR,2021-04-20,Standard,47356.06
744,Thomas Rodriguez,thomas.rodriguez744@shop.io,JP,2022-03-25,Basic,24233.13
745,Linda Hernandez,linda.hernandez745@customer.net,JP,2024-07-31,Premium,24150.31
746,William Williams,william.williams746@customer.net,FR,2020-07-30,Standard,20680.05
747,Barbara Taylor,barbara.taylor747@example.com,CA,2020-10-13,Standard,4741.17
748,Oliver Hernandez,oliver.hernandez748@example.com,BR,2020-01-02,Standard,15762.25
749,Michael Jackson,michael.jackson749@shop.io,DE,2020-02-18,Standard,36881.89
750,Linda Davis,linda.davis750@shop.io,FR,2020-07-27,Premium,41763.52
751,Karen Lopez,karen.lopez751@mail.com,UK,2019-05-07,Premium,33823.02
752,Oliver Thomas,oliver.thomas752@example.com,BR,2018-06-23,Standard,18622.70
753,David Thomas,david.thomas753@shop.io,JP,2020-01-20,Basic,14085.30
754,Linda Jackson,linda.jackson754@mail.com,US,2023-11-24,Standard,23968.17
755,Sarah Johnson,sarah.johnson755@shop.io,IN,2019-12-17,Standard,48827.70
756,Ava Taylor,ava.taylor756@customer.net,AU,2018-02-04,Premium,33737.74
757,Richard Jackson,richard.jackson757@example.com,AU,2022-01-21,Basic,43105.91
758,Jennifer Moore,jennifer.moore758@shop.io,FR,2021-01-08,Standard,47930.48
759,David Lopez,david.lopez759@mail.com,JP,2022-10-03,Premium,21012.73
760,Sophia Lopez,sophia.lopez760@shop.io,IN,2021-02-19,Standard,9076.47
761,Robert Jackson,robert.jackson761@mail.com,UK,2021-01-10,Premium,27811.46
762,Richard Miller,richard.miller762@mail.com,DE,2023-04-22,Premium,8912.70
763,Jessica Jones,jessica.jones763@shop.io,JP,2021-05-13,Standard,28150.70
764,Charles Johnson,charles.johnson764@customer.net,UK,2019-11-01,Premium,10851.82
765,William Thomas,william.thomas765@example.com,JP,2021-10-02,Standard,18112.00
766,Sarah Moore,sarah.moore766@shop.io,AU,2018-03-23,Standard,6149.75
767,Oliver Martin,oliver.martin767@mail.com,MX,2024-06-16,Basic,32491.63
768,Jennifer Martinez,jennifer.martinez768@shop.io,AU,2023-09-22,Standard,38759.74
769,Joseph Williams,joseph.williams769@customer.net,MX,2021-03-19,Standard,31622.43
770,Robert Garcia,robert.garcia770@shop.io,IN,2025-01-29,Basic,28624.71
771,John Williams,john.williams771@mail.com,AU,2020-07-23,Standard,15912.22
772,Elizabeth Thompson,elizabeth.thompson772@shop.io,MX,2025-03-25,Standard,13635.28
773,Joseph Lopez,joseph.lopez773@customer.net,IN,2019-11-17,Premium,42725.16
774,Robert Davis,robert.davis774@shop.io,UK,2020-05-12,Premium,19912.57
775,Patricia Williams,patricia.williams775@customer.net,BR,2018-08-09,Premium,38569.58
776,Thomas Williams,thomas.williams776@example.com,CA,2024-12-06,Premium,4307.13
777,Richard Martinez,richard.martinez777@mail.com,FR,2021-03-09,Standard,31361.38
778,Robert Taylor,robert.taylor778@mail.com,US,2018-05-24,Basic,17906.37
779,David Thomas,david.thomas779@customer.net,BR,2021-01-20,Basic,22297.76
780,Ava Moore,ava.moore780@mail.com,MX,2024-09-13,Standard,31589.27
781,Emma Jackson,emma.jackson781@customer.net,BR,2025-03-05,Basic,26735.82
782,Barbara Thomas,barbara.thomas782@mail.com,UK,2022-12-15,Standard,18352.58
783,William Jones,william.jones783@shop.io,US,2018-01-01,Basic,40787.44
784,Robert Lopez,robert.lopez784@shop.io,JP,2024-01-01,Premium,34419.71
785,Jessica Thomas,jessica.thomas785@shop.io,US,2022-10-30,Standard,29890.48
786,James Moore,james.moore786@shop.io,FR,2022-08-14,Basic,21911.60
787,Linda Garcia,linda.garcia787@customer.net,IN,2020-06-22,Standard,4052.56
788,Emma Davis,emma.davis788@shop.io,CA,2025-04-10,Basic,26644.01
789,William Wilson,william.wilson789@mail.com,UK,2020-01-18,Premium,14550.80
790,Emma Anderson,emma.anderson790@customer.net,CA,2024-12-25,Standard,9470.69
791,James Jones,james.jones791@example.com,BR,2018-04-01,Premium,48619.39
792,Elizabeth Rodriguez,elizabeth.rodriguez792@mail.com,JP,2018-02-03,Premium,4600.83
793,James Thomas,james.thomas793@mail.com,AU,2022-09-18,Standard,39307.69
794,Jessica Lopez,jessica.lopez794@customer.net,US,2021-09-14,Premium,42192.95
795,Robert Johnson,robert.johnson795@shop.io,IN,2018-10-20,Basic,23560.32
796,Michael Rodriguez,michael.rodriguez796@customer.net,US,2019-05-15,Basic,12523.22
797,Sophia Anderson,sophia.anderson797@mail.com,US,2020-03-26,Standard,36792.60
798,Patricia Taylor,patricia.taylor798@mail.com,JP,2022-05-13,Basic,48064.56
799,David Garcia,david.garcia799@example.com,BR,2023-11-04,Premium,12740.30
800,Emma Martinez,emma.martinez800@mail.com,AU,2018-08-02,Basic,10967.63
801,Patricia Davis,patricia.davis801@customer.net,AU,2018-03-03,Premium,39740.07
802,Charles Brown,charles.brown802@customer.net,FR,2018-02-06,Premium,29095.74
803,Ava Thomas,ava.thomas803@mail.com,AU,2019-01-02,Premium,7969.15
804,John Perez,john.perez804@shop.io,US,2018-09-02,Standard,32264.28
805,Ava Moore,ava.moore805@example.com,DE,2023-06-22,Premium,15905.30
806,Sarah Lee,sarah.lee806@shop.io,JP,2020-03-01,Premium,34493.57
807,Barbara Jones,barbara.jones807@shop.io,US,2023-06-11,Basic,21931.25
808,Elizabeth Moore,elizabeth.moore808@customer.net,FR,2024-05-10,Premium,27226.66
809,David Anderson,david.anderson809@shop.io,MX,2024-03-21,Premium,3536.94
810,Robert Anderson,robert.anderson810@shop.io,CA,2024-01-28,Standard,22758.54
811,Sophia Lee,sophia.lee811@customer.net,DE,2018-03-18,Basic,42855.77
812,Sophia Martin,sophia.martin812@mail.com,AU,2018-09-17,Basic,48361.43
813,Richard Miller,richard.miller813@customer.net,BR,2019-09-24,Basic,14228.14
814,Susan Lee,susan.lee814@shop.io,UK,2019-01-30,Basic,32978.66
815,Mary Jones,mary.jones815@mail.com,US,2020-04-07,Premium,24319.97
816,Patricia Johnson,patricia.johnson816@customer.net,JP,2023-11-24,Basic,35095.56
817,William Johnson,william.johnson817@shop.io,FR,2024-10-17,Basic,3636.61
818,Michael Lee,michael.lee818@customer.net,UK,2023-04-02,Basic,3128.94
819,Sarah Wilson,sarah.wilson819@shop.io,US,2024-12-01,Standard,26498.13
820,Noah Williams,noah.williams820@shop.io,UK,2020-06-03,Basic,4946.25
821,Noah Davis,noah.davis821@customer.net,FR,2020-03-02,Basic,32878.13
822,Charles Lee,charles.lee822@mail.com,BR,2024-04-05,Standard,37330.80
823,Sophia Lee,sophia.lee823@shop.io,JP,2025-06-17,Standard,44152.91
824,Jennifer Garcia,jennifer.garcia824@customer.net,BR,2021-10-14,Basic,7993.00
825,Karen Anderson,karen.anderson825@shop.io,AU,2024-03-03,Standard,42258.21
826,Susan Lee,susan.lee826@customer.net,AU,2024-10-28,Premium,28200.92
827,Michael Gonzalez,michael.gonzalez827@shop.io,AU,2023-01-28,Standard,47995.23
828,James Johnson,james.johnson828@shop.io,MX,2018-03-08,Basic,6840.78
829,Elizabeth Smith,elizabeth.smith829@shop.io,FR,2020-05-29,Standard,1182.90
830,Ava Rodriguez,ava.rodriguez830@mail.com,UK,2018-06-04,Standard,17847.22
831,Robert Rodriguez,robert.rodriguez831@shop.io,MX,2020-10-20,Premium,12886.56
832,Elizabeth Williams,elizabeth.williams832@customer.net,MX,2020-06-09,Basic,3952.36
833,David Thomas,david.thomas833@mail.com,JP,2024-06-18,Premium,29802.03
834,Elizabeth Johnson,elizabeth.johnson834@customer.net,UK,2018-08-18,Standard,17461.71
835,Susan Wilson,susan.wilson835@example.com,FR,2025-04-27,Basic,46439.78
836,Emma Lee,emma.lee836@customer.net,US,2021-06-02,Basic,2154.99
837,Sarah Jackson,sarah.jackson837@mail.com,AU,2023-08-20,Basic,11117.78
838,Mary Perez,mary.perez838@customer.net,JP,2024-09-03,Basic,25285.99
839,Linda Wilson,linda.wilson839@shop.io,IN,2019-08-30,Premium,16874.79
840,Jessica Jackson,jessica.jackson840@example.com,BR,2022-06-24,Standard,4345.44
841,Thomas Wilson,thomas.wilson841@mail.com,DE,2023-05-24,Basic,9985.61
842,Richard Lee,richard.lee842@mail.com,BR,2024-11-28,Basic,26259.96
843,Linda Williams,linda.williams843@shop.io,IN,2021-08-17,Basic,46214.48
844,John Brown,john.brown844@customer.net,IN,2022-02-05,Standard,9605.44
845,Barbara Martin,barbara.martin845@example.com,CA,2019-11-25,Standard,30849.42
846,Joseph Martin,joseph.martin846@mail.com,JP,2018-07-03,Premium,10064.29
847,Barbara Jones,barbara.jones847@example.com,UK,2018-08-12,Premium,47452.14
848,Robert Martinez,robert.martinez848@example.com,AU,2019-04-01,Standard,22558.07
849,James Hernandez,james.hernandez849@mail.com,BR,2020-05-17,Premium,27366.56
850,Sophia Rodriguez,sophia.rodriguez850@customer.net,MX,2019-08-02,Basic,34967.88
851,James Gonzalez,james.gonzalez851@example.com,CA,2019-11-29,Premium,14272.27
852,Ava Martin,ava.martin852@shop.io,US,2023-03-20,Basic,47264.30
853,John Gonzalez,john.gonzalez853@shop.io,AU,2019-03-18,Premium,14695.53
854,Emma Gonzalez,emma.gonzalez854@mail.com,IN,2023-09-14,Basic,5070.22
855,David Thomas,david.thomas855@example.com,DE,2020-03-25,Basic,48342.88
856,Sarah Thompson,sarah.thompson856@example.com,US,2020-10-10,Basic,15315.88
857,Jessica Gonzalez,jessica.gonzalez857@mail.com,US,2021-11-21,Basic,17660.46
858,Emma Martinez,emma.martinez858@mail.com,BR,2021-02-03,Premium,31327.03
859,Richard Smith,richard.smith859@shop.io,FR,2019-09-14,Standard,44869.04
860,Oliver Jones,oliver.jones860@example.com,IN,2023-11-03,Basic,30661.17
861,Emma Perez,emma.perez861@mail.com,IN,2020-09-11,Basic,7722.18
862,Elizabeth Martin,elizabeth.martin862@shop.io,JP,2024-01-30,Premium,10417.19
863,Robert Jackson,robert.jackson863@mail.com,DE,2021-06-19,Basic,35286.30
864,Thomas Jones,thomas.jones864@customer.net,DE,2025-05-11,Basic,45863.89
865,David Williams,david.williams865@example.com,DE,2021-07-24,Premium,36381.26
866,Sophia Hernandez,sophia.hernandez866@customer.net,IN,2021-05-27,Standard,37305.92
867,Emma Rodriguez,emma.rodriguez867@mail.com,FR,2019-03-14,Premium,9318.85
868,Sophia Martin,sophia.martin868@shop.io,MX,2024-05-11,Basic,11622.47
869,Linda Davis,linda.davis869@example.com,AU,2018-11-22,Basic,39013.32
870,Robert Taylor,robert.taylor870@customer.net,AU,2020-01-24,Standard,24623.13
871,Robert Garcia,robert.garcia871@mail.com,FR,2018-05-13,Standard,38250.48
872,James Rodriguez,james.rodriguez872@customer.net,FR,2020-04-10,Premium,3400.20
873,Joseph Martin,joseph.martin873@customer.net,AU,2023-02-18,Premium,21435.02
874,Sophia Johnson,sophia.johnson874@customer.net,AU,2022-06-03,Basic,46963.03
875,Charles Martin,charles.martin875@example.com,BR,2019-03-24,Standard,22899.33
876,Mary Davis,mary.davis876@customer.net,US,2024-04-03,Standard,25854.72
877,Emma Johnson,emma.johnson877@mail.com,CA,2022-12-06,Standard,44231.43
878,Sophia Martinez,sophia.martinez878@customer.net,DE,2022-09-27,Standard,30695.39
879,Mary Thompson,mary.thompson879@mail.com,JP,2025-03-31,Standard,4613.00
880,Thomas Brown,thomas.brown880@mail.com,MX,2024-02-17,Premium,19714.03
881,David Anderson,david.anderson881@example.com,DE,2023-02-02,Basic,44841.20
882,Michael Anderson,michael.anderson882@example.com,CA,2021-08-20,Basic,32463.96
883,Ava Garcia,ava.garcia883@example.com,UK,2019-04-13,Basic,22524.98
884,Barbara Williams,barbara.williams884@customer.net,BR,2024-11-12,Premium,18996.06
885,Richard Johnson,richard.johnson885@mail.com,AU,2024-05-05,Basic,43147.35
886,Jennifer Jones,jennifer.jones886@mail.com,US,2022-09-15,Standard,15544.96
887,Sophia Anderson,sophia.anderson887@shop.io,DE,2019-04-27,Premium,48025.64
888,James Martin,james.martin888@shop.io,US,2023-02-22,Standard,42785.00
889,Sarah Smith,sarah.smith889@customer.net,FR,2020-06-07,Basic,33007.58
890,Joseph Wilson,joseph.wilson890@customer.net,UK,2024-09-28,Basic,427.99
891,Sarah Rodriguez,sarah.rodriguez891@mail.com,US,2020-01-28,Premium,2847.69
892,Barbara Johnson,barbara.johnson892@mail.com,US,2025-06-25,Basic,41916.91
893,Elizabeth Hernandez,elizabeth.hernandez893@example.com,US,2019-03-23,Standard,49687.38
894,Jennifer Perez,jennifer.perez894@shop.io,MX,2025-05-31,Basic,35022.35
895,Charles Moore,charles.moore895@mail.com,JP,2024-06-29,Standard,46580.83
896,John Martinez,john.martinez896@shop.io,AU,2022-04-02,Premium,37946.25
897,Sarah Williams,sarah.williams897@shop.io,JP,2019-07-06,Premium,34761.50
898,William Hernandez,william.hernandez898@customer.net,BR,2020-05-09,Basic,10531.64
899,Mary Brown,,JP,2024-10-13,Basic,14430.64
900,Karen Hernandez,karen.hernandez900@shop.io,BR,2024-06-13,Basic,17757.28
901,Robert Martin,robert.martin901@customer.net,BR,2025-02-01,Standard,24675.97
902,Jennifer Martin,jennifer.martin902@mail.com,CA,2020-03-03,Premium,5998.53
903,Joseph Lee,joseph.lee903@example.com,FR,2024-11-25,Standard,20760.65
904,David Lopez,david.lopez904@mail.com,US,2025-03-08,Premium,34531.84
905,William Williams,william.williams905@shop.io,CA,2023-09-07,Basic,16263.80
906,James Brown,james.brown906@shop.io,AU,2022-06-11,Basic,28489.18
907,James Garcia,james.garcia907@mail.com,AU,2021-10-16,Basic,24007.50
908,Jessica Johnson,jessica.johnson908@mail.com,JP,2019-09-29,Basic,23084.83
909,Sarah Hernandez,sarah.hernandez909@customer.net,IN,2018-08-18,Basic,15037.25
910,Noah Perez,noah.perez910@shop.io,BR,2024-01-04,Premium,10492.30
911,Oliver Hernandez,oliver.hernandez911@shop.io,UK,2019-09-04,Standard,42052.88
912,David Gonzalez,david.gonzalez912@mail.com,MX,2024-10-16,Standard,9450.21
913,Patricia Martinez,patricia.martinez913@shop.io,US,2021-01-17,Standard,4431.21
914,Linda Lopez,linda.lopez914@customer.net,CA,2020-06-04,Basic,15185.68
915,Patricia Lopez,patricia.lopez915@example.com,FR,2019-01-15,Standard,25349.13
916,Jessica Taylor,jessica.taylor916@mail.com,FR,2021-10-25,Standard,36648.80
917,Thomas Martinez,thomas.martinez917@shop.io,DE,2019-02-07,Basic,33868.19
918,Robert Miller,robert.miller918@example.com,JP,2022-05-07,Basic,43254.02
919,Patricia Smith,patricia.smith919@shop.io,US,2024-08-31,Premium,16731.16
920,Mary Brown,mary.brown920@shop.io,US,2024-06-23,Standard,31978.65
921,Michael Hernandez,michael.hernandez921@mail.com,FR,2021-03-19,Standard,26660.56
922,Sophia Anderson,sophia.anderson922@example.com,CA,2019-09-04,Premium,13754.48
923,James Martin,james.martin923@example.com,FR,2024-02-01,Standard,27513.34
924,William Jones,william.jones924@shop.io,MX,2020-09-29,Premium,3655.02
925,Karen Hernandez,karen.hernandez925@customer.net,US,2019-06-17,Premium,23589.70
926,Oliver Johnson,oliver.johnson926@example.com,IN,2018-08-09,Premium,21380.64
927,Jennifer Thompson,jennifer.thompson927@customer.net,MX,2021-12-27,Standard,16683.37
928,Michael Thompson,michael.thompson928@example.com,JP,2024-05-14,Premium,4736.52
929,Ava Anderson,ava.anderson929@example.com,JP,2021-06-25,Basic,32256.48
930,Sophia Anderson,sophia.anderson930@customer.net,FR,2020-07-05,Premium,43068.70
931,Karen Rodriguez,karen.rodriguez931@shop.io,IN,2020-01-22,Basic,45871.49
932,David Hernandez,david.hernandez932@customer.net,JP,2018-05-04,Premium,23819.18
933,Barbara Thomas,barbara.thomas933@customer.net,DE,2021-03-02,Standard,30261.56
934,Robert Taylor,robert.taylor934@example.com,IN,2019-03-15,Standard,27851.87
935,John Martinez,john.martinez935@customer.net,IN,2024-08-15,Standard,12004.90
936,Linda Moore,linda.moore936@mail.com,JP,2022-04-22,Premium,17101.63
937,Ava Jackson,ava.jackson937@customer.net,IN,2024-05-12,Standard,27271.89
938,Linda Garcia,linda.garcia938@example.com,MX,2023-06-17,Premium,29648.93
939,Joseph Hernandez,joseph.hernandez939@example.com,JP,2019-12-23,Standard,47798.57
940,John Martin,john.martin940@example.com,MX,2022-04-02,Standard,24765.32
941,Oliver Johnson,oliver.johnson941@example.com,FR,2019-07-24,Basic,45172.47
942,Emma Smith,emma.smith942@mail.com,DE,2023-01-30,Basic,14646.01
943,Karen Jackson,karen.jackson943@customer.net,FR,2020-04-22,Basic,43883.52
944,Elizabeth Jackson,elizabeth.jackson944@shop.io,IN,2021-11-11,Premium,29178.07
945,Karen Taylor,karen.taylor945@customer.net,DE,2021-04-19,Premium,18524.22
946,Sarah Johnson,sarah.johnson946@example.com,BR,2022-01-11,Premium,43076.26
947,James Davis,james.davis947@customer.net,MX,2022-06-03,Basic,15974.55
948,Richard Gonzalez,richard.gonzalez948@customer.net,IN,2024-02-11,Premium,33158.12
949,Jessica Jones,jessica.jones949@mail.com,BR,2022-04-25,Standard,42014.13
950,Robert Martinez,robert.martinez950@mail.com,DE,2018-02-17,Premium,32454.62
951,Robert Thomas,robert.thomas951@customer.net,DE,2018-12-13,Premium,32147.91
952,Susan Anderson,susan.anderson952@customer.net,MX,2020-01-07,Standard,25519.80
953,Sarah Anderson,sarah.anderson953@customer.net,AU,2020-07-13,Premium,21296.11
954,James Jackson,james.jackson954@customer.net,FR,2023-08-18,Standard,20600.80
955,Sarah Jackson,sarah.jackson955@shop.io,US,2018-06-05,Basic,24215.07
956,Barbara Brown,barbara.brown956@customer.net,UK,2019-08-05,Basic,36591.52
957,Sophia Rodriguez,sophia.rodriguez957@customer.net,BR,2018-11-17,Basic,44506.77
958,John Davis,john.davis958@customer.net,UK,2025-02-08,Basic,39925.09
959,Elizabeth Martin,elizabeth.martin959@example.com,AU,2024-01-01,Premium,23496.55
960,Thomas Thomas,thomas.thomas960@shop.io,IN,2021-12-16,Standard,14531.50
961,Mary Thompson,mary.thompson961@shop.io,MX,2020-12-02,Premium,31502.07
962,Charles Garcia,charles.garcia962@example.com,CA,2025-01-01,Premium,14412.10
963,John Jones,john.jones963@example.com,CA,2020-10-29,Premium,30828.30
964,William Rodriguez,william.rodriguez964@example.com,UK,2024-10-09,Premium,45515.55
965,Noah Jones,noah.jones965@customer.net,AU,2019-12-20,Standard,39148.12
966,Linda Thomas,linda.thomas966@mail.com,BR,2018-05-16,Standard,49205.17
967,Robert Martin,robert.martin967@mail.com,JP,2022-08-19,Standard,11973.57
968,Joseph Lee,joseph.lee968@mail.com,FR,2024-06-24,Basic,42107.46
969,Mary Lee,mary.lee969@shop.io,UK,2018-08-04,Premium,23254.34
970,Jessica Martinez,jessica.martinez970@customer.net,BR,2020-08-15,Standard,34207.14
971,Richard Thomas,richard.thomas971@shop.io,DE,2023-12-13,Standard,691.97
972,Joseph Gonzalez,joseph.gonzalez972@shop.io,BR,2018-06-18,Premium,45893.83
973,Emma Lopez,emma.lopez973@customer.net,MX,2025-04-24,Standard,16814.87
974,William Brown,william.brown974@shop.io,MX,2022-05-22,Standard,38680.23
975,Noah Davis,noah.davis975@mail.com,BR,2021-10-14,Basic,34544.88
976,Jennifer Hernandez,jennifer.hernandez976@example.com,US,2018-10-06,Premium,20621.31
977,Thomas Brown,thomas.brown977@customer.net,AU,2020-06-17,Basic,14236.52
978,Michael Johnson,michael.johnson978@example.com,MX,2019-01-12,Premium,46931.41
979,Oliver Miller,oliver.miller979@example.com,UK,2018-12-20,Basic,6582.37
980,Oliver Lee,oliver.lee980@mail.com,UK,2020-01-25,Standard,14798.97
981,Oliver Williams,oliver.williams981@customer.net,CA,2022-10-15,Basic,45179.23
982,Sophia Hernandez,sophia.hernandez982@shop.io,DE,2018-10-31,Standard,38877.58
983,Richard Gonzalez,richard.gonzalez983@shop.io,US,2020-11-23,Standard,8978.68
984,John Thomas,john.thomas984@mail.com,MX,2022-05-28,Premium,32309.60
985,Patricia Jones,patricia.jones985@customer.net,FR,2024-11-19,Basic,5401.86
986,Joseph Thompson,joseph.thompson986@shop.io,UK,2018-05-23,Premium,3613.57
987,Noah Rodriguez,noah.rodriguez987@customer.net,US,2023-08-01,Premium,32677.97
988,James Johnson,james.johnson988@customer.net,CA,2019-09-13,Basic,16558.56
989,Richard Jackson,richard.jackson989@example.com,BR,2023-07-03,Standard,21859.27
990,Noah Williams,noah.williams990@mail.com,US,2022-04-24,Basic,40917.03
991,Jessica Brown,jessica.brown991@shop.io,AU,2021-05-25,Standard,2854.21
992,Emma Williams,emma.williams992@shop.io,BR,2021-10-24,Premium,42074.95
993,Sophia Martinez,sophia.martinez993@mail.com,DE,2024-03-21,Premium,48378.89
994,Oliver Miller,oliver.miller994@shop.io,IN,2019-03-14,Basic,34473.24
995,Jessica Williams,jessica.williams995@customer.net,FR,2019-07-28,Premium,9735.32
996,Noah Jackson,noah.jackson996@mail.com,JP,2022-05-12,Premium,39657.68
997,Emma Martinez,emma.martinez997@customer.net,BR,2023-01-15,Premium,1948.43
998,Mary Hernandez,mary.hernandez998@example.com,IN,2019-04-30,Premium,40374.47
999,Oliver Taylor,oliver.taylor999@customer.net,BR,2019-09-03,Basic,29009.35
1000,John Johnson,john.johnson1000@mail.com,JP,2025-05-02,Premium,23613.86
1001,Karen Johnson,karen.johnson1001@mail.com,DE,2018-02-28,Premium,31669.80
1002,Elizabeth Brown,elizabeth.brown1002@customer.net,MX,2019-12-01,Basic,3291.48
1003,Patricia Brown,patricia.brown1003@customer.net,MX,2024-11-26,Premium,3249.19
1004,Michael Wilson,michael.wilson1004@shop.io,IN,2021-08-21,Premium,48795.07
1005,Charles Moore,charles.moore1005@mail.com,AU,2020-05-23,Premium,29694.95
1006,David Williams,david.williams1006@example.com,CA,2019-08-02,Standard,8485.74
1007,Barbara Moore,barbara.moore1007@mail.com,JP,2020-09-24,Basic,2130.87
1008,Patricia Lee,patricia.lee1008@customer.net,DE,2018-03-06,Standard,4128.06
1009,James Garcia,james.garcia1009@example.com,MX,2021-03-08,Standard,34705.82
1010,Sophia Thomas,sophia.thomas1010@mail.com,FR,2019-08-10,Basic,13620.39
1011,Joseph Wilson,joseph.wilson1011@mail.com,DE,2024-11-05,Basic,1977.30
1012,Jennifer Thompson,jennifer.thompson1012@customer.net,MX,2018-12-27,Basic,41341.52
1013,Elizabeth Lopez,elizabeth.lopez1013@customer.net,US,2024-04-03,Premium,9675.95
1014,Thomas Brown,thomas.brown1014@shop.io,BR,2023-09-10,Premium,23264.37
1015,Emma Perez,emma.perez1015@mail.com,CA,2018-08-06,Premium,5722.69
1016,Robert Perez,robert.perez1016@customer.net,JP,2019-12-24,Premium,33540.11
1017,Mary Johnson,mary.johnson1017@shop.io,CA,2020-05-08,Standard,12643.95
1018,Karen Anderson,karen.anderson1018@example.com,UK,2018-08-03,Basic,8876.79
1019,James Thomas,james.thomas1019@example.com,UK,2020-08-21,Basic,22296.56
1020,Charles Hernandez,charles.hernandez1020@customer.net,FR,2021-08-27,Premium,38970.86
1021,David Davis,david.davis1021@example.com,FR,2022-08-17,Premium,18839.06
1022,Linda Williams,linda.williams1022@customer.net,MX,2023-06-08,Premium,44535.38
1023,Robert Miller,robert.miller1023@customer.net,DE,2022-05-06,Standard,6906.59
1024,Noah Miller,noah.miller1024@shop.io,CA,2020-04-08,Standard,6447.87
1025,Ava Jackson,ava.jackson1025@example.com,CA,2019-07-14,Premium,42597.39
1026,Joseph Wilson,joseph.wilson1026@mail.com,AU,2020-06-19,Standard,30221.43
1027,Emma Martin,emma.martin1027@mail.com,MX,2024-03-14,Premium,4415.07
1028,Thomas Thomas,thomas.thomas1028@mail.com,MX,2023-04-24,Standard,14030.62
1029,Noah Wilson,noah.wilson1029@mail.com,FR,2021-09-02,Standard,29015.40
1030,Charles Jones,charles.jones1030@example.com,IN,2018-07-01,Premium,49564.54
1031,Noah Taylor,noah.taylor1031@example.com,IN,2023-12-16,Standard,24015.54
1032,Ava Brown,ava.brown1032@customer.net,JP,2020-09-12,Premium,27968.49
1033,James Thompson,james.thompson1033@customer.net,FR,2019-06-28,Standard,14859.94
1034,Emma Williams,emma.williams1034@example.com,JP,2021-06-02,Premium,35194.89
1035,Charles Jackson,charles.jackson1035@example.com,JP,2023-03-15,Premium,43722.52
1036,Richard Garcia,richard.garcia1036@shop.io,JP,2025-02-07,Premium,43033.09
1037,John Gonzalez,john.gonzalez1037@shop.io,BR,2018-05-14,Standard,21352.52
1038,William Thompson,william.thompson1038@mail.com,UK,2024-12-16,Standard,36814.46
1039,Mary Taylor,mary.taylor1039@shop.io,US,2019-03-31,Standard,18342.98
1040,Karen Johnson,karen.johnson1040@shop.io,AU,2019-12-19,Basic,27983.64
1041,John Moore,john.moore1041@mail.com,DE,2021-10-03,Premium,27027.72
1042,Emma Thomas,emma.thomas1042@mail.com,FR,2021-08-05,Standard,44906.85
1043,Thomas Perez,thomas.perez1043@customer.net,CA,2018-08-12,Premium,18703.40
1044,Joseph Thomas,joseph.thomas1044@example.com,JP,2023-12-19,Basic,41286.40
1045,Elizabeth Anderson,elizabeth.anderson1045@shop.io,UK,2020-02-11,Standard,4456.71
1046,Richard Garcia,richard.garcia1046@shop.io,UK,2019-03-24,Premium,13869.54
1047,Ava Jones,ava.jones1047@customer.net,DE,2020-04-16,Basic,47610.02
1048,James Martinez,james.martinez1048@customer.net,BR,2019-06-25,Standard,17400.34
1049,Joseph Lee,joseph.lee1049@example.com,CA,2020-02-14,Premium,1199.63
1050,Linda Taylor,linda.taylor1050@shop.io,IN,2024-06-28,Standard,32822.44
1051,David Thomas,david.thomas1051@customer.net,JP,2021-05-30,Basic,6684.52
1052,Elizabeth Garcia,elizabeth.garcia1052@shop.io,FR,2023-06-07,Standard,48539.12
1053,Sophia Johnson,sophia.johnson1053@mail.com,AU,2021-03-10,Standard,47815.06
1054,Karen Garcia,karen.garcia1054@shop.io,DE,2019-12-20,Basic,34673.67
1055,Oliver Jones,oliver.jones1055@mail.com,FR,2019-04-24,Premium,49689.26
1056,Charles Jones,charles.jones1056@customer.net,CA,2022-02-23,Premium,10337.25
1057,Ava Johnson,ava.johnson1057@shop.io,AU,2019-08-29,Standard,22476.61
1058,Jennifer Moore,jennifer.moore1058@shop.io,UK,2018-04-13,Standard,46560.33
1059,Sophia Jones,sophia.jones1059@customer.net,AU,2019-10-02,Premium,48510.48
1060,Sarah Taylor,sarah.taylor1060@shop.io,CA,2023-04-26,Standard,48483.31
1061,Sophia Jackson,sophia.jackson1061@mail.com,MX,2022-12-16,Standard,34488.43
1062,Noah Thomas,noah.thomas1062@example.com,DE,2024-03-06,Premium,15473.30
1063,Richard Martin,richard.martin1063@mail.com,JP,2022-01-03,Premium,16385.68
1064,Karen Lee,karen.lee1064@mail.com,MX,2023-11-27,Premium,39086.03
1065,Sophia Rodriguez,sophia.rodriguez1065@mail.com,US,2018-12-09,Basic,42487.62
1066,Oliver Perez,oliver.perez1066@example.com,BR,2022-06-04,Premium,24574.22
1067,Karen Martin,karen.martin1067@example.com,AU,2022-06-17,Premium,35826.59
1068,Susan Lopez,susan.lopez1068@customer.net,AU,2018-02-19,Standard,17311.52
1069,Elizabeth Anderson,elizabeth.anderson1069@example.com,FR,2022-12-25,Basic,49630.59
1070,Joseph Martinez,joseph.martinez1070@mail.com,IN,2022-08-24,Premium,41792.02
1071,Karen Williams,karen.williams1071@mail.com,FR,2021-05-27,Standard,49420.27
1072,Thomas Hernandez,thomas.hernandez1072@example.com,MX,2022-03-20,Premium,430.28
1073,Emma Rodriguez,emma.rodriguez1073@customer.net,DE,2024-03-26,Standard,35541.32
1074,Sophia Jones,sophia.jones1074@mail.com,DE,2022-04-13,Standard,27737.95
1075,Mary Martinez,mary.martinez1075@shop.io,JP,2024-04-09,Basic,23226.24
1076,James Smith,james.smith1076@mail.com,CA,2021-05-14,Basic,41728.72
1077,Jessica Brown,jessica.brown1077@shop.io,IN,2020-01-05,Standard,45348.97
1078,Emma Davis,emma.davis1078@example.com,UK,2021-02-09,Standard,49717.20
1079,John Martin,john.martin1079@shop.io,MX,2023-05-23,Basic,21859.81
1080,William Lee,william.lee1080@customer.net,UK,2022-03-09,Basic,36674.56
1081,James Rodriguez,james.rodriguez1081@mail.com,MX,2018-08-28,Premium,16052.08
1082,Ava Jones,ava.jones1082@shop.io,DE,2018-08-05,Standard,18122.05
1083,Emma Lopez,emma.lopez1083@example.com,CA,2021-04-09,Basic,31983.43
1084,John Taylor,john.taylor1084@mail.com,DE,2019-01-23,Basic,37656.15
1085,Sarah Hernandez,sarah.hernandez1085@shop.io,CA,2021-01-16,Basic,34928.57
1086,Barbara Brown,barbara.brown1086@shop.io,DE,2018-02-22,Premium,25956.72
1087,Barbara Thomas,barbara.thomas1087@customer.net,AU,2019-10-30,Premium,10972.02
1088,Thomas Davis,thomas.davis1088@mail.com,BR,2024-11-17,Basic,41587.66
1089,Thomas Moore,thomas.moore1089@example.com,IN,2023-03-02,Premium,5916.62
1090,Robert Smith,robert.smith1090@customer.net,AU,2021-06-30,Basic,18192.17
1091,Joseph Martin,joseph.martin1091@shop.io,DE,2021-06-01,Premium,37248.56
1092,Patricia Davis,patricia.davis1092@mail.com,DE,2020-07-17,Standard,6354.67
1093,Robert Williams,robert.williams1093@customer.net,UK,2018-11-15,Premium,38757.14
1094,Sophia Wilson,sophia.wilson1094@example.com,FR,2019-03-18,Premium,39673.45
1095,Thomas Jackson,thomas.jackson1095@example.com,JP,2019-05-03,Standard,2259.75
1096,Elizabeth Perez,elizabeth.perez1096@example.com,UK,2019-05-23,Basic,10349.52
1097,Michael Garcia,michael.garcia1097@shop.io,US,2019-01-07,Premium,42308.48
1098,William Jackson,william.jackson1098@shop.io,AU,2019-10-20,Basic,39062.02
1099,Karen Davis,karen.davis1099@example.com,UK,2024-06-26,Premium,26489.05
1100,Ava Miller,ava.miller1100@shop.io,DE,2024-01-10,Premium,48681.63
1101,Patricia Miller,patricia.miller1101@customer.net,AU,2024-08-11,Premium,22039.32
1102,Patricia Garcia,patricia.garcia1102@shop.io,IN,2022-10-04,Premium,25761.12
1103,Susan Brown,susan.brown1103@shop.io,UK,2023-03-24,Premium,26034.40
1104,Jessica Lopez,jessica.lopez1104@shop.io,BR,2018-06-16,Premium,16472.96
1105,Patricia Gonzalez,patricia.gonzalez1105@shop.io,JP,2024-09-25,Basic,15669.14
1106,Joseph Davis,joseph.davis1106@customer.net,CA,2022-10-19,Premium,42853.00
1107,Jessica Perez,jessica.perez1107@shop.io,DE,2018-02-22,Basic,24633.25
1108,Patricia Gonzalez,patricia.gonzalez1108@customer.net,BR,2025-05-21,Basic,4341.79
1109,Robert Gonzalez,robert.gonzalez1109@customer.net,MX,2019-02-21,Basic,46271.98
1110,Jennifer Williams,jennifer.williams1110@shop.io,FR,2021-10-19,Premium,29788.54
1111,Richard Brown,richard.brown1111@mail.com,IN,2023-08-07,Standard,38264.36
1112,Sophia Jackson,sophia.jackson1112@shop.io,IN,2021-12-29,Standard,33367.18
1113,Richard Thomas,richard.thomas1113@shop.io,DE,2023-02-06,Premium,6197.28
1114,Jessica Thomas,jessica.thomas1114@mail.com,DE,2018-05-02,Premium,36916.13
1115,John Thomas,john.thomas1115@example.com,DE,2022-04-17,Basic,33992.29
1116,Robert Martinez,robert.martinez1116@example.com,UK,2025-05-31,Basic,38401.84
1117,Joseph Miller,joseph.miller1117@shop.io,JP,2023-07-02,Basic,13157.09
1118,David Moore,david.moore1118@example.com,US,2022-10-29,Premium,19243.13
1119,David Gonzalez,david.gonzalez1119@customer.net,JP,2018-05-28,Premium,8925.77
1120,Oliver Martinez,oliver.martinez1120@mail.com,JP,2022-10-31,Premium,15691.73
1121,Richard Thomas,richard.thomas1121@example.com,MX,2023-07-03,Basic,27733.81
1122,Sarah Jackson,sarah.jackson1122@customer.net,JP,2024-04-21,Premium,25383.58
1123,Richard Rodriguez,richard.rodriguez1123@customer.net,MX,2022-03-28,Basic,33856.73
1124,Sophia Martinez,sophia.martinez1124@shop.io,US,2018-04-26,Basic,2351.41
1125,Barbara Lopez,barbara.lopez1125@example.com,AU,2022-04-08,Premium,21464.59
1126,Barbara Wilson,barbara.wilson1126@shop.io,US,2025-06-01,Premium,12455.93
1127,Emma Martinez,emma.martinez1127@example.com,UK,2021-06-02,Premium,16945.95
1128,James Moore,james.moore1128@shop.io,US,2023-03-03,Basic,43182.08
1129,Charles Taylor,charles.taylor1129@customer.net,CA,2018-03-25,Basic,23538.02
1130,James Hernandez,james.hernandez1130@customer.net,MX,2022-05-18,Standard,28669.67
1131,Jessica Brown,jessica.brown1131@mail.com,AU,2023-07-28,Basic,40591.71
1132,Oliver Hernandez,oliver.hernandez1132@mail.com,MX,2021-05-11,Standard,48474.44
1133,Michael Thomas,michael.thomas1133@example.com,BR,2020-05-26,Standard,13331.24
1134,Elizabeth Jackson,elizabeth.jackson1134@customer.net,FR,2025-01-02,Basic,47901.25
1135,Ava Jackson,ava.jackson1135@example.com,MX,2021-10-11,Standard,3456.76
1136,Thomas Thomas,thomas.thomas1136@customer.net,FR,2021-11-23,Premium,32611.68
1137,Elizabeth Taylor,elizabeth.taylor1137@shop.io,IN,2025-06-10,Basic,15736.31
1138,Susan Gonzalez,susan.gonzalez1138@shop.io,MX,2023-10-12,Standard,33610.85
1139,Sarah Garcia,sarah.garcia1139@example.com,BR,2020-02-04,Basic,25010.26
1140,Oliver Anderson,oliver.anderson1140@shop.io,BR,2024-11-21,Standard,46738.32
1141,Noah Lee,noah.lee1141@example.com,BR,2020-04-01,Standard,23178.08
1142,Linda Jones,linda.jones1142@shop.io,IN,2022-08-08,Standard,43023.27
1143,John Lee,john.lee1143@mail.com,IN,2020-12-29,Standard,32337.52
1144,William Perez,william.perez1144@mail.com,IN,2020-09-03,Premium,7583.11
1145,James Davis,james.davis1145@shop.io,JP,2023-06-12,Basic,49565.52
1146,Susan Lee,susan.lee1146@example.com,FR,2019-10-15,Standard,6907.89
1147,William Rodriguez,william.rodriguez1147@mail.com,US,2023-06-14,Premium,2860.83
1148,John Hernandez,john.hernandez1148@shop.io,UK,2022-07-26,Standard,33616.43
1149,John Gonzalez,john.gonzalez1149@mail.com,FR,2019-04-04,Basic,36750.56
1150,Patricia Taylor,patricia.taylor1150@shop.io,JP,2019-01-05,Premium,30031.08
1151,Sophia Hernandez,sophia.hernandez1151@shop.io,MX,2022-05-17,Basic,37223.55
1152,Susan Miller,susan.miller1152@mail.com,UK,2019-12-19,Premium,48499.17
1153,Joseph Wilson,joseph.wilson1153@shop.io,MX,2018-08-18,Standard,26720.15
1154,Ava Brown,ava.brown1154@shop.io,BR,2022-10-02,Standard,34168.64
1155,William Jones,william.jones1155@shop.io,JP,2022-02-15,Standard,1151.60
1156,Karen Johnson,karen.johnson1156@example.com,FR,2020-11-02,Basic,19296.04
1157,Emma Thompson,emma.thompson1157@shop.io,UK,2023-12-31,Premium,42896.58
1158,Richard Smith,richard.smith1158@customer.net,CA,2021-05-17,Premium,46822.48
1159,Sophia Davis,sophia.davis1159@shop.io,FR,2019-10-19,Standard,31604.49
1160,Sophia Lee,sophia.lee1160@customer.net,US,2021-01-27,Premium,41177.56
1161,Jessica Thomas,jessica.thomas1161@customer.net,AU,2022-09-27,Premium,41237.59
1162,Ava Rodriguez,ava.rodriguez1162@example.com,AU,2022-09-20,Basic,36488.65
1163,Sarah Hernandez,sarah.hernandez1163@customer.net,US,2018-08-02,Basic,32115.46
1164,Emma Anderson,emma.anderson1164@mail.com,US,2022-06-30,Premium,31451.98
1165,David Jackson,david.jackson1165@example.com,UK,2019-10-09,Premium,25866.65
1166,Sophia Lee,sophia.lee1166@mail.com,MX,2022-08-08,Standard,22629.34
1167,Noah Jones,noah.jones1167@shop.io,DE,2024-08-26,Standard,39996.47
1168,Michael Williams,michael.williams1168@customer.net,AU,2020-01-16,Standard,43831.85
1169,Charles Davis,charles.davis1169@example.com,US,2024-04-06,Basic,30638.95
1170,Linda Williams,linda.williams1170@customer.net,FR,2020-12-08,Basic,42606.35
1171,Mary Gonzalez,mary.gonzalez1171@customer.net,MX,2020-12-01,Premium,4544.16
1172,Barbara Garcia,barbara.garcia1172@example.com,US,2023-11-24,Standard,38690.62
1173,Joseph Perez,joseph.perez1173@customer.net,UK,2020-07-08,Basic,10236.95
1174,William Martinez,william.martinez1174@customer.net,IN,2019-06-18,Standard,42831.24
1175,Karen Miller,karen.miller1175@shop.io,FR,2022-09-10,Premium,20485.35
1176,Robert Smith,robert.smith1176@shop.io,CA,2020-08-22,Basic,22603.73
1177,Linda Lopez,linda.lopez1177@customer.net,UK,2018-02-12,Standard,6746.92
1178,David Thompson,david.thompson1178@customer.net,FR,2022-04-20,Basic,21222.21
1179,Karen Rodriguez,karen.rodriguez1179@example.com,UK,2024-03-31,Premium,2700.42
1180,Linda Thomas,linda.thomas1180@shop.io,MX,2024-09-16,Basic,37437.26
1181,Mary Smith,mary.smith1181@shop.io,BR,2024-12-13,Standard,15195.11
1182,Richard Perez,richard.perez1182@shop.io,DE,2024-04-10,Premium,29066.29
1183,William Garcia,william.garcia1183@customer.net,AU,2023-04-02,Premium,4573.43
1184,Ava Taylor,ava.taylor1184@customer.net,DE,2020-12-02,Premium,15732.15
1185,Robert Thomas,robert.thomas1185@shop.io,AU,2022-10-28,Standard,45149.35
1186,William Martin,william.martin1186@shop.io,BR,2021-07-06,Standard,44644.31
1187,David Thomas,david.thomas1187@mail.com,BR,2025-05-16,Basic,39931.18
1188,Mary Miller,mary.miller1188@mail.com,US,2020-07-30,Premium,1889.53
1189,William Garcia,william.garcia1189@customer.net,IN,2019-04-21,Standard,2135.51
1190,Barbara Thompson,barbara.thompson1190@customer.net,JP,2023-07-13,Premium,42307.33
1191,Robert Brown,robert.brown1191@shop.io,UK,2020-04-14,Standard,9114.68
1192,Jennifer Taylor,jennifer.taylor1192@shop.io,MX,2025-06-09,Basic,10698.57
1193,James Taylor,james.taylor1193@mail.com,IN,2018-11-11,Premium,38435.84
1194,Oliver Brown,oliver.brown1194@shop.io,US,2021-03-10,Basic,49068.58
1195,Patricia Gonzalez,patricia.gonzalez1195@shop.io,MX,2019-03-11,Standard,7773.39
1196,John Anderson,john.anderson1196@customer.net,JP,2025-01-17,Standard,29750.79
1197,James Hernandez,james.hernandez1197@example.com,MX,2023-01-30,Standard,47376.17
1198,Noah Jackson,noah.jackson1198@mail.com,FR,2018-07-19,Basic,14219.40
1199,Mary Williams,mary.williams1199@customer.net,UK,2022-06-22,Standard,8982.74
1200,Sophia Gonzalez,sophia.gonzalez1200@example.com,US,2020-05-02,Premium,19486.29
1201,Richard Martinez,richard.martinez1201@mail.com,UK,2021-05-07,Standard,40074.90
1202,Noah Martinez,noah.martinez1202@mail.com,AU,2025-06-18,Premium,41619.43
1203,Thomas Miller,thomas.miller1203@customer.net,JP,2022-05-09,Standard,13497.12
1204,Karen Wilson,karen.wilson1204@example.com,IN,2022-02-17,Basic,9399.15
1205,Emma Wilson,emma.wilson1205@example.com,US,2023-10-04,Standard,48666.25
1206,Oliver Davis,oliver.davis1206@mail.com,JP,2023-11-30,Basic,32396.54
1207,John Martinez,john.martinez1207@customer.net,IN,2018-11-21,Standard,15089.62
1208,Robert Perez,robert.perez1208@shop.io,FR,2023-11-13,Standard,14844.53
1209,Mary Moore,mary.moore1209@example.com,US,2023-10-04,Premium,25581.51
1210,Susan Brown,susan.brown1210@customer.net,MX,2020-11-03,Standard,12817.52
1211,John Taylor,john.taylor1211@example.com,UK,2025-06-02,Standard,9059.65
1212,Jennifer Gonzalez,jennifer.gonzalez1212@example.com,UK,2022-09-01,Basic,14952.61
1213,Charles Anderson,charles.anderson1213@customer.net,MX,2020-12-21,Standard,48339.30
1214,Jennifer Miller,jennifer.miller1214@mail.com,UK,2024-10-10,Standard,43593.62
1215,Patricia Wilson,patricia.wilson1215@example.com,US,2022-06-06,Premium,763.90
1216,Emma Thomas,emma.thomas1216@customer.net,IN,2025-05-18,Basic,30134.18
1217,Jessica Martinez,jessica.martinez1217@shop.io,IN,2021-05-24,Premium,6341.96
1218,James Miller,james.miller1218@example.com,US,2020-02-10,Premium,10540.55
1219,Emma Jones,emma.jones1219@mail.com,IN,2025-01-08,Basic,9626.63
1220,Elizabeth Anderson,elizabeth.anderson1220@mail.com,JP,2022-09-25,Premium,5911.29
1221,Robert Thompson,robert.thompson1221@customer.net,JP,2023-04-16,Premium,43003.83
1222,Charles Davis,charles.davis1222@mail.com,CA,2024-05-21,Standard,2641.02
1223,James Brown,james.brown1223@customer.net,IN,2023-07-24,Basic,28975.19
1224,Noah Moore,noah.moore1224@shop.io,US,2023-06-20,Standard,24356.43
1225,Charles Martin,charles.martin1225@customer.net,FR,2018-09-06,Basic,1049.08
1226,Charles Hernandez,charles.hernandez1226@example.com,CA,2025-04-09,Standard,44468.11
1227,Patricia Thomas,patricia.thomas1227@shop.io,JP,2022-11-22,Premium,8150.54
1228,Noah Miller,noah.miller1228@customer.net,AU,2022-11-30,Premium,25431.03
1229,Charles Perez,charles.perez1229@shop.io,MX,2025-05-14,Standard,6644.81
1230,Elizabeth Thompson,elizabeth.thompson1230@customer.net,IN,2025-04-26,Basic,18076.75
1231,Jessica Garcia,jessica.garcia1231@mail.com,CA,2018-12-20,Basic,24196.19
1232,Jennifer Miller,jennifer.miller1232@mail.com,MX,2023-07-09,Premium,39694.77
1233,Jessica Martinez,jessica.martinez1233@mail.com,FR,2024-03-30,Premium,49963.13
1234,Barbara Rodriguez,barbara.rodriguez1234@shop.io,DE,2019-12-17,Basic,1695.30
1235,John Hernandez,john.hernandez1235@customer.net,UK,2024-12-04,Premium,6122.33
1236,Linda Thomas,linda.thomas1236@shop.io,AU,2021-12-26,Premium,38527.73
1237,Sarah Rodriguez,sarah.rodriguez1237@mail.com,BR,2024-10-11,Basic,5296.69
1238,Mary Anderson,,UK,2019-03-10,Basic,30521.82
1239,Patricia Moore,patricia.moore1239@example.com,BR,2019-03-08,Premium,31533.31
1240,Michael Lopez,michael.lopez1240@mail.com,CA,2022-12-14,Basic,24969.71
1241,Patricia Jones,patricia.jones1241@shop.io,AU,2019-07-19,Premium,42444.89
1242,Joseph Wilson,joseph.wilson1242@example.com,FR,2023-04-25,Standard,14409.24
1243,Jennifer Williams,jennifer.williams1243@shop.io,AU,2022-08-27,Standard,31509.07
1244,Linda Jones,linda.jones1244@customer.net,FR,2019-07-20,Standard,20729.13
1245,Susan Anderson,susan.anderson1245@shop.io,US,2022-12-18,Premium,38530.57
1246,Ava Taylor,ava.taylor1246@example.com,UK,2021-10-17,Standard,20142.37
1247,Sophia Garcia,sophia.garcia1247@customer.net,US,2022-05-30,Premium,33042.78
1248,Emma Jones,emma.jones1248@example.com,BR,2021-04-26,Standard,20159.94
1249,Oliver Thompson,oliver.thompson1249@shop.io,AU,2021-11-10,Premium,41367.47
1250,Thomas Martin,thomas.martin1250@mail.com,IN,2023-01-02,Basic,10336.16
1251,Sarah Martin,sarah.martin1251@customer.net,AU,2025-04-11,Standard,38792.47
1252,Elizabeth Williams,elizabeth.williams1252@example.com,BR,2021-10-02,Standard,36282.42
1253,Noah Jones,noah.jones1253@shop.io,FR,2019-01-16,Basic,27634.11
1254,Thomas Hernandez,thomas.hernandez1254@mail.com,US,2018-04-25,Basic,29665.92
1255,Linda Martinez,linda.martinez1255@customer.net,BR,2019-03-29,Basic,3091.29
1256,Barbara Rodriguez,barbara.rodriguez1256@shop.io,UK,2018-07-15,Basic,47073.01
1257,Joseph Martinez,joseph.martinez1257@example.com,JP,2021-10-20,Premium,40288.83
1258,Charles Jackson,charles.jackson1258@mail.com,AU,2021-05-10,Standard,33379.42
1259,Ava Jackson,ava.jackson1259@mail.com,IN,2023-10-30,Basic,12456.90
1260,David Taylor,david.taylor1260@mail.com,AU,2023-02-04,Premium,7413.01
1261,Susan Wilson,susan.wilson1261@example.com,UK,2018-09-12,Standard,44436.61
1262,Jessica Miller,jessica.miller1262@customer.net,UK,2022-02-21,Basic,26360.15
1263,Charles Moore,charles.moore1263@customer.net,CA,2024-07-21,Standard,31859.40
1264,Joseph Thompson,joseph.thompson1264@customer.net,IN,2019-10-30,Premium,25338.71
1265,Jessica Thompson,jessica.thompson1265@customer.net,DE,2023-10-04,Basic,5991.10
1266,Michael Anderson,michael.anderson1266@customer.net,US,2019-10-05,Basic,18529.67
1267,Patricia Martin,patricia.martin1267@customer.net,UK,2019-05-11,Standard,28631.06
1268,Mary Taylor,mary.taylor1268@mail.com,UK,2022-03-02,Standard,49551.89
1269,Elizabeth Martinez,elizabeth.martinez1269@customer.net,US,2019-08-09,Premium,39211.24
1270,Susan Johnson,susan.johnson1270@shop.io,CA,2020-06-02,Premium,40974.33
1271,Jessica Smith,jessica.smith1271@example.com,BR,2021-11-29,Premium,43534.28
1272,Susan Thomas,susan.thomas1272@shop.io,MX,2023-01-27,Standard,39089.32
1273,Jessica Martin,jessica.martin1273@mail.com,DE,2023-08-30,Basic,23100.71
1274,Joseph Perez,joseph.perez1274@customer.net,DE,2021-08-25,Premium,40010.59
1275,Oliver Martin,oliver.martin1275@customer.net,IN,2020-08-11,Standard,17015.99
1276,Mary Perez,mary.perez1276@customer.net,CA,2025-03-30,Premium,43311.07
1277,Ava Smith,ava.smith1277@shop.io,BR,2025-03-27,Premium,32231.31
1278,John Miller,john.miller1278@example.com,MX,2023-11-08,Premium,37552.87
1279,Thomas Smith,thomas.smith1279@example.com,BR,2020-01-07,Premium,13820.63
1280,Michael Davis,michael.davis1280@customer.net,UK,2023-12-26,Basic,16089.51
1281,Charles Johnson,charles.johnson1281@customer.net,US,2021-10-24,Standard,9107.35
1282,James Taylor,james.taylor1282@shop.io,IN,2020-11-19,Premium,5820.77
1283,Patricia Moore,patricia.moore1283@mail.com,CA,2019-08-13,Premium,12852.17
1284,John Jones,john.jones1284@shop.io,IN,2019-11-25,Premium,30762.32
1285,David Garcia,david.garcia1285@example.com,US,2021-05-05,Standard,5027.34
1286,Robert Wilson,robert.wilson1286@shop.io,CA,2022-03-19,Premium,2688.72
1287,Linda Martin,linda.martin1287@mail.com,JP,2023-09-15,Basic,19313.93
1288,Patricia Rodriguez,patricia.rodriguez1288@example.com,AU,2023-03-19,Basic,20413.11
1289,Jessica Smith,jessica.smith1289@customer.net,FR,2018-03-18,Standard,27748.35
1290,Charles Perez,charles.perez1290@example.com,FR,2024-03-22,Basic,39282.18
1291,Elizabeth Jackson,elizabeth.jackson1291@customer.net,JP,2018-12-10,Basic,25071.57
1292,Robert Lopez,robert.lopez1292@mail.com,FR,2024-01-11,Standard,48071.46
1293,Sarah Anderson,sarah.anderson1293@example.com,US,2023-03-19,Basic,14533.54
1294,Jennifer Smith,jennifer.smith1294@example.com,JP,2021-01-24,Basic,12619.36
1295,Oliver Gonzalez,oliver.gonzalez1295@shop.io,FR,2024-07-24,Basic,14137.43
1296,Jennifer Moore,jennifer.moore1296@example.com,CA,2019-01-03,Standard,34951.62
1297,Robert Moore,robert.moore1297@shop.io,IN,2020-05-13,Basic,25290.53
1298,David Perez,david.perez1298@shop.io,CA,2023-01-29,Standard,12371.82
1299,David Hernandez,david.hernandez1299@mail.com,JP,2024-09-21,Standard,892.14
1300,Ava Jones,ava.jones1300@example.com,MX,2023-05-06,Premium,45082.10
1301,Oliver Garcia,oliver.garcia1301@customer.net,BR,2023-06-26,Standard,26952.75
1302,Emma Lee,emma.lee1302@example.com,BR,2018-05-07,Basic,22314.32
1303,Patricia Lopez,patricia.lopez1303@customer.net,MX,2022-01-06,Standard,8941.61
1304,Sophia Thompson,sophia.thompson1304@example.com,UK,2023-03-11,Standard,46818.76
1305,Joseph Smith,joseph.smith1305@mail.com,US,2021-02-25,Basic,46077.79
1306,Barbara Miller,barbara.miller1306@example.com,MX,2025-01-04,Standard,40439.88
1307,Linda Davis,linda.davis1307@customer.net,AU,2018-05-31,Standard,24692.61
1308,Ava Thompson,ava.thompson1308@mail.com,US,2020-03-14,Basic,19864.70
1309,William Jackson,william.jackson1309@customer.net,DE,2024-03-10,Premium,33025.93
1310,Charles Perez,charles.perez1310@mail.com,UK,2024-08-06,Premium,37324.07
1311,Robert Rodriguez,robert.rodriguez1311@mail.com,BR,2021-01-28,Premium,42398.58
1312,James Thompson,james.thompson1312@shop.io,BR,2023-02-03,Premium,46900.72
1313,Emma Perez,emma.perez1313@example.com,AU,2022-11-07,Standard,13774.37
1314,Oliver Taylor,oliver.taylor1314@customer.net,JP,2022-01-20,Basic,37975.18
1315,Noah Davis,noah.davis1315@example.com,CA,2022-09-17,Basic,22498.18
1316,James Gonzalez,james.gonzalez1316@mail.com,AU,2018-12-02,Basic,40402.87
1317,Noah Davis,noah.davis1317@customer.net,UK,2020-10-20,Premium,8307.63
1318,Elizabeth Williams,elizabeth.williams1318@example.com,US,2023-05-20,Standard,40422.14
1319,Charles Lee,charles.lee1319@shop.io,CA,2020-10-09,Premium,23731.46
1320,David Johnson,david.johnson1320@shop.io,BR,2020-08-27,Premium,38809.89
1321,Karen Anderson,karen.anderson1321@example.com,JP,2024-06-29,Premium,4368.18
1322,Mary Johnson,mary.johnson1322@customer.net,AU,2018-09-24,Premium,3193.91
1323,Joseph Johnson,joseph.johnson1323@shop.io,MX,2025-01-08,Standard,3382.93
1324,Oliver Johnson,oliver.johnson1324@example.com,CA,2022-04-12,Standard,4881.93
1325,Sophia Wilson,sophia.wilson1325@mail.com,MX,2025-05-26,Basic,629.27
1326,Richard Anderson,richard.anderson1326@customer.net,MX,2024-12-11,Premium,17046.86
1327,Oliver Smith,oliver.smith1327@customer.net,BR,2021-09-06,Basic,9704.82
1328,Patricia Smith,patricia.smith1328@example.com,MX,2020-03-04,Basic,6386.48
1329,Thomas Rodriguez,thomas.rodriguez1329@shop.io,IN,2023-05-26,Basic,31080.45
1330,Jennifer Davis,jennifer.davis1330@mail.com,US,2018-09-05,Premium,15652.17
1331,Susan Taylor,susan.taylor1331@shop.io,CA,2024-07-18,Basic,38797.23
1332,Robert Thomas,robert.thomas1332@shop.io,MX,2021-11-05,Standard,18504.61
1333,James Taylor,james.taylor1333@mail.com,US,2020-08-30,Basic,40977.26
1334,Sarah Johnson,sarah.johnson1334@customer.net,AU,2020-03-11,Premium,32063.68
1335,Michael Williams,michael.williams1335@shop.io,FR,2025-06-28,Standard,34769.59
1336,Joseph Martin,joseph.martin1336@shop.io,MX,2024-05-07,Standard,30843.54
1337,Susan Hernandez,susan.hernandez1337@mail.com,UK,2023-02-04,Premium,24846.94
1338,James Lee,james.lee1338@mail.com,FR,2023-03-26,Basic,10735.61
1339,Jessica Hernandez,jessica.hernandez1339@customer.net,FR,2022-06-28,Premium,41321.60
1340,James Lopez,james.lopez1340@example.com,UK,2022-01-05,Premium,27779.11
1341,Robert Martinez,robert.martinez1341@customer.net,FR,2025-01-29,Basic,45644.16
1342,Barbara Johnson,barbara.johnson1342@example.com,FR,2020-03-21,Standard,8789.91
1343,William Garcia,william.garcia1343@shop.io,BR,2020-10-04,Premium,9879.78
1344,Jennifer Rodriguez,jennifer.rodriguez1344@example.com,US,2019-07-17,Standard,32777.97
1345,Patricia Hernandez,patricia.hernandez1345@mail.com,CA,2023-02-12,Premium,18545.06
1346,Barbara Perez,barbara.perez1346@mail.com,BR,2024-12-27,Standard,43931.54
1347,John Brown,john.brown1347@mail.com,DE,2020-02-16,Premium,26674.47
1348,Ava Lopez,ava.lopez1348@shop.io,MX,2022-10-26,Basic,12303.02
1349,Mary Martin,mary.martin1349@mail.com,BR,2021-04-19,Premium,16451.26
1350,Mary Lee,mary.lee1350@shop.io,DE,2023-09-13,Basic,44303.12
1351,Michael Williams,michael.williams1351@customer.net,MX,2018-09-23,Premium,25479.82
1352,Sophia Lee,sophia.lee1352@shop.io,JP,2023-10-27,Standard,9032.02
1353,Ava Lopez,ava.lopez1353@customer.net,JP,2023-04-25,Standard,29101.21
1354,Emma Jackson,emma.jackson1354@example.com,FR,2020-06-18,Premium,22658.79
1355,Linda Gonzalez,linda.gonzalez1355@mail.com,CA,2022-10-07,Standard,28611.38
1356,Barbara Rodriguez,barbara.rodriguez1356@example.com,DE,2018-12-11,Standard,22280.81
1357,Barbara Davis,barbara.davis1357@example.com,JP,2023-09-30,Basic,16885.06
1358,Joseph Anderson,joseph.anderson1358@customer.net,IN,2022-02-14,Standard,15919.32
1359,Richard Smith,richard.smith1359@mail.com,JP,2020-08-15,Standard,32303.20
1360,Barbara Williams,barbara.williams1360@shop.io,BR,2023-10-02,Basic,32218.35
1361,William Davis,william.davis1361@example.com,UK,2018-10-20,Standard,2010.24
1362,Michael Hernandez,michael.hernandez1362@mail.com,AU,2020-10-21,Standard,37286.04
1363,Sophia Perez,sophia.perez1363@shop.io,FR,2024-10-10,Premium,49920.40
1364,Sophia Thompson,sophia.thompson1364@shop.io,US,2021-05-11,Standard,41133.20
1365,Richard Gonzalez,richard.gonzalez1365@example.com,JP,2025-05-03,Basic,49464.79
1366,Robert Gonzalez,robert.gonzalez1366@mail.com,FR,2020-05-09,Standard,11762.78
1367,Charles Moore,charles.moore1367@customer.net,JP,2021-10-27,Premium,15722.43
1368,Michael Wilson,michael.wilson1368@customer.net,FR,2022-12-02,Standard,42661.90
1369,James Lopez,james.lopez1369@mail.com,MX,2019-06-10,Standard,47173.36
1370,James Thomas,james.thomas1370@shop.io,AU,2020-07-12,Standard,21343.39
1371,Sophia Gonzalez,sophia.gonzalez1371@shop.io,AU,2024-08-01,Premium,28422.11
1372,Mary Jones,mary.jones1372@mail.com,AU,2024-05-16,Basic,39977.37
1373,Karen Jackson,karen.jackson1373@customer.net,IN,2020-04-16,Standard,3279.09
1374,Richard Miller,richard.miller1374@customer.net,UK,2021-09-08,Basic,48100.70
1375,Emma Martinez,emma.martinez1375@example.com,DE,2019-03-04,Basic,27690.04
1376,Mary Thompson,mary.thompson1376@customer.net,US,2020-02-04,Premium,3567.60
1377,Richard Martinez,richard.martinez1377@mail.com,FR,2021-04-07,Basic,26267.34
1378,Joseph Johnson,joseph.johnson1378@shop.io,BR,2018-02-15,Premium,16405.92
1379,Susan Gonzalez,susan.gonzalez1379@mail.com,UK,2019-06-13,Basic,20978.81
1380,Noah Williams,noah.williams1380@customer.net,FR,2019-06-17,Premium,15556.88
1381,Ava Perez,ava.perez1381@customer.net,DE,2024-10-08,Basic,46963.79
1382,Charles Miller,charles.miller1382@customer.net,CA,2020-04-06,Premium,49555.14
1383,Joseph Williams,joseph.williams1383@customer.net,MX,2020-10-08,Basic,16511.68
1384,Charles Thomas,charles.thomas1384@customer.net,JP,2024-06-17,Premium,36890.80
1385,Elizabeth Lee,elizabeth.lee1385@customer.net,AU,2021-05-03,Standard,30690.07
1386,Jennifer Wilson,jennifer.wilson1386@mail.com,DE,2024-12-05,Basic,21660.62
1387,Richard Perez,richard.perez1387@mail.com,MX,2019-01-27,Standard,34962.37
1388,Mary Davis,mary.davis1388@mail.com,CA,2025-01-16,Basic,14665.29
1389,John Thompson,john.thompson1389@mail.com,JP,2022-08-12,Basic,6149.41
1390,Barbara Williams,barbara.williams1390@example.com,BR,2021-08-28,Standard,22601.70
1391,William Miller,william.miller1391@example.com,JP,2018-04-20,Premium,31979.44
1392,Oliver Anderson,oliver.anderson1392@customer.net,AU,2022-06-24,Premium,19894.04
1393,James Rodriguez,james.rodriguez1393@example.com,DE,2021-09-01,Basic,37458.93
1394,Jessica Anderson,jessica.anderson1394@example.com,UK,2024-02-25,Basic,12190.45
1395,Joseph Jones,joseph.jones1395@customer.net,CA,2019-10-23,Premium,41940.93
1396,Karen Brown,karen.brown1396@mail.com,CA,2019-05-24,Basic,37098.17
1397,Jennifer Williams,jennifer.williams1397@example.com,CA,2019-09-21,Standard,17968.54
1398,Michael Thompson,michael.thompson1398@example.com,BR,2020-06-04,Standard,34867.44
1399,Emma Taylor,emma.taylor1399@example.com,IN,2021-06-16,Standard,2715.52
1400,James Johnson,james.johnson1400@customer.net,FR,2020-10-19,Standard,45446.93
1401,Michael Williams,michael.williams1401@example.com,IN,2018-04-25,Premium,16922.12
1402,Michael Perez,michael.perez1402@example.com,FR,2019-01-31,Basic,8477.35
1403,Jennifer Johnson,jennifer.johnson1403@customer.net,BR,2019-03-18,Standard,16201.71
1404,Emma Miller,emma.miller1404@mail.com,BR,2022-06-07,Standard,6128.12
1405,Michael Brown,michael.brown1405@shop.io,AU,2019-12-13,Premium,20166.76
1406,David Smith,david.smith1406@customer.net,FR,2023-02-23,Premium,3394.21
1407,William Lee,william.lee1407@shop.io,US,2018-10-03,Premium,20613.73
1408,Sophia Martin,sophia.martin1408@customer.net,UK,2024-01-06,Basic,8655.81
1409,Patricia Martin,patricia.martin1409@shop.io,IN,2019-06-29,Standard,8849.02
1410,Sophia Thompson,sophia.thompson1410@shop.io,JP,2018-10-04,Standard,980.67
1411,Charles Anderson,charles.anderson1411@customer.net,BR,2025-03-08,Basic,11698.03
1412,Charles Thompson,charles.thompson1412@example.com,FR,2018-03-28,Basic,37971.15
1413,Patricia Martinez,patricia.martinez1413@mail.com,IN,2020-09-24,Basic,4061.54
1414,Robert Lopez,robert.lopez1414@customer.net,CA,2020-04-07,Premium,18849.82
1415,Emma Johnson,emma.johnson1415@mail.com,MX,2022-12-23,Basic,43878.85
1416,Robert Rodriguez,robert.rodriguez1416@shop.io,US,2023-11-04,Standard,32437.51
1417,Elizabeth Smith,elizabeth.smith1417@mail.com,AU,2021-11-04,Premium,10370.29
1418,Mary Perez,mary.perez1418@mail.com,FR,2024-10-26,Standard,26121.44
1419,Jennifer Anderson,jennifer.anderson1419@example.com,UK,2023-07-07,Premium,47687.68
1420,Mary Lee,mary.lee1420@mail.com,FR,2019-05-30,Premium,8766.42
1421,Sarah Miller,sarah.miller1421@mail.com,BR,2018-11-17,Standard,36276.95
1422,Elizabeth Garcia,elizabeth.garcia1422@mail.com,FR,2022-10-03,Premium,30331.97
1423,Elizabeth Martinez,elizabeth.martinez1423@customer.net,FR,2021-01-18,Standard,4092.80
1424,Barbara Gonzalez,barbara.gonzalez1424@customer.net,DE,2023-04-13,Standard,21192.59
1425,Karen Wilson,karen.wilson1425@mail.com,JP,2018-03-23,Standard,21427.12
1426,John Martinez,john.martinez1426@mail.com,BR,2019-12-21,Standard,19084.46
1427,Elizabeth Anderson,elizabeth.anderson1427@shop.io,IN,2024-04-21,Basic,24094.13
1428,David Jones,david.jones1428@customer.net,FR,2019-09-26,Premium,308.61
1429,Thomas Lopez,thomas.lopez1429@customer.net,IN,2022-08-31,Standard,48527.57
1430,Barbara Gonzalez,barbara.gonzalez1430@customer.net,CA,2025-03-10,Basic,3654.59
1431,Mary Brown,mary.brown1431@customer.net,MX,2019-10-28,Premium,38171.24
1432,William Lopez,william.lopez1432@customer.net,AU,2018-08-25,Basic,19328.12
1433,Susan Davis,susan.davis1433@mail.com,JP,2018-05-22,Standard,31584.53
1434,Oliver Smith,oliver.smith1434@mail.com,CA,2024-10-15,Standard,47218.83
1435,Robert Rodriguez,robert.rodriguez1435@mail.com,MX,2024-06-26,Basic,42091.63
1436,James Brown,james.brown1436@example.com,IN,2022-06-17,Basic,29349.40
1437,John Taylor,john.taylor1437@mail.com,IN,2019-11-11,Standard,12718.27
1438,Elizabeth Taylor,elizabeth.taylor1438@customer.net,MX,2021-06-15,Basic,20639.28
1439,Noah Williams,noah.williams1439@example.com,MX,2021-11-11,Premium,13524.16
1440,Michael Gonzalez,michael.gonzalez1440@shop.io,US,2019-11-21,Standard,178.77
1441,John Thompson,john.thompson1441@customer.net,BR,2022-09-04,Basic,14488.18
1442,Susan Garcia,susan.garcia1442@mail.com,AU,2020-02-03,Basic,6803.17
1443,Jessica Garcia,jessica.garcia1443@example.com,JP,2024-05-11,Premium,9363.34
1444,Mary Garcia,mary.garcia1444@mail.com,CA,2022-08-02,Standard,31379.18
1445,Karen Brown,karen.brown1445@mail.com,UK,2021-04-15,Premium,18948.65
1446,William Williams,william.williams1446@shop.io,US,2024-07-26,Premium,23947.06
1447,Oliver Brown,oliver.brown1447@example.com,US,2020-12-25,Premium,33299.58
1448,Mary Brown,mary.brown1448@mail.com,BR,2018-01-30,Standard,30188.94
1449,Sophia Rodriguez,sophia.rodriguez1449@customer.net,JP,2021-10-12,Basic,21529.73
1450,Barbara Perez,barbara.perez1450@shop.io,AU,2020-09-08,Standard,33287.40
1451,Richard Martin,richard.martin1451@example.com,AU,2021-09-14,Premium,253.92
1452,Ava Gonzalez,ava.gonzalez1452@mail.com,US,2024-10-01,Premium,43463.35
1453,William Thompson,william.thompson1453@mail.com,AU,2023-01-26,Basic,34340.62
1454,Jessica Taylor,jessica.taylor1454@customer.net,FR,2018-01-13,Basic,47881.59
1455,David Smith,david.smith1455@shop.io,US,2021-08-26,Basic,22270.87
1456,Karen Thomas,karen.thomas1456@customer.net,MX,2018-11-30,Standard,21453.02
1457,Jessica Perez,jessica.perez1457@example.com,IN,2021-04-18,Basic,9834.34
1458,Robert Taylor,robert.taylor1458@example.com,DE,2023-08-02,Premium,15137.28
1459,Oliver Moore,oliver.moore1459@customer.net,DE,2023-01-02,Premium,24160.21
1460,Sarah Davis,sarah.davis1460@mail.com,FR,2019-11-30,Basic,35025.45
1461,Patricia Wilson,patricia.wilson1461@example.com,DE,2021-08-30,Standard,38338.80
1462,Linda Rodriguez,linda.rodriguez1462@customer.net,UK,2025-06-18,Premium,46144.53
1463,Emma Thomas,emma.thomas1463@example.com,AU,2020-07-05,Basic,38340.23
1464,Karen Williams,karen.williams1464@shop.io,IN,2022-04-13,Basic,32140.89
1465,Sarah Wilson,sarah.wilson1465@mail.com,FR,2020-11-27,Premium,14619.72
1466,Patricia Williams,patricia.williams1466@shop.io,MX,2020-02-10,Basic,47106.17
1467,Charles Lopez,charles.lopez1467@mail.com,AU,2022-04-07,Basic,36872.20
1468,Elizabeth Johnson,elizabeth.johnson1468@mail.com,IN,2022-10-02,Standard,38586.91
1469,Oliver Jones,oliver.jones1469@mail.com,UK,2022-06-08,Premium,26960.81
1470,Joseph Hernandez,joseph.hernandez1470@mail.com,CA,2020-06-15,Standard,34031.04
1471,Robert Martin,robert.martin1471@shop.io,DE,2025-06-18,Basic,1813.76
1472,David Martinez,david.martinez1472@example.com,CA,2024-06-08,Standard,31590.74
1473,Michael Thomas,michael.thomas1473@shop.io,IN,2018-08-29,Standard,7719.84
1474,Ava Miller,ava.miller1474@mail.com,US,2020-01-04,Standard,36397.03
1475,Elizabeth Perez,elizabeth.perez1475@mail.com,US,2024-02-23,Standard,16936.76
1476,Oliver Thomas,oliver.thomas1476@shop.io,IN,2022-05-21,Premium,26439.43
1477,Elizabeth Martinez,elizabeth.martinez1477@mail.com,BR,2022-06-01,Premium,6631.94
1478,Sophia Jackson,sophia.jackson1478@example.com,CA,2023-02-18,Basic,8268.35
1479,Robert Anderson,robert.anderson1479@customer.net,CA,2019-08-17,Premium,10985.01
1480,Noah Miller,noah.miller1480@example.com,AU,2024-06-15,Premium,33948.05
1481,Robert Gonzalez,robert.gonzalez1481@customer.net,DE,2018-08-19,Premium,17843.63
1482,Jessica Garcia,jessica.garcia1482@example.com,UK,2023-10-13,Basic,16990.44
1483,Susan Jones,susan.jones1483@customer.net,FR,2018-05-20,Premium,12118.68
1484,Jessica Martinez,jessica.martinez1484@mail.com,IN,2025-05-21,Premium,38908.76
1485,Emma Gonzalez,emma.gonzalez1485@shop.io,JP,2022-02-13,Premium,6088.02
1486,John Brown,john.brown1486@customer.net,BR,2020-07-10,Premium,29383.83
1487,Charles Thomas,charles.thomas1487@shop.io,UK,2024-08-25,Premium,19259.59
1488,Emma Thompson,emma.thompson1488@customer.net,CA,2024-05-29,Premium,5062.12
1489,John Thompson,john.thompson1489@mail.com,IN,2018-03-22,Standard,27847.40
1490,Sarah Taylor,sarah.taylor1490@customer.net,UK,2023-10-27,Basic,26995.19
1491,Emma Brown,emma.brown1491@mail.com,UK,2020-01-11,Basic,34791.27
1492,James Moore,james.moore1492@customer.net,AU,2019-05-19,Premium,6527.92
1493,Michael Lee,michael.lee1493@mail.com,UK,2024-04-22,Standard,42587.35
1494,Mary Williams,mary.williams1494@example.com,BR,2021-05-07,Standard,48317.17
1495,Jennifer Wilson,jennifer.wilson1495@example.com,FR,2021-05-16,Premium,47316.10
1496,Thomas Martinez,thomas.martinez1496@customer.net,DE,2024-06-21,Standard,34785.56
1497,Thomas Lopez,thomas.lopez1497@mail.com,UK,2025-06-07,Premium,11931.31
1498,Michael Jones,michael.jones1498@shop.io,FR,2019-07-04,Basic,27648.32
1499,Charles Lopez,charles.lopez1499@shop.io,DE,2024-12-23,Standard,3810.55
1500,William Rodriguez,william.rodriguez1500@customer.net,DE,2022-06-27,Standard,4254.38
1501,William Perez,william.perez1501@customer.net,DE,2024-01-05,Premium,3620.85
1502,Noah Rodriguez,noah.rodriguez1502@mail.com,AU,2024-04-27,Basic,32423.77
1503,Thomas Martin,thomas.martin1503@mail.com,IN,2019-09-21,Standard,49623.19
1504,Susan Gonzalez,susan.gonzalez1504@example.com,MX,2020-10-10,Premium,13579.25
1505,Sarah Brown,sarah.brown1505@customer.net,UK,2021-09-11,Basic,4539.81
1506,David Rodriguez,david.rodriguez1506@mail.com,FR,2021-01-25,Premium,4987.55
1507,Linda Gonzalez,linda.gonzalez1507@example.com,UK,2019-12-21,Basic,36443.53
1508,Elizabeth Jackson,elizabeth.jackson1508@customer.net,UK,2023-12-07,Standard,35052.72
1509,Elizabeth Moore,elizabeth.moore1509@shop.io,MX,2019-02-10,Premium,8620.29
1510,Sophia Gonzalez,sophia.gonzalez1510@mail.com,AU,2023-12-18,Basic,29771.38
1511,Richard Thomas,richard.thomas1511@mail.com,CA,2018-02-08,Basic,25726.91
1512,Robert Perez,robert.perez1512@mail.com,DE,2022-04-01,Basic,36797.57
1513,Mary Lee,mary.lee1513@shop.io,FR,2024-10-29,Standard,35368.65
1514,Jennifer Anderson,jennifer.anderson1514@shop.io,JP,2023-08-20,Standard,13863.56
1515,Susan Taylor,susan.taylor1515@mail.com,CA,2025-02-16,Premium,47377.98
1516,Susan Hernandez,susan.hernandez1516@example.com,UK,2018-11-11,Basic,12077.83
1517,John Garcia,john.garcia1517@example.com,UK,2021-03-16,Basic,46486.48
1518,James Wilson,james.wilson1518@mail.com,JP,2023-08-02,Basic,34287.57
1519,Oliver Moore,oliver.moore1519@example.com,IN,2018-02-26,Basic,9590.18
1520,Noah Smith,noah.smith1520@customer.net,BR,2021-11-14,Premium,49711.67
1521,Oliver Taylor,oliver.taylor1521@example.com,MX,2023-01-12,Premium,33758.65
1522,Sophia Taylor,sophia.taylor1522@mail.com,DE,2018-11-04,Standard,41986.50
1523,Thomas Lopez,thomas.lopez1523@example.com,IN,2023-07-23,Standard,8607.15
1524,Patricia Hernandez,patricia.hernandez1524@mail.com,BR,2019-04-28,Standard,15028.98
1525,Elizabeth Rodriguez,elizabeth.rodriguez1525@mail.com,US,2025-01-29,Basic,19741.71
1526,Elizabeth Lee,elizabeth.lee1526@example.com,JP,2024-12-05,Standard,2969.09
1527,James Martin,james.martin1527@customer.net,AU,2021-05-07,Standard,5447.49
1528,Barbara Garcia,barbara.garcia1528@customer.net,AU,2018-02-06,Premium,21597.11
1529,Michael Williams,michael.williams1529@mail.com,IN,2019-05-23,Standard,444.83
1530,Sophia Perez,sophia.perez1530@shop.io,FR,2023-04-12,Standard,18778.04
1531,Barbara Wilson,barbara.wilson1531@mail.com,BR,2021-01-08,Premium,49469.52
1532,Oliver Anderson,oliver.anderson1532@mail.com,DE,2021-12-19,Basic,21754.61
1533,Barbara Thompson,barbara.thompson1533@mail.com,UK,2020-02-16,Standard,2108.79
1534,Richard Wilson,richard.wilson1534@shop.io,US,2019-10-19,Basic,10029.70
1535,Jessica Perez,jessica.perez1535@shop.io,UK,2022-09-21,Standard,27551.17
1536,Oliver Thompson,oliver.thompson1536@mail.com,AU,2022-06-26,Basic,36327.12
1537,Noah Gonzalez,noah.gonzalez1537@mail.com,UK,2019-03-18,Premium,6393.57
1538,Barbara Taylor,barbara.taylor1538@example.com,FR,2018-08-02,Basic,41508.80
1539,Susan Martin,susan.martin1539@example.com,IN,2023-05-21,Standard,14182.94
1540,John Wilson,john.wilson1540@mail.com,MX,2019-09-17,Basic,25610.86
1541,Linda Rodriguez,linda.rodriguez1541@example.com,CA,2020-10-10,Basic,41048.40
1542,Michael Thomas,michael.thomas1542@example.com,BR,2024-11-08,Premium,9514.58
1543,Charles Lee,charles.lee1543@mail.com,FR,2019-05-09,Premium,20124.03
1544,William Miller,william.miller1544@mail.com,IN,2018-03-14,Basic,10062.21
1545,Mary Gonzalez,mary.gonzalez1545@customer.net,BR,2021-06-09,Basic,31702.16
1546,Linda Davis,linda.davis1546@shop.io,IN,2023-05-17,Premium,25542.19
1547,Emma Johnson,emma.johnson1547@shop.io,UK,2021-01-07,Standard,14099.74
1548,Barbara Thompson,barbara.thompson1548@customer.net,FR,2021-08-03,Premium,9169.40
1549,James Johnson,james.johnson1549@shop.io,FR,2021-03-14,Standard,14079.95
1550,Karen Brown,karen.brown1550@customer.net,DE,2020-10-30,Standard,18242.70
1551,Elizabeth Brown,elizabeth.brown1551@example.com,US,2024-03-10,Premium,16627.46
1552,Noah Lopez,noah.lopez1552@shop.io,FR,2025-04-17,Standard,10580.66
1553,Richard Williams,richard.williams1553@example.com,DE,2025-01-22,Basic,30131.57
1554,Mary Jackson,mary.jackson1554@mail.com,FR,2022-12-31,Premium,3836.49
1555,Sarah Martin,sarah.martin1555@shop.io,CA,2023-04-27,Premium,26724.52
1556,Robert Johnson,robert.johnson1556@mail.com,FR,2022-09-09,Basic,35608.99
1557,Sophia Moore,sophia.moore1557@shop.io,AU,2023-01-11,Basic,35894.55
1558,Susan Williams,susan.williams1558@customer.net,IN,2023-11-16,Basic,39565.16
1559,Jennifer Martin,jennifer.martin1559@shop.io,DE,2021-04-01,Premium,47794.56
1560,Mary Thompson,mary.thompson1560@mail.com,IN,2023-07-21,Basic,26670.24
1561,Thomas Williams,thomas.williams1561@mail.com,JP,2023-09-18,Standard,28168.67
1562,Richard Gonzalez,richard.gonzalez1562@shop.io,FR,2020-01-24,Premium,8084.15
1563,Michael Jackson,michael.jackson1563@example.com,BR,2023-02-09,Basic,35416.92
1564,Thomas Rodriguez,thomas.rodriguez1564@shop.io,FR,2021-04-28,Basic,13498.88
1565,Patricia Garcia,patricia.garcia1565@mail.com,US,2023-12-26,Premium,14662.98
1566,Emma Jones,emma.jones1566@shop.io,DE,2021-01-12,Premium,32156.41
1567,Linda Miller,linda.miller1567@example.com,US,2025-04-10,Standard,31670.87
1568,Barbara Hernandez,barbara.hernandez1568@example.com,BR,2020-12-17,Basic,6767.22
1569,Karen Martinez,karen.martinez1569@shop.io,US,2025-01-07,Premium,41214.19
1570,Linda Rodriguez,linda.rodriguez1570@mail.com,CA,2018-03-06,Basic,32900.14
1571,Sophia Jackson,sophia.jackson1571@example.com,IN,2025-05-02,Standard,43514.28
1572,Emma Martin,emma.martin1572@mail.com,JP,2020-06-22,Standard,13512.79
1573,Charles Lee,charles.lee1573@customer.net,DE,2023-01-02,Premium,36517.61
1574,Susan Lopez,susan.lopez1574@mail.com,JP,2019-01-19,Standard,9157.52
1575,Jennifer Garcia,jennifer.garcia1575@mail.com,MX,2023-07-03,Basic,9102.29
1576,Elizabeth Smith,elizabeth.smith1576@shop.io,DE,2019-12-29,Standard,34399.60
1577,Michael Williams,michael.williams1577@mail.com,UK,2022-10-13,Premium,22805.70
1578,Emma Gonzalez,emma.gonzalez1578@example.com,BR,2019-07-17,Basic,37547.16
1579,James Martin,james.martin1579@example.com,IN,2022-04-22,Premium,5590.77
1580,James Lee,james.lee1580@example.com,DE,2020-10-14,Premium,13456.06
1581,Emma Martin,emma.martin1581@example.com,US,2019-03-12,Basic,36832.96
1582,David Thompson,david.thompson1582@example.com,FR,2019-07-25,Standard,38007.61
1583,Joseph Garcia,joseph.garcia1583@shop.io,AU,2023-05-16,Premium,12266.06
1584,Sarah Thompson,sarah.thompson1584@shop.io,BR,2019-05-20,Premium,41263.74
1585,Patricia Moore,patricia.moore1585@shop.io,UK,2023-09-27,Standard,7177.57
1586,Linda Smith,linda.smith1586@mail.com,IN,2022-04-28,Premium,17730.16
1587,Elizabeth Davis,elizabeth.davis1587@customer.net,UK,2023-07-08,Premium,49539.32
1588,Linda Brown,linda.brown1588@shop.io,AU,2018-11-09,Basic,16752.86
1589,Barbara Williams,barbara.williams1589@example.com,MX,2019-09-11,Premium,21488.55
1590,David Martin,david.martin1590@mail.com,IN,2019-09-08,Basic,34389.31
1591,Karen Martinez,karen.martinez1591@shop.io,UK,2021-01-15,Standard,33120.41
1592,William Thompson,william.thompson1592@example.com,US,2019-09-01,Basic,7414.79
1593,Robert Gonzalez,robert.gonzalez1593@customer.net,JP,2018-10-03,Premium,28934.35
1594,Noah Rodriguez,noah.rodriguez1594@mail.com,UK,2021-08-16,Premium,9175.43
1595,Richard Lopez,richard.lopez1595@shop.io,JP,2022-10-03,Standard,34701.69
1596,Susan Martin,susan.martin1596@shop.io,DE,2025-05-02,Premium,19220.94
1597,Sarah Thomas,sarah.thomas1597@customer.net,BR,2024-01-06,Premium,19292.90
1598,Charles Thompson,charles.thompson1598@customer.net,BR,2024-06-24,Basic,40583.47
1599,Linda Thompson,linda.thompson1599@example.com,FR,2022-01-21,Premium,10243.65
1600,James Lopez,james.lopez1600@customer.net,DE,2019-03-28,Premium,45576.95
1601,Barbara Jones,barbara.jones1601@shop.io,JP,2019-08-14,Basic,48593.79
1602,Susan Davis,susan.davis1602@mail.com,FR,2018-08-17,Basic,6976.28
1603,Ava Thompson,ava.thompson1603@mail.com,IN,2018-04-18,Basic,48249.16
1604,Barbara Johnson,barbara.johnson1604@example.com,MX,2018-10-30,Standard,41888.11
1605,Jennifer Smith,jennifer.smith1605@mail.com,AU,2019-08-02,Premium,12327.78
1606,James Jackson,james.jackson1606@customer.net,DE,2020-01-18,Standard,37203.53
1607,Noah Taylor,noah.taylor1607@shop.io,JP,2022-08-13,Basic,16933.11
1608,Emma Thompson,emma.thompson1608@example.com,CA,2019-04-01,Premium,3094.04
1609,Emma Johnson,emma.johnson1609@mail.com,BR,2019-10-19,Premium,19879.89
1610,Susan Perez,susan.perez1610@customer.net,BR,2020-11-22,Basic,25143.43
1611,Ava Davis,ava.davis1611@customer.net,DE,2021-01-18,Premium,26122.90
1612,Robert Miller,robert.miller1612@customer.net,MX,2018-08-18,Premium,19675.31
1613,Noah Moore,noah.moore1613@example.com,JP,2023-05-10,Standard,32669.72
1614,Richard Gonzalez,richard.gonzalez1614@mail.com,US,2022-03-02,Basic,21268.67
1615,William Brown,william.brown1615@example.com,UK,2022-01-25,Basic,38961.98
1616,David Smith,david.smith1616@mail.com,CA,2019-10-29,Basic,5412.58
1617,Michael Martin,michael.martin1617@example.com,CA,2020-02-08,Basic,10166.12
1618,Mary Davis,mary.davis1618@shop.io,UK,2024-05-24,Basic,2339.24
1619,Jessica Johnson,jessica.johnson1619@example.com,AU,2019-01-17,Standard,523.09
1620,Barbara Martinez,barbara.martinez1620@customer.net,BR,2020-03-09,Standard,37616.92
1621,Noah Lopez,noah.lopez1621@mail.com,UK,2021-09-19,Standard,44835.90
1622,Thomas Brown,thomas.brown1622@mail.com,US,2024-08-02,Standard,23899.95
1623,Mary Martinez,mary.martinez1623@mail.com,DE,2023-03-12,Premium,44271.66
1624,John Thompson,john.thompson1624@mail.com,FR,2025-05-03,Premium,38464.40
1625,Jennifer Taylor,jennifer.taylor1625@shop.io,JP,2019-06-22,Standard,14612.99
1626,Karen Wilson,karen.wilson1626@example.com,IN,2020-09-06,Premium,49850.76
1627,Karen Williams,karen.williams1627@mail.com,MX,2025-01-15,Standard,4960.56
1628,James Jones,james.jones1628@shop.io,BR,2018-12-24,Standard,4796.29
1629,David Garcia,david.garcia1629@shop.io,DE,2018-10-07,Standard,28867.92
1630,Barbara Williams,barbara.williams1630@example.com,DE,2023-03-03,Standard,49308.54
1631,William Anderson,william.anderson1631@mail.com,UK,2024-05-18,Standard,2075.67
1632,Elizabeth Gonzalez,elizabeth.gonzalez1632@customer.net,MX,2019-06-13,Standard,18399.94
1633,Karen Hernandez,karen.hernandez1633@shop.io,UK,2022-08-20,Basic,22559.60
1634,Oliver Johnson,oliver.johnson1634@example.com,FR,2024-04-16,Premium,7812.65
1635,Patricia Martinez,patricia.martinez1635@customer.net,DE,2024-05-24,Standard,42706.07
1636,Linda Gonzalez,linda.gonzalez1636@customer.net,UK,2021-11-30,Standard,23477.58
1637,Sarah Anderson,sarah.anderson1637@example.com,UK,2020-01-09,Basic,5506.58
1638,Richard Wilson,richard.wilson1638@mail.com,IN,2021-09-08,Premium,15932.51
1639,Karen Thomas,karen.thomas1639@mail.com,JP,2019-04-14,Standard,22783.47
1640,Sarah Jones,sarah.jones1640@customer.net,DE,2025-03-07,Premium,16077.31
1641,Mary Martin,mary.martin1641@customer.net,US,2022-01-20,Standard,48930.18
1642,Michael Johnson,michael.johnson1642@mail.com,US,2022-09-29,Standard,12678.35
1643,Jennifer Williams,jennifer.williams1643@mail.com,UK,2021-01-26,Standard,4177.28
1644,Ava Anderson,ava.anderson1644@customer.net,BR,2020-05-26,Basic,44664.35
1645,Jennifer Johnson,jennifer.johnson1645@example.com,IN,2021-11-01,Standard,8310.21
1646,Barbara Wilson,barbara.wilson1646@customer.net,JP,2024-01-03,Basic,39214.48
1647,Ava Wilson,ava.wilson1647@shop.io,MX,2022-05-13,Premium,28089.33
1648,Karen Miller,karen.miller1648@example.com,MX,2024-11-30,Premium,16254.25
1649,Noah Hernandez,noah.hernandez1649@example.com,DE,2023-02-22,Premium,25022.33
1650,David Brown,david.brown1650@customer.net,CA,2023-11-03,Basic,283.48
1651,Joseph Jones,joseph.jones1651@customer.net,MX,2019-02-04,Premium,11009.27
1652,Michael Wilson,michael.wilson1652@mail.com,MX,2022-03-27,Premium,17469.47
1653,Michael Perez,michael.perez1653@example.com,AU,2022-01-30,Premium,15167.03
1654,Elizabeth Taylor,elizabeth.taylor1654@example.com,JP,2025-04-11,Standard,20761.28
1655,Barbara Lopez,barbara.lopez1655@customer.net,BR,2021-10-07,Premium,46324.80
1656,Joseph Wilson,joseph.wilson1656@shop.io,DE,2024-03-14,Basic,8216.59
1657,Susan Gonzalez,susan.gonzalez1657@shop.io,IN,2025-02-10,Standard,35134.41
1658,Patricia Williams,patricia.williams1658@example.com,UK,2025-04-14,Premium,30851.39
1659,Susan Brown,susan.brown1659@customer.net,MX,2024-02-10,Premium,31712.90
1660,Thomas Jackson,thomas.jackson1660@example.com,CA,2022-09-19,Premium,11221.68
1661,Joseph Moore,joseph.moore1661@customer.net,UK,2020-03-12,Standard,47532.51
1662,Barbara Anderson,barbara.anderson1662@customer.net,IN,2018-02-01,Standard,39131.58
1663,Thomas Martinez,thomas.martinez1663@shop.io,CA,2021-06-13,Standard,33697.70
1664,James Wilson,james.wilson1664@example.com,US,2018-04-18,Premium,39546.45
1665,Thomas Martin,thomas.martin1665@shop.io,AU,2019-11-30,Basic,49642.16
1666,Linda Moore,linda.moore1666@customer.net,FR,2024-11-29,Basic,19726.55
1667,Mary Jackson,mary.jackson1667@customer.net,DE,2025-02-19,Standard,48870.04
1668,Jennifer Gonzalez,jennifer.gonzalez1668@shop.io,BR,2019-10-11,Standard,11625.38
1669,Ava Jones,ava.jones1669@example.com,MX,2022-05-25,Basic,45841.59
1670,Sarah Garcia,sarah.garcia1670@shop.io,FR,2019-01-17,Premium,1379.45
1671,James Lee,james.lee1671@mail.com,US,2024-12-06,Basic,27229.25
1672,John Jackson,john.jackson1672@customer.net,US,2019-06-19,Standard,31759.70
1673,Sophia Lopez,sophia.lopez1673@mail.com,FR,2025-04-26,Premium,14916.43
1674,Sarah Davis,sarah.davis1674@customer.net,CA,2025-05-24,Premium,13820.74
1675,Robert Lee,robert.lee1675@example.com,MX,2019-02-28,Premium,23010.47
1676,Karen Brown,karen.brown1676@example.com,DE,2021-03-02,Standard,44740.77
1677,John Williams,john.williams1677@customer.net,AU,2020-05-01,Standard,5123.52
1678,James Wilson,james.wilson1678@example.com,JP,2025-01-06,Premium,10593.77
1679,Susan Gonzalez,susan.gonzalez1679@shop.io,JP,2019-10-22,Premium,15007.87
1680,Jennifer Perez,jennifer.perez1680@example.com,UK,2021-11-05,Standard,24247.15
1681,Karen Martin,karen.martin1681@example.com,DE,2023-11-08,Basic,12799.60
1682,Patricia Miller,patricia.miller1682@example.com,BR,2018-04-05,Basic,25636.06
1683,Robert Miller,robert.miller1683@shop.io,UK,2020-06-07,Premium,16444.23
1684,Linda Williams,linda.williams1684@mail.com,CA,2021-01-25,Standard,10041.95
1685,John Lopez,john.lopez1685@shop.io,JP,2023-07-24,Standard,25681.56
1686,Richard Miller,richard.miller1686@shop.io,DE,2020-03-21,Basic,42317.18
1687,Ava Rodriguez,ava.rodriguez1687@customer.net,UK,2024-07-18,Basic,15648.09
1688,Michael Thomas,michael.thomas1688@customer.net,JP,2022-10-02,Basic,37379.25
1689,David Martin,david.martin1689@example.com,MX,2022-04-18,Standard,10066.06
1690,Barbara Lopez,barbara.lopez1690@example.com,JP,2019-11-17,Premium,47909.05
1691,William Jackson,william.jackson1691@customer.net,CA,2024-10-09,Basic,47523.86
1692,Thomas Lopez,thomas.lopez1692@customer.net,US,2019-04-15,Premium,40471.11
1693,Susan Garcia,susan.garcia1693@shop.io,FR,2018-10-25,Premium,32882.03
1694,Barbara Jones,barbara.jones1694@shop.io,UK,2018-02-09,Standard,34445.78
1695,Ava Hernandez,ava.hernandez1695@mail.com,JP,2024-05-13,Standard,44947.32
1696,Sarah Williams,sarah.williams1696@customer.net,CA,2024-09-30,Premium,26410.39
1697,Patricia Moore,patricia.moore1697@shop.io,MX,2018-11-03,Basic,44643.93
1698,Susan Perez,susan.perez1698@customer.net,AU,2021-08-04,Premium,9936.45
1699,Jessica Thomas,jessica.thomas1699@example.com,CA,2022-09-22,Premium,6292.22
1700,Jennifer Martin,jennifer.martin1700@shop.io,MX,2022-04-18,Premium,28863.04
1701,Elizabeth Smith,elizabeth.smith1701@example.com,JP,2021-03-10,Premium,42097.97
1702,Richard Johnson,richard.johnson1702@example.com,AU,2025-03-26,Premium,3565.76
1703,Patricia Wilson,patricia.wilson1703@shop.io,CA,2021-07-23,Standard,20077.18
1704,Sarah Hernandez,sarah.hernandez1704@customer.net,MX,2018-07-12,Standard,14992.34
1705,Joseph Thomas,joseph.thomas1705@example.com,AU,2024-12-06,Premium,1561.48
1706,Mary Smith,mary.smith1706@mail.com,UK,2021-08-15,Basic,36240.24
1707,Linda Garcia,linda.garcia1707@example.com,FR,2022-02-19,Basic,49479.29
1708,Ava Johnson,ava.johnson1708@shop.io,US,2019-03-30,Premium,47362.52
1709,John Rodriguez,john.rodriguez1709@shop.io,MX,2022-04-04,Standard,34963.37
1710,Robert Jackson,robert.jackson1710@customer.net,UK,2019-06-02,Standard,43108.55
1711,Sophia Jackson,sophia.jackson1711@customer.net,JP,2025-06-30,Premium,26136.00
1712,Linda Jackson,linda.jackson1712@customer.net,JP,2021-02-23,Standard,38654.93
1713,Jessica Davis,jessica.davis1713@example.com,CA,2021-04-28,Basic,4231.43
1714,Sarah Davis,sarah.davis1714@mail.com,UK,2018-11-04,Standard,3107.32
1715,James Perez,james.perez1715@mail.com,JP,2022-04-27,Premium,24433.51
1716,David Miller,david.miller1716@shop.io,CA,2023-02-03,Basic,7784.54
1717,Thomas Brown,thomas.brown1717@mail.com,FR,2022-01-29,Standard,48755.72
1718,Karen Taylor,karen.taylor1718@mail.com,IN,2020-02-09,Premium,13964.14
1719,Jennifer Perez,jennifer.perez1719@shop.io,MX,2025-04-09,Premium,7449.76
1720,Patricia Brown,patricia.brown1720@mail.com,US,2023-03-03,Premium,13411.16
1721,Jessica Perez,jessica.perez1721@customer.net,AU,2020-12-23,Premium,46353.68
1722,John Lopez,john.lopez1722@customer.net,FR,2019-09-09,Standard,25159.30
1723,Thomas Hernandez,thomas.hernandez1723@example.com,JP,2021-01-21,Standard,4980.85
1724,Emma Gonzalez,emma.gonzalez1724@customer.net,FR,2021-04-19,Premium,20194.33
1725,Karen Rodriguez,karen.rodriguez1725@customer.net,BR,2022-11-11,Premium,34089.90
1726,Emma Davis,emma.davis1726@example.com,FR,2019-04-17,Premium,44763.41
1727,Charles Rodriguez,charles.rodriguez1727@mail.com,UK,2023-12-20,Premium,13845.43
1728,Karen Thompson,karen.thompson1728@customer.net,IN,2022-05-29,Premium,11072.42
1729,Ava Rodriguez,ava.rodriguez1729@customer.net,FR,2019-12-02,Premium,17446.89
1730,Elizabeth Thompson,elizabeth.thompson1730@shop.io,US,2019-01-22,Premium,25211.68
1731,Ava Martin,ava.martin1731@customer.net,CA,2020-09-04,Premium,15824.11
1732,John Garcia,john.garcia1732@mail.com,AU,2023-02-08,Premium,48115.92
1733,Oliver Thomas,oliver.thomas1733@customer.net,AU,2018-03-27,Premium,48721.10
1734,John Garcia,john.garcia1734@example.com,MX,2021-12-13,Standard,29199.62
1735,Jessica Davis,jessica.davis1735@customer.net,UK,2018-07-05,Premium,28406.60
1736,Elizabeth Davis,elizabeth.davis1736@mail.com,DE,2019-01-20,Premium,15299.65
1737,Noah Hernandez,noah.hernandez1737@customer.net,JP,2021-12-07,Basic,12941.24
1738,Jessica Rodriguez,jessica.rodriguez1738@shop.io,JP,2018-02-25,Standard,15126.59
1739,David Taylor,david.taylor1739@customer.net,UK,2021-01-10,Basic,26013.51
1740,Emma Smith,emma.smith1740@mail.com,IN,2020-06-21,Basic,49704.93
1741,Barbara Thomas,barbara.thomas1741@example.com,FR,2024-06-23,Basic,34820.72
1742,Susan Lopez,susan.lopez1742@mail.com,UK,2020-03-04,Standard,31972.81
1743,William Lee,william.lee1743@customer.net,BR,2019-12-18,Standard,45525.32
1744,Barbara Hernandez,barbara.hernandez1744@customer.net,MX,2022-09-06,Standard,15535.23
1745,Mary Jackson,mary.jackson1745@shop.io,MX,2019-05-19,Standard,39787.10
1746,Charles Lopez,charles.lopez1746@shop.io,UK,2018-02-04,Standard,46368.92
1747,Robert Anderson,robert.anderson1747@mail.com,BR,2021-04-01,Basic,27951.22
1748,Jennifer Martinez,jennifer.martinez1748@customer.net,CA,2018-09-22,Standard,878.06
1749,Mary Miller,mary.miller1749@shop.io,MX,2019-05-21,Premium,24469.48
1750,James Wilson,james.wilson1750@shop.io,US,2018-07-24,Standard,6972.17
1751,Elizabeth Taylor,elizabeth.taylor1751@mail.com,UK,2021-01-13,Premium,49796.11
1752,Michael Wilson,michael.wilson1752@example.com,CA,2020-06-15,Premium,23711.57
1753,Barbara Davis,barbara.davis1753@customer.net,IN,2022-06-23,Premium,44662.37
1754,Elizabeth Martin,elizabeth.martin1754@shop.io,DE,2024-04-28,Standard,33978.26
1755,David Jackson,david.jackson1755@mail.com,FR,2020-10-21,Premium,20873.98
1756,Michael Martinez,michael.martinez1756@shop.io,UK,2021-05-02,Basic,46363.21
1757,Joseph Moore,joseph.moore1757@mail.com,IN,2022-11-25,Premium,7016.63
1758,Joseph Thompson,joseph.thompson1758@shop.io,BR,2022-01-04,Standard,17774.27
1759,Joseph Wilson,joseph.wilson1759@customer.net,JP,2018-04-24,Basic,1418.46
1760,Sophia Wilson,sophia.wilson1760@example.com,DE,2024-11-24,Standard,39352.93
1761,Charles Taylor,charles.taylor1761@shop.io,DE,2024-12-18,Basic,45005.62
1762,Elizabeth Johnson,elizabeth.johnson1762@customer.net,DE,2022-07-09,Basic,397.05
1763,Sophia Taylor,sophia.taylor1763@customer.net,US,2018-12-13,Premium,13581.72
1764,Emma Brown,emma.brown1764@shop.io,MX,2019-02-03,Standard,28315.62
1765,Ava Hernandez,ava.hernandez1765@example.com,UK,2024-07-22,Basic,25589.96
1766,Ava Johnson,ava.johnson1766@mail.com,BR,2019-08-14,Basic,37047.16
1767,Jessica Jones,jessica.jones1767@mail.com,DE,2021-05-17,Basic,15613.45
1768,James Thomas,james.thomas1768@mail.com,UK,2018-10-03,Premium,7735.80
1769,Patricia Taylor,patricia.taylor1769@example.com,FR,2020-04-16,Premium,23739.74
1770,Thomas Anderson,thomas.anderson1770@customer.net,US,2019-05-14,Standard,20287.41
1771,Jennifer Davis,jennifer.davis1771@shop.io,MX,2022-12-04,Basic,30896.20
1772,Susan Jones,susan.jones1772@example.com,DE,2019-08-04,Basic,32907.52
1773,Jennifer Taylor,jennifer.taylor1773@mail.com,JP,2023-05-22,Standard,14543.50
1774,Patricia Jackson,patricia.jackson1774@customer.net,AU,2025-06-27,Standard,19620.34
1775,Ava Brown,ava.brown1775@customer.net,IN,2022-10-07,Premium,1495.74
1776,Joseph Brown,joseph.brown1776@customer.net,US,2024-07-05,Standard,1800.77
1777,Emma Perez,emma.perez1777@customer.net,US,2021-12-23,Premium,23448.56
1778,Noah Anderson,noah.anderson1778@shop.io,US,2019-10-11,Standard,25081.85
1779,Thomas Miller,thomas.miller1779@shop.io,BR,2022-05-19,Basic,3232.01
1780,Emma Jones,emma.jones1780@shop.io,MX,2021-10-21,Standard,35787.59
1781,Robert Rodriguez,robert.rodriguez1781@shop.io,IN,2018-10-07,Basic,24238.85
1782,Jessica Martin,jessica.martin1782@mail.com,MX,2023-09-08,Basic,26319.15
1783,Robert Thompson,robert.thompson1783@shop.io,MX,2024-07-06,Standard,29266.21
1784,Richard Williams,richard.williams1784@example.com,US,2019-10-14,Premium,4917.37
1785,Patricia Thomas,patricia.thomas1785@customer.net,AU,2020-08-06,Basic,39800.68
1786,Patricia Garcia,patricia.garcia1786@customer.net,IN,2018-09-21,Premium,30633.98
1787,Patricia Johnson,patricia.johnson1787@example.com,JP,2022-03-14,Basic,31601.57
1788,James Garcia,james.garcia1788@shop.io,UK,2023-01-16,Standard,6747.51
1789,Emma Jackson,emma.jackson1789@mail.com,FR,2020-10-31,Standard,21931.99
1790,Elizabeth Davis,elizabeth.davis1790@mail.com,DE,2022-11-13,Basic,40452.74
1791,Michael Williams,michael.williams1791@example.com,UK,2020-04-13,Premium,40519.43
1792,James Lopez,james.lopez1792@customer.net,MX,2024-02-17,Premium,17101.49
1793,Oliver Lee,oliver.lee1793@customer.net,FR,2020-04-29,Basic,41396.02
1794,Thomas Lopez,thomas.lopez1794@shop.io,MX,2024-04-07,Premium,40099.63
1795,Joseph Wilson,joseph.wilson1795@customer.net,UK,2024-05-20,Premium,6446.90
1796,Thomas Martinez,thomas.martinez1796@example.com,UK,2023-08-05,Premium,2668.80
1797,Sarah Hernandez,sarah.hernandez1797@example.com,FR,2021-04-02,Standard,19582.27
1798,Barbara Williams,barbara.williams1798@mail.com,CA,2018-11-03,Basic,28810.25
1799,Thomas Martin,thomas.martin1799@shop.io,IN,2024-12-08,Premium,27342.48
1800,Patricia Jackson,patricia.jackson1800@customer.net,CA,2025-04-29,Premium,1710.51
1801,Susan Rodriguez,susan.rodriguez1801@mail.com,AU,2018-09-01,Premium,10291.24
1802,Noah Hernandez,noah.hernandez1802@example.com,FR,2023-07-15,Premium,40302.53
1803,Charles Martin,charles.martin1803@example.com,AU,2018-10-17,Standard,29947.56
1804,Karen Williams,karen.williams1804@customer.net,DE,2021-01-13,Basic,2182.87
1805,Mary Thomas,mary.thomas1805@mail.com,AU,2022-11-03,Standard,15240.57
1806,Linda Smith,linda.smith1806@example.com,US,2020-03-14,Basic,30446.12
1807,Richard Perez,richard.perez1807@example.com,BR,2023-05-29,Premium,19417.52
1808,Richard Thompson,richard.thompson1808@mail.com,IN,2022-10-15,Basic,6974.74
1809,Joseph Brown,joseph.brown1809@shop.io,AU,2020-03-04,Standard,21882.58
1810,Mary Davis,mary.davis1810@mail.com,UK,2024-08-07,Premium,11433.58
1811,Noah Moore,noah.moore1811@example.com,US,2020-10-20,Premium,3922.92
1812,Robert Anderson,robert.anderson1812@mail.com,CA,2018-06-29,Standard,17548.40
1813,Emma Davis,emma.davis1813@shop.io,DE,2024-10-18,Standard,23987.19
1814,Patricia Perez,patricia.perez1814@example.com,UK,2020-10-21,Basic,10372.46
1815,Ava Lopez,ava.lopez1815@mail.com,JP,2021-05-24,Standard,39032.39
1816,Elizabeth Lee,elizabeth.lee1816@mail.com,BR,2020-12-31,Standard,34918.80
1817,Thomas Brown,thomas.brown1817@example.com,AU,2022-08-10,Basic,47533.11
1818,Jessica Rodriguez,jessica.rodriguez1818@example.com,FR,2019-07-16,Basic,11603.74
1819,Noah Moore,noah.moore1819@mail.com,UK,2022-03-06,Basic,40837.34
1820,Robert Johnson,robert.johnson1820@mail.com,JP,2025-04-16,Standard,47656.93
1821,James Thomas,james.thomas1821@example.com,CA,2021-02-12,Basic,19270.41
1822,John Johnson,john.johnson1822@shop.io,MX,2022-04-22,Standard,1040.54
1823,Richard Gonzalez,richard.gonzalez1823@customer.net,US,2020-07-08,Premium,19028.41
1824,Oliver Wilson,oliver.wilson1824@example.com,CA,2018-05-09,Basic,38173.51
1825,James Martin,james.martin1825@shop.io,CA,2024-08-17,Premium,37886.88
1826,David Martin,david.martin1826@customer.net,IN,2018-08-22,Premium,27709.37
1827,Noah Perez,noah.perez1827@shop.io,BR,2023-03-14,Standard,28672.86
1828,Charles Taylor,charles.taylor1828@shop.io,DE,2022-04-11,Standard,37307.12
1829,Linda Jones,linda.jones1829@example.com,CA,2021-01-28,Premium,49940.41
1830,Sophia Moore,sophia.moore1830@shop.io,AU,2024-05-28,Standard,2026.45
1831,William Lopez,william.lopez1831@shop.io,CA,2025-04-28,Basic,715.72
1832,Elizabeth Jackson,elizabeth.jackson1832@shop.io,CA,2020-01-03,Standard,23189.94
1833,Joseph Smith,joseph.smith1833@customer.net,US,2022-01-09,Standard,31923.37
1834,Sarah Miller,sarah.miller1834@customer.net,US,2024-07-01,Premium,13894.64
1835,Karen Moore,karen.moore1835@shop.io,UK,2022-12-10,Premium,12974.54
1836,William Rodriguez,william.rodriguez1836@customer.net,DE,2020-07-20,Basic,8807.31
1837,Karen Lee,karen.lee1837@example.com,FR,2019-04-14,Basic,2021.24
1838,Oliver Taylor,oliver.taylor1838@customer.net,MX,2021-07-23,Premium,27715.04
1839,Linda Johnson,linda.johnson1839@shop.io,CA,2018-03-08,Basic,42262.04
1840,Barbara Moore,barbara.moore1840@example.com,MX,2020-08-19,Standard,5547.26
1841,Thomas Anderson,thomas.anderson1841@example.com,BR,2018-11-14,Premium,10281.69
1842,Charles Lopez,charles.lopez1842@customer.net,UK,2025-03-14,Standard,43805.06
1843,Robert Smith,robert.smith1843@shop.io,MX,2022-01-15,Standard,48757.42
1844,Emma Lopez,emma.lopez1844@customer.net,CA,2024-12-22,Premium,8099.61
1845,Mary Martinez,mary.martinez1845@mail.com,MX,2018-04-15,Premium,30491.00
1846,David Taylor,david.taylor1846@shop.io,FR,2022-04-01,Basic,1726.72
1847,Noah Jones,noah.jones1847@customer.net,UK,2018-11-13,Premium,28313.57
1848,Charles Lee,charles.lee1848@customer.net,BR,2019-05-12,Basic,39930.45
1849,Karen Thomas,karen.thomas1849@customer.net,AU,2021-01-07,Premium,41816.84
1850,Elizabeth Davis,elizabeth.davis1850@shop.io,FR,2022-01-22,Premium,22845.47
1851,Noah Brown,noah.brown1851@mail.com,JP,2022-08-07,Standard,4076.53
1852,Sarah Taylor,sarah.taylor1852@example.com,AU,2025-04-30,Standard,30300.40
1853,Joseph Wilson,joseph.wilson1853@mail.com,MX,2019-05-29,Basic,12322.70
1854,Susan Perez,susan.perez1854@mail.com,MX,2020-12-02,Standard,17144.43
1855,Patricia Williams,patricia.williams1855@customer.net,IN,2023-08-31,Premium,28842.98
1856,Emma Miller,emma.miller1856@mail.com,JP,2018-03-05,Premium,6127.36
1857,William Moore,william.moore1857@customer.net,UK,2019-06-02,Premium,41709.53
1858,James Thompson,james.thompson1858@mail.com,UK,2019-06-27,Basic,43357.30
1859,Richard Wilson,richard.wilson1859@shop.io,DE,2022-07-06,Basic,27891.34
1860,Ava Martinez,ava.martinez1860@example.com,AU,2021-10-10,Basic,30476.99
1861,Patricia Johnson,patricia.johnson1861@example.com,AU,2023-01-13,Standard,31578.51
1862,Noah Wilson,noah.wilson1862@shop.io,JP,2019-07-06,Basic,9254.19
1863,Sophia Jackson,sophia.jackson1863@example.com,DE,2018-02-01,Basic,29693.10
1864,Oliver Lee,oliver.lee1864@customer.net,IN,2021-08-05,Standard,8918.44
1865,Noah Jackson,noah.jackson1865@shop.io,UK,2020-08-09,Standard,24715.34
1866,Mary Jackson,mary.jackson1866@customer.net,CA,2021-08-15,Standard,15997.05
1867,Jennifer Jones,jennifer.jones1867@example.com,FR,2022-10-30,Basic,13984.98
1868,Karen Hernandez,karen.hernandez1868@example.com,AU,2021-03-12,Premium,6015.70
1869,William Thomas,william.thomas1869@customer.net,FR,2019-11-25,Standard,46966.31
1870,William Martin,william.martin1870@example.com,FR,2025-06-22,Standard,7136.05
1871,Michael Moore,michael.moore1871@mail.com,US,2024-09-17,Premium,47996.84
1872,Sarah Moore,sarah.moore1872@mail.com,US,2023-06-24,Premium,18540.07
1873,Elizabeth Jackson,elizabeth.jackson1873@customer.net,JP,2023-11-04,Premium,41568.78
1874,Elizabeth Brown,elizabeth.brown1874@example.com,JP,2022-11-06,Standard,13226.52
1875,Robert Rodriguez,robert.rodriguez1875@example.com,AU,2018-11-20,Basic,39686.67
1876,Noah Williams,noah.williams1876@shop.io,DE,2023-09-08,Standard,13877.79
1877,Emma Taylor,emma.taylor1877@example.com,AU,2018-06-07,Standard,5111.90
1878,Ava Taylor,ava.taylor1878@shop.io,FR,2024-04-05,Basic,41897.98
1879,Emma Johnson,emma.johnson1879@example.com,FR,2019-07-15,Basic,18872.83
1880,Linda Perez,linda.perez1880@mail.com,CA,2023-04-10,Premium,24276.90
1881,Jennifer Thomas,jennifer.thomas1881@shop.io,DE,2020-03-24,Basic,43805.60
1882,Thomas Miller,thomas.miller1882@example.com,IN,2018-10-03,Standard,27931.08
1883,Michael Thompson,michael.thompson1883@mail.com,US,2022-09-09,Basic,13227.38
1884,Richard Lee,richard.lee1884@mail.com,AU,2023-06-07,Basic,32881.35
1885,Jennifer Martinez,jennifer.martinez1885@mail.com,CA,2025-06-29,Standard,24562.07
1886,Emma Gonzalez,emma.gonzalez1886@shop.io,BR,2023-05-25,Standard,4917.01
1887,Patricia Martinez,patricia.martinez1887@customer.net,JP,2021-08-25,Premium,33154.66
1888,Patricia Garcia,patricia.garcia1888@customer.net,AU,2025-05-29,Premium,17444.17
1889,Richard Thompson,richard.thompson1889@mail.com,JP,2023-06-27,Basic,20658.94
1890,Linda Smith,linda.smith1890@shop.io,CA,2023-09-10,Premium,44501.54
1891,Susan Johnson,susan.johnson1891@shop.io,CA,2021-07-24,Standard,19629.78
1892,Joseph Wilson,joseph.wilson1892@customer.net,CA,2018-08-12,Standard,24326.71
1893,Linda Hernandez,linda.hernandez1893@example.com,CA,2023-01-08,Standard,11143.37
1894,Jennifer Moore,jennifer.moore1894@mail.com,UK,2024-11-17,Basic,16551.24
1895,Karen Moore,karen.moore1895@example.com,US,2022-04-03,Premium,39043.63
1896,David Lopez,david.lopez1896@example.com,US,2023-10-26,Premium,18168.67
1897,Michael Garcia,michael.garcia1897@customer.net,FR,2021-04-03,Premium,45541.61
1898,David Wilson,david.wilson1898@mail.com,BR,2020-10-15,Premium,1900.14
1899,James Taylor,james.taylor1899@example.com,BR,2022-06-18,Standard,2210.03
1900,Elizabeth Martinez,elizabeth.martinez1900@example.com,FR,2025-01-30,Basic,12440.70
1901,William Brown,william.brown1901@customer.net,IN,2019-06-22,Basic,43843.41
1902,John Williams,john.williams1902@example.com,BR,2022-08-29,Premium,835.61
1903,Sarah Martin,sarah.martin1903@mail.com,UK,2024-08-06,Standard,9794.77
1904,Karen Martinez,karen.martinez1904@shop.io,IN,2023-09-30,Basic,1269.25
1905,William Anderson,william.anderson1905@mail.com,UK,2020-12-18,Basic,28852.43
1906,Richard Martinez,richard.martinez1906@customer.net,UK,2020-06-29,Standard,28093.71
1907,Jessica Martinez,jessica.martinez1907@mail.com,IN,2018-03-12,Standard,36405.11
1908,Barbara Moore,barbara.moore1908@example.com,JP,2020-07-06,Basic,48762.00
1909,Richard Davis,richard.davis1909@customer.net,AU,2023-05-07,Basic,5536.53
1910,Elizabeth Hernandez,elizabeth.hernandez1910@mail.com,UK,2019-01-26,Basic,8545.86
1911,Jessica Jackson,jessica.jackson1911@mail.com,UK,2019-08-02,Standard,30862.77
1912,Jessica Taylor,jessica.taylor1912@mail.com,US,2023-07-15,Standard,20651.74
1913,Noah Hernandez,noah.hernandez1913@mail.com,US,2021-08-09,Basic,28309.08
1914,Susan Smith,susan.smith1914@shop.io,FR,2024-04-22,Standard,27324.87
1915,David Lee,,AU,2023-03-05,Basic,24201.51
1916,Sarah Williams,sarah.williams1916@example.com,IN,2018-11-14,Standard,6451.39
1917,James Garcia,james.garcia1917@example.com,DE,2020-03-19,Standard,43500.48
1918,Patricia Johnson,patricia.johnson1918@customer.net,JP,2019-12-01,Basic,40177.36
1919,Jessica Jones,jessica.jones1919@customer.net,IN,2018-02-07,Standard,5967.40
1920,Elizabeth Perez,elizabeth.perez1920@shop.io,BR,2021-08-13,Basic,44488.29
1921,Charles Lee,charles.lee1921@mail.com,DE,2021-04-03,Basic,34282.68
1922,Karen Thompson,karen.thompson1922@shop.io,BR,2024-10-12,Standard,23658.29
1923,Michael Hernandez,michael.hernandez1923@mail.com,DE,2023-11-18,Basic,41487.45
1924,James Hernandez,james.hernandez1924@customer.net,DE,2019-09-08,Standard,3445.70
1925,James Martinez,james.martinez1925@mail.com,FR,2019-01-20,Basic,22983.82
1926,Patricia Johnson,patricia.johnson1926@customer.net,MX,2019-10-03,Premium,17587.59
1927,Sarah Davis,sarah.davis1927@shop.io,US,2020-02-29,Standard,14280.96
1928,Susan Jackson,susan.jackson1928@shop.io,AU,2025-01-01,Standard,46721.96
1929,Sarah Moore,sarah.moore1929@mail.com,UK,2024-08-24,Premium,5238.52
1930,Michael Rodriguez,michael.rodriguez1930@mail.com,CA,2024-04-27,Premium,6422.53
1931,Thomas Jackson,thomas.jackson1931@customer.net,AU,2024-06-15,Basic,30278.28
1932,Noah Martin,noah.martin1932@customer.net,FR,2019-11-20,Premium,39189.90
1933,Michael Williams,michael.williams1933@mail.com,DE,2019-11-07,Standard,43743.23
1934,David Williams,david.williams1934@example.com,DE,2023-09-27,Standard,21327.74
1935,Jessica Hernandez,jessica.hernandez1935@shop.io,BR,2019-04-26,Premium,28051.24
1936,Richard Gonzalez,richard.gonzalez1936@customer.net,AU,2021-06-30,Basic,15916.90
1937,John Martin,john.martin1937@mail.com,DE,2025-02-08,Standard,35596.24
1938,Susan Moore,susan.moore1938@customer.net,JP,2020-10-23,Basic,6099.96
1939,Susan Lee,susan.lee1939@shop.io,DE,2018-04-14,Standard,42783.07
1940,Sophia Perez,sophia.perez1940@shop.io,IN,2020-05-25,Basic,28033.72
1941,Michael Gonzalez,michael.gonzalez1941@shop.io,DE,2018-02-13,Premium,22159.82
1942,Thomas Miller,thomas.miller1942@example.com,MX,2021-06-25,Standard,4796.01
1943,Barbara Rodriguez,barbara.rodriguez1943@example.com,MX,2021-01-23,Premium,32396.18
1944,Emma Thomas,emma.thomas1944@customer.net,US,2020-11-02,Standard,31300.99
1945,Charles Smith,charles.smith1945@customer.net,MX,2025-02-02,Standard,24565.99
1946,Jessica Lee,jessica.lee1946@example.com,US,2022-02-22,Premium,30684.73
1947,Ava Jones,ava.jones1947@mail.com,DE,2018-12-06,Standard,41719.81
1948,Patricia Johnson,patricia.johnson1948@customer.net,US,2021-07-11,Premium,42908.72
1949,William Miller,william.miller1949@example.com,AU,2021-07-20,Basic,8543.75
1950,Charles Lopez,charles.lopez1950@example.com,IN,2022-09-02,Basic,33515.09
1951,John Miller,john.miller1951@mail.com,CA,2018-12-10,Premium,22225.60
1952,William Martin,william.martin1952@mail.com,BR,2022-08-04,Premium,31801.45
1953,James Martinez,james.martinez1953@shop.io,BR,2021-12-07,Premium,17138.48
1954,Charles Thompson,charles.thompson1954@example.com,MX,2023-03-12,Premium,5901.46
1955,John Garcia,john.garcia1955@example.com,DE,2021-07-24,Basic,31368.58
1956,James Garcia,james.garcia1956@example.com,FR,2025-02-26,Standard,23071.42
1957,Noah Davis,noah.davis1957@shop.io,FR,2019-06-28,Standard,2761.43
1958,Ava Martinez,ava.martinez1958@mail.com,CA,2019-07-30,Basic,15845.49
1959,Linda Miller,linda.miller1959@shop.io,FR,2019-12-27,Standard,13041.77
1960,Joseph Rodriguez,joseph.rodriguez1960@example.com,JP,2021-12-25,Basic,18244.29
1961,Sophia Lee,sophia.lee1961@customer.net,DE,2018-05-31,Basic,19345.46
1962,Sarah Jackson,sarah.jackson1962@mail.com,IN,2021-11-21,Basic,40564.32
1963,Elizabeth Miller,elizabeth.miller1963@shop.io,BR,2024-03-09,Basic,39735.31
1964,John Taylor,john.taylor1964@mail.com,CA,2020-06-12,Standard,13116.21
1965,Patricia Taylor,patricia.taylor1965@mail.com,JP,2019-07-27,Standard,29382.35
1966,Barbara Jackson,barbara.jackson1966@customer.net,MX,2018-05-19,Standard,35094.28
1967,Emma Lopez,emma.lopez1967@example.com,DE,2022-09-23,Standard,16802.15
1968,Emma Brown,emma.brown1968@mail.com,AU,2021-06-08,Premium,23395.37
1969,Jennifer Smith,jennifer.smith1969@customer.net,MX,2023-02-13,Basic,28840.66
1970,Susan Gonzalez,susan.gonzalez1970@customer.net,FR,2020-10-31,Basic,18723.41
1971,David Thomas,david.thomas1971@customer.net,CA,2018-06-14,Premium,38182.32
1972,Thomas Brown,thomas.brown1972@customer.net,IN,2021-01-08,Basic,20097.43
1973,James Garcia,james.garcia1973@mail.com,CA,2024-09-10,Basic,47148.02
1974,Michael Jackson,michael.jackson1974@mail.com,DE,2025-06-10,Standard,39449.61
1975,Mary Williams,mary.williams1975@shop.io,DE,2021-11-18,Standard,19860.09
1976,Joseph Smith,joseph.smith1976@mail.com,FR,2019-12-06,Standard,15445.58
1977,Jennifer Davis,jennifer.davis1977@mail.com,IN,2019-01-05,Basic,12312.15
1978,Oliver Moore,oliver.moore1978@shop.io,US,2023-05-10,Premium,17301.12
1979,Jessica Moore,jessica.moore1979@customer.net,FR,2023-04-19,Basic,18876.95
1980,Joseph Thompson,joseph.thompson1980@mail.com,UK,2022-05-07,Premium,15986.00
1981,Robert Gonzalez,robert.gonzalez1981@shop.io,CA,2022-10-06,Basic,19753.13
1982,John Lopez,john.lopez1982@customer.net,MX,2018-04-21,Premium,44290.84
1983,Jennifer Davis,jennifer.davis1983@shop.io,AU,2021-10-24,Basic,41179.58
1984,Karen Martin,karen.martin1984@customer.net,UK,2025-03-29,Premium,6990.19
1985,Michael Johnson,michael.johnson1985@mail.com,CA,2022-11-19,Premium,17045.37
1986,Emma Garcia,emma.garcia1986@customer.net,DE,2021-03-13,Standard,19402.09
1987,Jessica Johnson,jessica.johnson1987@shop.io,IN,2020-01-06,Premium,19970.98
1988,Thomas Brown,thomas.brown1988@customer.net,UK,2021-11-19,Basic,36660.26
1989,Emma Gonzalez,emma.gonzalez1989@example.com,DE,2021-07-30,Premium,28776.64
1990,Richard Perez,richard.perez1990@customer.net,US,2023-06-15,Basic,48000.05
1991,Richard Wilson,richard.wilson1991@example.com,CA,2022-10-07,Standard,37129.04
1992,Patricia Martin,patricia.martin1992@customer.net,BR,2022-03-08,Standard,35629.96
1993,Sarah Lopez,sarah.lopez1993@example.com,DE,2022-10-03,Basic,38004.57
1994,Oliver Williams,oliver.williams1994@mail.com,US,2021-10-12,Basic,29548.63
1995,Michael Taylor,michael.taylor1995@customer.net,IN,2018-07-18,Standard,14157.52
1996,Patricia Thomas,patricia.thomas1996@customer.net,AU,2018-07-25,Basic,34350.74
1997,William Wilson,william.wilson1997@shop.io,CA,2018-04-07,Basic,13435.05
1998,Elizabeth Lopez,elizabeth.lopez1998@customer.net,US,2023-01-04,Standard,14954.40
1999,Mary Martin,mary.martin1999@example.com,AU,2018-05-30,Basic,36960.14
2000,Linda Garcia,linda.garcia2000@example.com,BR,2019-01-23,Premium,36366.68
2001,Emma Thomas,emma.thomas2001@customer.net,CA,2021-11-15,Standard,34480.69
2002,Linda Taylor,linda.taylor2002@customer.net,US,2018-11-10,Standard,18702.48
2003,Robert Martin,robert.martin2003@example.com,IN,2023-10-01,Basic,4030.37
2004,Emma Martinez,emma.martinez2004@customer.net,IN,2018-04-02,Premium,47522.90
2005,William Lee,william.lee2005@example.com,IN,2019-04-22,Premium,28587.66
2006,Elizabeth Martin,elizabeth.martin2006@mail.com,US,2022-03-13,Basic,23698.62
2007,Sophia Wilson,sophia.wilson2007@shop.io,DE,2021-02-07,Basic,33604.83
2008,Karen Gonzalez,karen.gonzalez2008@mail.com,CA,2021-01-21,Premium,20418.42
2009,James Wilson,james.wilson2009@mail.com,CA,2020-12-29,Standard,29994.06
2010,Emma Hernandez,emma.hernandez2010@example.com,FR,2020-07-09,Premium,35479.52
2011,Linda Williams,linda.williams2011@shop.io,MX,2023-03-02,Basic,21096.16
2012,Karen Hernandez,karen.hernandez2012@customer.net,JP,2024-04-03,Premium,17213.24
2013,David Lopez,david.lopez2013@customer.net,DE,2023-03-08,Basic,24998.83
2014,Sarah Thompson,sarah.thompson2014@mail.com,IN,2020-11-13,Standard,1710.10
2015,Charles Williams,charles.williams2015@customer.net,BR,2021-11-15,Premium,10456.80
2016,Thomas Lopez,thomas.lopez2016@shop.io,CA,2021-07-15,Standard,33757.61
2017,James Jones,james.jones2017@mail.com,MX,2021-12-11,Basic,21633.38
2018,Sophia Smith,sophia.smith2018@shop.io,BR,2023-07-04,Premium,18826.68
2019,Sarah Jones,sarah.jones2019@customer.net,MX,2019-05-21,Premium,19847.91
2020,Michael Brown,michael.brown2020@shop.io,DE,2019-10-14,Basic,48946.93
2021,Sarah Wilson,sarah.wilson2021@shop.io,FR,2022-09-09,Basic,14016.10
2022,Sophia Lopez,sophia.lopez2022@example.com,AU,2023-08-20,Basic,26672.16
2023,Linda Gonzalez,linda.gonzalez2023@customer.net,JP,2021-03-18,Standard,7932.69
2024,Jennifer Gonzalez,,US,2023-12-22,Standard,38170.44
2025,Emma Garcia,emma.garcia2025@example.com,IN,2024-07-04,Basic,20963.18
2026,Susan Wilson,susan.wilson2026@mail.com,US,2024-12-09,Premium,7014.74
2027,Karen Taylor,karen.taylor2027@example.com,MX,2024-05-26,Basic,20497.88
2028,James Hernandez,james.hernandez2028@mail.com,DE,2024-05-20,Basic,23648.48
2029,John Lopez,john.lopez2029@example.com,MX,2025-05-03,Standard,27647.66
2030,Michael Garcia,michael.garcia2030@customer.net,AU,2020-09-07,Premium,23661.22
2031,Ava Miller,ava.miller2031@shop.io,DE,2021-04-15,Premium,44732.83
2032,Michael Jackson,michael.jackson2032@customer.net,JP,2020-09-30,Basic,30202.12
2033,Linda Garcia,linda.garcia2033@customer.net,BR,2025-03-12,Premium,40203.97
2034,David Garcia,david.garcia2034@mail.com,JP,2018-10-14,Premium,37455.56
2035,Oliver Perez,oliver.perez2035@customer.net,BR,2023-04-10,Standard,3611.24
2036,Susan Rodriguez,susan.rodriguez2036@example.com,MX,2025-04-04,Basic,35766.73
2037,Joseph Thomas,joseph.thomas2037@example.com,CA,2022-06-20,Basic,38461.19
2038,Barbara Gonzalez,barbara.gonzalez2038@customer.net,IN,2019-05-24,Premium,7384.59
2039,William Jackson,william.jackson2039@example.com,DE,2022-02-10,Standard,32861.19
2040,Robert Davis,robert.davis2040@customer.net,FR,2020-12-19,Premium,16568.28
2041,Ava Williams,ava.williams2041@customer.net,JP,2020-09-29,Standard,17187.90
2042,Ava Anderson,ava.anderson2042@shop.io,JP,2020-11-22,Basic,13837.42
2043,Mary Jones,mary.jones2043@mail.com,BR,2021-03-27,Premium,11128.97
2044,Barbara Jackson,barbara.jackson2044@shop.io,CA,2021-06-10,Basic,7999.29
2045,Emma Martinez,emma.martinez2045@customer.net,JP,2021-04-22,Premium,37212.28
2046,Ava Jones,ava.jones2046@mail.com,MX,2021-04-12,Standard,12939.55
2047,Linda Smith,linda.smith2047@mail.com,MX,2021-05-25,Premium,29253.31
2048,William Lopez,william.lopez2048@customer.net,JP,2024-12-08,Premium,48622.92
2049,Emma Jones,emma.jones2049@shop.io,BR,2022-03-14,Standard,43283.88
2050,Jessica Lee,jessica.lee2050@mail.com,BR,2023-05-29,Premium,24251.52
2051,Richard Smith,richard.smith2051@example.com,AU,2020-07-09,Standard,10400.82
2052,Robert Rodriguez,robert.rodriguez2052@example.com,FR,2021-12-31,Standard,23020.15
2053,Emma Smith,emma.smith2053@mail.com,FR,2022-01-29,Basic,1738.74
2054,Emma Brown,emma.brown2054@shop.io,BR,2018-10-03,Standard,27708.89
2055,Sarah Moore,sarah.moore2055@example.com,US,2023-01-04,Basic,26195.14
2056,Linda Rodriguez,linda.rodriguez2056@mail.com,FR,2020-07-24,Basic,35897.27
2057,Jennifer Johnson,jennifer.johnson2057@shop.io,BR,2021-02-10,Premium,37181.20
2058,Noah Williams,noah.williams2058@mail.com,BR,2021-05-25,Premium,10465.83
2059,Linda Jackson,linda.jackson2059@customer.net,JP,2019-02-07,Basic,44093.86
2060,Mary Hernandez,mary.hernandez2060@example.com,FR,2023-05-14,Premium,22150.71
2061,Jessica Miller,jessica.miller2061@example.com,BR,2024-08-11,Premium,29954.85
2062,Elizabeth Jackson,elizabeth.jackson2062@example.com,MX,2022-10-27,Premium,36027.07
2063,Joseph Lee,joseph.lee2063@mail.com,MX,2025-02-13,Basic,37801.59
2064,James Rodriguez,james.rodriguez2064@customer.net,MX,2021-01-13,Standard,31593.29
2065,David Taylor,david.taylor2065@customer.net,BR,2021-03-08,Basic,15051.90
2066,Sarah Davis,sarah.davis2066@shop.io,CA,2024-04-17,Basic,15509.32
2067,Joseph Brown,joseph.brown2067@mail.com,JP,2018-01-27,Standard,44679.01
2068,Thomas Thomas,thomas.thomas2068@customer.net,DE,2020-01-03,Premium,38045.84
2069,Oliver Martinez,oliver.martinez2069@example.com,JP,2021-11-03,Basic,34379.24
2070,Jennifer Miller,jennifer.miller2070@example.com,FR,2020-05-23,Standard,25138.80
2071,David Taylor,david.taylor2071@customer.net,UK,2021-05-14,Basic,10593.57
2072,Oliver Jones,oliver.jones2072@shop.io,DE,2020-02-26,Standard,39311.97
2073,Jennifer Martin,jennifer.martin2073@mail.com,AU,2023-10-17,Standard,32709.18
2074,Susan Rodriguez,susan.rodriguez2074@mail.com,CA,2023-04-18,Standard,18602.47
2075,Elizabeth Hernandez,elizabeth.hernandez2075@shop.io,AU,2023-01-17,Standard,21322.36
2076,Richard Wilson,richard.wilson2076@example.com,IN,2018-08-15,Standard,17745.23
2077,Robert Anderson,robert.anderson2077@shop.io,US,2020-04-08,Premium,33136.52
2078,William Martinez,william.martinez2078@shop.io,US,2021-08-11,Standard,39566.90
2079,David Moore,david.moore2079@mail.com,FR,2024-12-04,Basic,22061.14
2080,William Brown,william.brown2080@example.com,FR,2019-10-20,Standard,36170.17
2081,Noah Jackson,noah.jackson2081@customer.net,US,2025-05-24,Standard,34421.26
2082,Ava Thomas,ava.thomas2082@mail.com,CA,2024-10-21,Basic,18813.44
2083,Patricia Johnson,patricia.johnson2083@shop.io,CA,2024-01-13,Standard,21962.40
2084,Elizabeth Brown,elizabeth.brown2084@customer.net,DE,2018-10-31,Standard,48861.21
2085,Noah Wilson,noah.wilson2085@mail.com,DE,2024-08-12,Standard,28746.99
2086,Sarah Williams,sarah.williams2086@customer.net,FR,2021-09-04,Basic,27374.59
2087,Oliver Rodriguez,oliver.rodriguez2087@shop.io,US,2019-07-30,Premium,43549.18
2088,Ava Thompson,ava.thompson2088@shop.io,AU,2023-01-01,Basic,44240.79
2089,Jennifer Hernandez,jennifer.hernandez2089@customer.net,FR,2023-03-03,Standard,16717.30
2090,Oliver Thompson,oliver.thompson2090@shop.io,CA,2024-10-08,Basic,46640.78
2091,Robert Brown,robert.brown2091@customer.net,IN,2022-06-12,Standard,39925.03
2092,Thomas Johnson,thomas.johnson2092@shop.io,US,2024-05-06,Standard,49783.15
2093,Thomas Hernandez,thomas.hernandez2093@customer.net,CA,2024-06-12,Standard,31755.25
2094,Noah Williams,noah.williams2094@example.com,BR,2019-04-06,Basic,7995.37
2095,Thomas Williams,thomas.williams2095@customer.net,MX,2025-04-17,Premium,37620.17
2096,Sophia Perez,sophia.perez2096@customer.net,CA,2023-03-23,Standard,44478.84
2097,Noah Jones,noah.jones2097@shop.io,UK,2020-01-15,Basic,28803.66
2098,Joseph Taylor,joseph.taylor2098@customer.net,US,2022-07-03,Basic,14761.31
2099,Karen Gonzalez,karen.gonzalez2099@example.com,US,2020-07-11,Standard,21414.76
2100,William Davis,william.davis2100@shop.io,BR,2023-02-18,Basic,33303.55
2101,Sophia Jackson,sophia.jackson2101@shop.io,MX,2019-09-18,Premium,38672.29
2102,Michael Martinez,michael.martinez2102@mail.com,UK,2018-04-18,Basic,30135.88
2103,Mary Jones,mary.jones2103@shop.io,UK,2021-09-03,Standard,46430.42
2104,Oliver Miller,oliver.miller2104@mail.com,CA,2019-10-31,Standard,49551.07
2105,Linda Miller,linda.miller2105@shop.io,US,2019-07-17,Standard,6243.19
2106,Richard Smith,richard.smith2106@customer.net,FR,2022-04-08,Premium,22395.93
2107,Richard Miller,richard.miller2107@mail.com,IN,2024-08-14,Premium,4733.30
2108,Jennifer Taylor,jennifer.taylor2108@example.com,DE,2020-05-08,Premium,47040.71
2109,Noah Martin,noah.martin2109@shop.io,AU,2022-08-28,Premium,10595.34
2110,John Taylor,john.taylor2110@shop.io,JP,2020-11-11,Basic,5688.42
2111,Joseph Smith,joseph.smith2111@example.com,IN,2022-09-17,Standard,48082.27
2112,Patricia Lopez,patricia.lopez2112@shop.io,CA,2018-09-25,Standard,47302.43
2113,Emma Martinez,emma.martinez2113@mail.com,UK,2025-04-18,Basic,40527.45
2114,Jessica Smith,jessica.smith2114@shop.io,AU,2018-07-05,Premium,42385.99
2115,Jennifer Jackson,jennifer.jackson2115@example.com,DE,2023-10-26,Premium,7096.99
2116,Jessica Johnson,jessica.johnson2116@example.com,MX,2020-05-09,Basic,33081.51
2117,Barbara Martin,barbara.martin2117@customer.net,DE,2022-09-14,Premium,8814.41
2118,Thomas Jones,thomas.jones2118@mail.com,AU,2019-03-25,Premium,1596.01
2119,Michael Martinez,michael.martinez2119@customer.net,AU,2020-12-22,Basic,16121.53
2120,James Hernandez,james.hernandez2120@example.com,JP,2018-05-21,Basic,43614.20
2121,Susan Johnson,susan.johnson2121@customer.net,MX,2023-11-22,Premium,7992.81
2122,James Lopez,james.lopez2122@mail.com,UK,2022-09-16,Premium,5709.29
2123,Jessica Anderson,jessica.anderson2123@customer.net,BR,2022-12-09,Premium,42860.08
2124,Emma Smith,emma.smith2124@shop.io,JP,2023-04-08,Standard,6497.11
2125,Oliver Moore,oliver.moore2125@shop.io,MX,2025-06-30,Basic,4910.27
2126,Jessica Jackson,jessica.jackson2126@mail.com,DE,2020-06-17,Basic,6577.40
2127,Robert Davis,robert.davis2127@example.com,UK,2022-07-13,Standard,44357.20
2128,Patricia Davis,patricia.davis2128@mail.com,CA,2020-01-27,Basic,33002.52
2129,David Thompson,david.thompson2129@customer.net,MX,2023-10-31,Basic,28900.63
2130,William Jones,william.jones2130@shop.io,IN,2022-03-16,Basic,7346.53
2131,Noah Johnson,noah.johnson2131@customer.net,US,2020-03-21,Premium,814.65
2132,Emma Johnson,emma.johnson2132@mail.com,DE,2022-06-14,Standard,684.45
2133,Jessica Thomas,jessica.thomas2133@shop.io,FR,2025-01-19,Basic,20342.27
2134,Michael Anderson,michael.anderson2134@shop.io,BR,2022-12-07,Premium,37273.52
2135,Emma Taylor,emma.taylor2135@shop.io,AU,2020-02-03,Standard,17115.05
2136,Jessica Moore,jessica.moore2136@customer.net,UK,2025-06-29,Standard,38187.13
2137,William Williams,william.williams2137@shop.io,IN,2025-03-15,Premium,48241.19
2138,Robert Brown,robert.brown2138@mail.com,JP,2019-04-01,Premium,27568.19
2139,Elizabeth Jones,elizabeth.jones2139@shop.io,CA,2023-01-28,Standard,27709.59
2140,John Taylor,john.taylor2140@mail.com,IN,2023-09-24,Premium,7171.25
2141,Oliver Davis,oliver.davis2141@example.com,FR,2021-12-20,Basic,30086.72
2142,Robert Jackson,robert.jackson2142@example.com,BR,2022-01-25,Basic,11598.13
2143,Thomas Garcia,thomas.garcia2143@shop.io,DE,2019-02-15,Basic,8365.21
2144,Emma Martin,emma.martin2144@mail.com,DE,2024-01-25,Basic,21258.38
2145,Michael Rodriguez,michael.rodriguez2145@example.com,IN,2021-04-29,Standard,45057.73
2146,Susan Thomas,susan.thomas2146@customer.net,AU,2019-07-12,Basic,46913.34
2147,James Williams,james.williams2147@shop.io,BR,2025-06-29,Standard,10516.86
2148,Noah Martin,noah.martin2148@example.com,US,2022-08-08,Premium,7275.20
2149,Jennifer Davis,jennifer.davis2149@customer.net,DE,2025-03-31,Standard,19610.88
2150,Michael Davis,michael.davis2150@shop.io,UK,2020-07-15,Standard,7107.97
2151,Richard Brown,richard.brown2151@mail.com,FR,2022-12-22,Premium,33644.67
2152,Sophia Hernandez,sophia.hernandez2152@example.com,UK,2023-11-03,Standard,26259.62
2153,Sophia Lee,sophia.lee2153@customer.net,FR,2025-05-29,Standard,15011.23
2154,Patricia Moore,patricia.moore2154@customer.net,DE,2018-10-16,Basic,17134.72
2155,William Johnson,,CA,2019-04-08,Basic,23379.63
2156,Charles Garcia,charles.garcia2156@customer.net,CA,2020-07-09,Basic,5242.20
2157,Noah Martin,noah.martin2157@shop.io,FR,2025-06-16,Standard,41851.78
2158,Susan Wilson,susan.wilson2158@example.com,UK,2021-02-21,Basic,36648.88
2159,William Lee,william.lee2159@shop.io,IN,2025-06-24,Standard,49156.01
2160,John Smith,,JP,2020-09-21,Basic,24799.30
2161,Charles Wilson,charles.wilson2161@shop.io,UK,2023-06-22,Basic,30371.36
2162,Charles Gonzalez,charles.gonzalez2162@customer.net,US,2024-09-30,Premium,29558.11
2163,Emma Brown,emma.brown2163@example.com,UK,2020-09-04,Standard,29048.08
2164,Ava Martin,ava.martin2164@customer.net,IN,2018-06-13,Standard,32389.71
2165,Joseph Anderson,joseph.anderson2165@example.com,IN,2025-01-16,Basic,38903.77
2166,Oliver Smith,oliver.smith2166@mail.com,MX,2020-01-11,Premium,31563.01
2167,David Brown,david.brown2167@shop.io,IN,2018-04-27,Basic,22885.49
2168,William Lopez,william.lopez2168@shop.io,AU,2020-10-15,Standard,22355.74
2169,Mary Hernandez,mary.hernandez2169@customer.net,CA,2019-10-20,Premium,27968.03
2170,Sarah Lee,sarah.lee2170@shop.io,IN,2021-11-28,Premium,42251.51
2171,John Hernandez,john.hernandez2171@shop.io,MX,2024-01-14,Basic,40277.26
2172,Linda Hernandez,linda.hernandez2172@shop.io,UK,2019-01-06,Basic,20362.65
2173,Karen Thomas,karen.thomas2173@mail.com,IN,2020-04-08,Standard,42813.19
2174,Jessica Lopez,jessica.lopez2174@shop.io,JP,2022-01-20,Premium,47969.48
2175,David Smith,david.smith2175@example.com,FR,2024-07-11,Standard,45450.62
2176,Ava Lee,ava.lee2176@shop.io,BR,2024-01-14,Premium,19958.76
2177,Ava Williams,ava.williams2177@mail.com,UK,2019-01-06,Basic,29938.67
2178,Oliver Gonzalez,oliver.gonzalez2178@shop.io,DE,2021-10-25,Basic,17754.60
2179,Robert Gonzalez,robert.gonzalez2179@example.com,CA,2024-11-17,Basic,48540.18
2180,David Davis,david.davis2180@customer.net,US,2020-10-04,Basic,7835.09
2181,William Smith,william.smith2181@customer.net,FR,2020-06-15,Premium,43769.28
2182,Joseph Lee,joseph.lee2182@mail.com,DE,2018-02-20,Standard,12259.64
2183,James Martin,james.martin2183@customer.net,JP,2022-08-25,Basic,27606.18
2184,Charles Miller,charles.miller2184@customer.net,DE,2023-10-26,Basic,20040.88
2185,Charles Gonzalez,charles.gonzalez2185@shop.io,AU,2020-12-15,Standard,18574.40
2186,Linda Hernandez,linda.hernandez2186@shop.io,UK,2019-07-05,Standard,43011.23
2187,Ava Davis,ava.davis2187@mail.com,UK,2023-09-10,Basic,23839.31
2188,David Brown,david.brown2188@mail.com,AU,2025-03-26,Basic,41071.76
2189,Linda Anderson,linda.anderson2189@shop.io,MX,2018-08-06,Standard,30978.41
2190,Jessica Jackson,jessica.jackson2190@customer.net,UK,2019-12-03,Premium,28041.94
2191,Sarah Lee,sarah.lee2191@example.com,AU,2023-05-07,Basic,7479.22
2192,Oliver Lopez,oliver.lopez2192@example.com,CA,2024-05-22,Standard,47372.81
2193,Noah Smith,noah.smith2193@customer.net,IN,2019-07-01,Standard,10838.68
2194,Joseph Martinez,joseph.martinez2194@shop.io,AU,2020-08-10,Basic,39940.97
2195,Thomas Wilson,thomas.wilson2195@mail.com,BR,2024-07-31,Standard,43150.42
2196,Karen Johnson,karen.johnson2196@shop.io,MX,2019-05-06,Premium,30731.13
2197,Thomas Wilson,thomas.wilson2197@mail.com,FR,2020-10-16,Basic,38709.33
2198,Jennifer Garcia,jennifer.garcia2198@example.com,JP,2019-05-05,Standard,4546.37
2199,Richard Jackson,richard.jackson2199@customer.net,IN,2022-04-11,Basic,23772.93
2200,David Garcia,david.garcia2200@example.com,CA,2021-12-25,Premium,35392.41
2201,William Thomas,william.thomas2201@example.com,DE,2020-12-03,Standard,10110.30
2202,Barbara Lee,barbara.lee2202@example.com,AU,2023-01-25,Premium,26240.97
2203,James Martin,james.martin2203@example.com,BR,2018-08-31,Basic,18720.03
2204,Jennifer Smith,jennifer.smith2204@example.com,US,2021-08-31,Standard,15382.56
2205,Charles Jackson,charles.jackson2205@shop.io,UK,2019-12-08,Premium,31860.43
2206,Jessica Garcia,jessica.garcia2206@mail.com,AU,2019-02-02,Basic,45639.46
2207,Karen Lopez,karen.lopez2207@mail.com,JP,2019-12-29,Basic,7527.60
2208,Joseph Smith,joseph.smith2208@example.com,BR,2019-05-08,Standard,46758.11
2209,Patricia Lopez,patricia.lopez2209@mail.com,MX,2023-10-25,Premium,45021.50
2210,Jessica Miller,jessica.miller2210@mail.com,MX,2021-10-13,Standard,46437.45
2211,Sarah Gonzalez,sarah.gonzalez2211@customer.net,UK,2024-03-21,Premium,16983.36
2212,Barbara Jones,barbara.jones2212@mail.com,JP,2020-02-11,Standard,2175.36
2213,Mary Thomas,mary.thomas2213@example.com,BR,2019-01-08,Basic,32774.72
2214,Thomas Jackson,thomas.jackson2214@customer.net,BR,2025-03-19,Premium,14199.82
2215,Robert Anderson,robert.anderson2215@mail.com,CA,2025-01-09,Standard,20271.48
2216,Richard Williams,richard.williams2216@customer.net,US,2023-07-06,Premium,16143.57
2217,Jessica Martin,jessica.martin2217@customer.net,CA,2023-08-01,Standard,38565.04
2218,Ava Johnson,ava.johnson2218@example.com,FR,2019-01-01,Standard,44615.41
2219,Noah Jackson,noah.jackson2219@mail.com,AU,2018-07-16,Basic,1495.36
2220,Elizabeth Gonzalez,elizabeth.gonzalez2220@mail.com,AU,2024-01-12,Premium,41204.92
2221,Oliver Wilson,oliver.wilson2221@mail.com,BR,2022-02-27,Basic,34989.23
2222,Michael Brown,michael.brown2222@customer.net,DE,2020-06-26,Basic,16083.49
2223,Ava Miller,ava.miller2223@customer.net,FR,2024-05-28,Basic,30689.54
2224,Mary Gonzalez,mary.gonzalez2224@mail.com,UK,2021-04-04,Premium,45229.34
2225,Oliver Hernandez,oliver.hernandez2225@mail.com,IN,2020-07-24,Standard,45887.42
2226,Richard Johnson,richard.johnson2226@mail.com,DE,2024-09-18,Premium,31126.00
2227,William Wilson,william.wilson2227@shop.io,FR,2025-04-30,Basic,45695.43
2228,Susan Thompson,susan.thompson2228@example.com,IN,2022-08-22,Standard,13976.52
2229,Michael Thomas,michael.thomas2229@shop.io,MX,2018-02-12,Basic,34656.90
2230,Mary Thompson,mary.thompson2230@customer.net,DE,2025-06-08,Basic,11226.43
2231,Emma Brown,emma.brown2231@example.com,DE,2023-06-25,Premium,9249.59
2232,David Garcia,david.garcia2232@shop.io,IN,2021-03-12,Basic,14393.30
2233,Charles Rodriguez,charles.rodriguez2233@example.com,UK,2022-06-06,Premium,47515.42
2234,Sarah Thomas,sarah.thomas2234@mail.com,DE,2023-10-24,Premium,23500.95
2235,Patricia Brown,patricia.brown2235@mail.com,US,2022-05-09,Premium,4272.04
2236,Ava Williams,ava.williams2236@mail.com,IN,2024-11-25,Standard,21961.61
2237,Robert Anderson,robert.anderson2237@example.com,BR,2020-02-14,Premium,36273.01
2238,Mary Jackson,mary.jackson2238@example.com,DE,2021-10-30,Standard,46099.80
2239,Barbara Anderson,barbara.anderson2239@mail.com,US,2022-05-22,Standard,7739.56
2240,Elizabeth Taylor,elizabeth.taylor2240@example.com,FR,2020-01-24,Basic,9797.52
2241,Oliver Anderson,oliver.anderson2241@example.com,JP,2018-10-12,Premium,30122.83
2242,Elizabeth Moore,elizabeth.moore2242@mail.com,DE,2024-02-20,Standard,2929.98
2243,Oliver Williams,oliver.williams2243@customer.net,BR,2023-12-29,Premium,30967.45
2244,Jennifer Hernandez,jennifer.hernandez2244@shop.io,US,2019-08-11,Premium,34247.39
2245,James Gonzalez,james.gonzalez2245@example.com,MX,2018-08-28,Standard,38457.89
2246,Patricia Davis,patricia.davis2246@example.com,MX,2024-02-13,Premium,1087.69
2247,Jessica Jackson,jessica.jackson2247@customer.net,CA,2024-11-28,Standard,22538.59
2248,Noah Davis,noah.davis2248@customer.net,MX,2020-10-21,Standard,49008.53
2249,Emma Anderson,emma.anderson2249@customer.net,DE,2023-02-04,Basic,43984.26
2250,Linda Jones,linda.jones2250@shop.io,DE,2022-05-11,Standard,44108.67
2251,Barbara Smith,barbara.smith2251@customer.net,CA,2019-08-13,Premium,23050.61
2252,Ava Moore,ava.moore2252@mail.com,IN,2019-05-28,Basic,17711.77
2253,Richard Wilson,richard.wilson2253@customer.net,JP,2023-01-27,Standard,47623.46
2254,Joseph Lopez,joseph.lopez2254@shop.io,AU,2025-06-18,Standard,6742.42
2255,Thomas Miller,thomas.miller2255@mail.com,FR,2020-02-22,Basic,9810.63
2256,Noah Perez,noah.perez2256@shop.io,JP,2024-02-24,Standard,18803.35
2257,Elizabeth Miller,elizabeth.miller2257@customer.net,DE,2023-04-11,Premium,27187.15
2258,Joseph Martinez,joseph.martinez2258@customer.net,US,2020-03-27,Premium,16950.39
2259,Jennifer Perez,jennifer.perez2259@customer.net,BR,2022-11-04,Premium,47165.63
2260,James Thompson,james.thompson2260@mail.com,IN,2024-05-13,Basic,8699.80
2261,Noah Perez,noah.perez2261@mail.com,IN,2024-06-13,Premium,7619.09
2262,David Anderson,david.anderson2262@mail.com,DE,2023-06-17,Standard,30556.86
2263,Sophia Martin,sophia.martin2263@example.com,UK,2018-09-25,Premium,1171.16
2264,Mary Hernandez,mary.hernandez2264@example.com,AU,2022-01-01,Premium,37204.85
2265,Michael Martinez,,AU,2024-12-27,Standard,29214.08
2266,Joseph Thomas,joseph.thomas2266@shop.io,DE,2021-04-01,Standard,5164.82
2267,Sarah Garcia,sarah.garcia2267@mail.com,DE,2022-08-28,Premium,26662.02
2268,Karen Wilson,karen.wilson2268@mail.com,BR,2024-03-12,Basic,23531.42
2269,William Thompson,william.thompson2269@mail.com,UK,2025-06-12,Premium,45468.31
2270,Patricia Johnson,patricia.johnson2270@mail.com,IN,2023-04-21,Standard,23896.31
2271,Sophia Smith,sophia.smith2271@shop.io,JP,2024-07-23,Basic,9173.50
2272,James Thomas,james.thomas2272@shop.io,AU,2018-12-15,Standard,3537.61
2273,Robert Martin,robert.martin2273@shop.io,IN,2019-09-05,Premium,49645.54
2274,Oliver Miller,oliver.miller2274@shop.io,CA,2018-12-07,Standard,30180.34
2275,Jessica Smith,jessica.smith2275@customer.net,DE,2022-02-04,Standard,9681.95
2276,William Taylor,william.taylor2276@example.com,JP,2021-07-28,Premium,2695.35
2277,Linda Thompson,linda.thompson2277@shop.io,CA,2023-01-13,Standard,16942.14
2278,William Perez,william.perez2278@customer.net,UK,2021-09-25,Basic,1665.55
2279,Karen Smith,karen.smith2279@example.com,CA,2022-04-09,Premium,45236.28
2280,Richard Gonzalez,richard.gonzalez2280@example.com,CA,2022-03-17,Standard,18403.01
2281,Thomas Wilson,thomas.wilson2281@customer.net,AU,2019-06-27,Standard,35983.94
2282,Sarah Miller,sarah.miller2282@customer.net,CA,2020-12-28,Premium,45676.52
2283,Oliver Williams,oliver.williams2283@shop.io,BR,2019-04-10,Premium,40556.67
2284,Sophia Brown,sophia.brown2284@mail.com,UK,2019-12-27,Standard,3341.46
2285,Charles Davis,charles.davis2285@example.com,UK,2018-02-09,Basic,771.02
2286,David Martin,,DE,2024-07-14,Basic,48285.64
2287,Joseph Lee,joseph.lee2287@shop.io,UK,2024-11-14,Premium,2902.70
2288,Robert Miller,robert.miller2288@example.com,DE,2019-01-11,Basic,47574.45
2289,James Wilson,james.wilson2289@mail.com,FR,2018-07-24,Basic,4062.66
2290,David Lee,david.lee2290@mail.com,JP,2020-03-19,Basic,49397.68
2291,Karen Thompson,karen.thompson2291@mail.com,JP,2021-03-25,Basic,33840.34
2292,Mary Anderson,mary.anderson2292@mail.com,BR,2018-01-26,Premium,8874.96
2293,Michael Rodriguez,michael.rodriguez2293@mail.com,BR,2024-06-14,Premium,35028.35
2294,Ava Williams,ava.williams2294@mail.com,DE,2021-08-09,Premium,8204.93
2295,Emma Jackson,emma.jackson2295@shop.io,MX,2022-08-16,Basic,32065.68
2296,Michael Wilson,michael.wilson2296@shop.io,AU,2020-09-13,Basic,448.46
2297,Oliver Rodriguez,oliver.rodriguez2297@shop.io,DE,2018-09-22,Premium,3232.87
2298,Barbara Johnson,barbara.johnson2298@customer.net,UK,2023-01-01,Premium,48860.66
2299,Oliver Williams,oliver.williams2299@shop.io,MX,2022-01-20,Basic,34085.93
2300,Oliver Williams,oliver.williams2300@shop.io,AU,2023-01-21,Standard,37135.41
2301,Jessica Lopez,jessica.lopez2301@customer.net,CA,2023-06-27,Standard,27341.25
2302,Noah Miller,noah.miller2302@mail.com,MX,2019-11-30,Premium,34574.14
2303,Susan Anderson,susan.anderson2303@customer.net,AU,2022-07-10,Standard,43447.24
2304,Joseph Anderson,joseph.anderson2304@mail.com,DE,2022-04-29,Standard,47486.73
2305,Robert Hernandez,robert.hernandez2305@customer.net,DE,2022-06-25,Standard,796.11
2306,Oliver Garcia,oliver.garcia2306@mail.com,MX,2020-01-24,Premium,4832.82
2307,Richard Thomas,richard.thomas2307@mail.com,CA,2021-10-13,Premium,1181.87
2308,Richard Garcia,richard.garcia2308@shop.io,BR,2021-02-11,Premium,9578.31
2309,Karen Thomas,karen.thomas2309@customer.net,IN,2019-10-17,Standard,48458.08
2310,Mary Lopez,mary.lopez2310@example.com,UK,2021-08-17,Basic,23887.34
2311,Elizabeth Jones,elizabeth.jones2311@mail.com,BR,2023-07-18,Premium,20875.63
2312,James Martinez,james.martinez2312@mail.com,AU,2025-01-26,Standard,34234.47
2313,Susan Martin,susan.martin2313@example.com,MX,2019-06-15,Basic,14166.66
2314,Noah Lopez,noah.lopez2314@mail.com,AU,2024-05-04,Standard,3249.94
2315,Joseph Lopez,joseph.lopez2315@customer.net,FR,2020-05-07,Standard,34445.25
2316,David Lee,david.lee2316@customer.net,CA,2024-03-23,Standard,28903.26
2317,David Thompson,david.thompson2317@mail.com,DE,2021-08-11,Basic,28656.51
2318,Linda Thompson,linda.thompson2318@mail.com,FR,2023-06-25,Basic,23540.65
2319,James Hernandez,james.hernandez2319@example.com,IN,2019-08-31,Basic,16150.58
2320,Thomas Thomas,thomas.thomas2320@customer.net,MX,2020-12-25,Premium,22529.29
2321,Sophia Miller,sophia.miller2321@shop.io,DE,2022-01-30,Premium,23739.97
2322,Linda Lee,linda.lee2322@example.com,AU,2021-12-29,Basic,24179.40
2323,Robert Rodriguez,robert.rodriguez2323@shop.io,JP,2021-07-10,Basic,44172.34
2324,Michael Lee,michael.lee2324@mail.com,MX,2024-10-14,Premium,14851.41
2325,Mary Miller,mary.miller2325@shop.io,FR,2022-03-21,Standard,35062.23
2326,James Martinez,james.martinez2326@shop.io,FR,2019-08-14,Standard,1361.66
2327,Emma Lee,emma.lee2327@customer.net,UK,2022-02-18,Standard,38812.26
2328,Robert Anderson,robert.anderson2328@customer.net,BR,2019-10-05,Basic,22262.55
2329,David Brown,david.brown2329@shop.io,JP,2021-02-04,Premium,35344.20
2330,Joseph Martinez,joseph.martinez2330@mail.com,MX,2019-06-11,Standard,47809.66
2331,Patricia Johnson,patricia.johnson2331@shop.io,BR,2023-05-09,Standard,7173.47
2332,Noah Gonzalez,noah.gonzalez2332@example.com,IN,2025-04-01,Standard,19837.33
2333,David Martin,david.martin2333@example.com,CA,2021-08-20,Basic,37848.91
2334,Mary Taylor,mary.taylor2334@example.com,DE,2023-07-28,Premium,46354.73
2335,Robert Jones,robert.jones2335@example.com,BR,2019-11-01,Basic,11827.18
2336,Sophia Lopez,sophia.lopez2336@shop.io,AU,2018-11-29,Standard,17244.29
2337,John Thomas,john.thomas2337@customer.net,BR,2018-09-12,Basic,20876.01
2338,Richard Thompson,richard.thompson2338@mail.com,BR,2019-01-02,Premium,22480.05
2339,Patricia Rodriguez,patricia.rodriguez2339@mail.com,FR,2018-08-20,Basic,34207.74
2340,James Johnson,james.johnson2340@mail.com,JP,2018-06-23,Premium,11028.14
2341,Linda Jones,linda.jones2341@mail.com,BR,2021-08-01,Standard,19437.51
2342,Emma Perez,emma.perez2342@customer.net,US,2023-09-21,Standard,24662.14
2343,Oliver Thompson,oliver.thompson2343@customer.net,BR,2018-10-06,Premium,10086.21
2344,Mary Miller,mary.miller2344@mail.com,MX,2023-07-07,Premium,17534.14
2345,John Jackson,john.jackson2345@shop.io,BR,2019-11-04,Standard,10717.64
2346,Sarah Smith,sarah.smith2346@shop.io,CA,2024-03-28,Standard,25592.89
2347,Jennifer Miller,jennifer.miller2347@shop.io,AU,2020-03-12,Standard,44906.60
2348,Richard Brown,richard.brown2348@shop.io,JP,2018-04-29,Standard,30208.05
2349,Emma Perez,emma.perez2349@customer.net,FR,2020-01-28,Premium,2178.84
2350,Patricia Miller,patricia.miller2350@mail.com,MX,2021-05-08,Basic,33742.89
2351,Charles Martinez,charles.martinez2351@shop.io,JP,2018-08-11,Basic,31343.26
2352,Charles Rodriguez,charles.rodriguez2352@mail.com,BR,2018-04-08,Standard,716.78
2353,Jennifer Hernandez,jennifer.hernandez2353@mail.com,JP,2022-05-11,Basic,16435.20
2354,Richard Martin,richard.martin2354@mail.com,JP,2023-05-21,Basic,29877.34
2355,Oliver Davis,oliver.davis2355@example.com,MX,2019-03-16,Premium,42648.79
2356,Karen Johnson,karen.johnson2356@example.com,CA,2018-01-01,Standard,22308.52
2357,Noah Jackson,noah.jackson2357@mail.com,UK,2018-08-08,Standard,10843.90
2358,Michael Wilson,michael.wilson2358@shop.io,UK,2021-02-20,Standard,32715.93
2359,Elizabeth Johnson,elizabeth.johnson2359@example.com,CA,2019-08-04,Standard,22900.69
2360,Michael Brown,michael.brown2360@example.com,JP,2019-12-17,Premium,5718.08
2361,Noah Davis,noah.davis2361@customer.net,MX,2024-04-02,Standard,13576.33
2362,Ava Jackson,ava.jackson2362@customer.net,UK,2019-09-20,Premium,3351.37
2363,Oliver Gonzalez,oliver.gonzalez2363@example.com,US,2023-07-31,Standard,41539.51
2364,Susan Garcia,susan.garcia2364@example.com,MX,2018-06-30,Basic,3244.21
2365,Sophia Rodriguez,sophia.rodriguez2365@shop.io,JP,2020-04-10,Standard,1318.20
2366,William Miller,william.miller2366@mail.com,JP,2018-01-08,Basic,2301.74
2367,Charles Wilson,charles.wilson2367@customer.net,FR,2018-07-13,Standard,18265.33
2368,Karen Lopez,karen.lopez2368@customer.net,JP,2024-02-09,Premium,18726.04
2369,Barbara Moore,,AU,2025-03-03,Standard,20409.38
2370,Charles Gonzalez,charles.gonzalez2370@shop.io,JP,2021-11-24,Standard,7466.89
2371,Oliver Thomas,oliver.thomas2371@customer.net,AU,2022-11-04,Premium,30147.37
2372,Robert Hernandez,robert.hernandez2372@shop.io,JP,2023-01-21,Basic,43103.81
2373,Jennifer Johnson,jennifer.johnson2373@shop.io,BR,2025-01-04,Premium,29979.74
2374,Sarah Lee,sarah.lee2374@mail.com,MX,2019-07-26,Premium,41251.80
2375,Richard Williams,richard.williams2375@customer.net,UK,2023-08-16,Basic,2194.72
2376,Patricia Jackson,patricia.jackson2376@example.com,CA,2024-03-04,Basic,47120.25
2377,Noah Davis,noah.davis2377@shop.io,JP,2019-04-24,Standard,36619.54
2378,Barbara Moore,barbara.moore2378@customer.net,BR,2025-05-14,Standard,11031.66
2379,Barbara Wilson,barbara.wilson2379@example.com,FR,2025-03-08,Basic,22737.33
2380,Ava Miller,ava.miller2380@example.com,BR,2019-03-18,Standard,7303.34
2381,John Thompson,john.thompson2381@shop.io,FR,2022-07-22,Standard,41279.07
2382,Sarah Lee,sarah.lee2382@example.com,FR,2018-04-07,Premium,1651.76
2383,Patricia Miller,patricia.miller2383@mail.com,UK,2018-10-02,Standard,22684.70
2384,Patricia Wilson,patricia.wilson2384@shop.io,IN,2018-02-13,Basic,29918.28
2385,David Gonzalez,david.gonzalez2385@shop.io,FR,2021-05-29,Standard,31000.96
2386,Jessica Lee,jessica.lee2386@example.com,JP,2018-05-10,Standard,16049.63
2387,James Rodriguez,james.rodriguez2387@customer.net,IN,2024-01-17,Premium,21192.81
2388,Charles Martin,charles.martin2388@shop.io,JP,2018-04-22,Standard,2029.71
2389,Jessica Williams,jessica.williams2389@customer.net,CA,2024-02-06,Premium,4239.94
2390,Noah Thompson,noah.thompson2390@example.com,JP,2022-04-05,Basic,16935.39
2391,Karen Thomas,,AU,2021-06-22,Basic,38880.46
2392,Joseph Miller,joseph.miller2392@customer.net,UK,2018-02-12,Basic,6506.37
2393,Oliver Smith,oliver.smith2393@customer.net,UK,2023-08-19,Premium,23212.68
2394,Ava Jackson,ava.jackson2394@customer.net,BR,2025-05-01,Basic,2530.87
2395,Charles Brown,charles.brown2395@customer.net,DE,2023-01-25,Standard,42692.39
2396,Mary Martinez,mary.martinez2396@shop.io,IN,2019-03-26,Basic,7824.33
2397,John Miller,john.miller2397@customer.net,JP,2020-10-17,Premium,19426.45
2398,Noah Lee,noah.lee2398@mail.com,IN,2018-06-29,Standard,9215.62
2399,David Perez,david.perez2399@customer.net,FR,2022-12-27,Basic,47407.24
2400,Patricia Brown,patricia.brown2400@mail.com,DE,2019-06-25,Basic,48941.96
2401,Karen Jackson,karen.jackson2401@example.com,JP,2023-07-26,Standard,39737.43
2402,Susan Smith,susan.smith2402@shop.io,BR,2019-03-12,Standard,23735.53
2403,William Wilson,william.wilson2403@customer.net,UK,2018-09-24,Premium,13212.50
2404,Oliver Lopez,oliver.lopez2404@customer.net,IN,2023-09-09,Premium,45340.14
2405,Robert Brown,robert.brown2405@example.com,DE,2018-12-20,Basic,9420.85
2406,Michael Anderson,michael.anderson2406@shop.io,BR,2020-12-13,Standard,3434.26
2407,Oliver Garcia,oliver.garcia2407@customer.net,UK,2024-04-11,Premium,11689.19
2408,Robert Martinez,robert.martinez2408@mail.com,IN,2018-02-15,Standard,3093.70
2409,James Brown,james.brown2409@shop.io,MX,2023-12-14,Premium,15236.87
2410,Robert Hernandez,robert.hernandez2410@mail.com,JP,2020-05-24,Premium,33235.41
2411,Jessica Thomas,jessica.thomas2411@mail.com,UK,2019-12-08,Standard,27696.32
2412,Emma Moore,emma.moore2412@example.com,DE,2025-06-25,Premium,42906.49
2413,Robert Williams,robert.williams2413@customer.net,BR,2018-10-25,Basic,8320.16
2414,Emma Wilson,emma.wilson2414@shop.io,FR,2020-12-11,Standard,3077.68
2415,Susan Johnson,susan.johnson2415@shop.io,IN,2018-04-24,Premium,33615.63
2416,Barbara Gonzalez,barbara.gonzalez2416@customer.net,MX,2020-07-09,Basic,45384.64
2417,Jessica Martin,jessica.martin2417@customer.net,DE,2020-09-15,Basic,26110.79
2418,Jessica Williams,jessica.williams2418@customer.net,MX,2018-05-07,Standard,3410.06
2419,John Thompson,john.thompson2419@mail.com,US,2022-02-22,Standard,19724.04
2420,Joseph Lee,joseph.lee2420@shop.io,CA,2024-01-02,Basic,16421.68
2421,Elizabeth Thomas,elizabeth.thomas2421@customer.net,IN,2024-08-11,Basic,28053.36
2422,Oliver Martin,oliver.martin2422@mail.com,JP,2021-10-12,Premium,34602.05
2423,David Moore,david.moore2423@example.com,CA,2025-01-20,Standard,46714.62
2424,Elizabeth Martin,elizabeth.martin2424@mail.com,AU,2021-08-20,Premium,28344.14
2425,Barbara Martinez,barbara.martinez2425@mail.com,AU,2023-10-22,Basic,20635.80
2426,William Martin,william.martin2426@customer.net,FR,2024-11-16,Premium,40131.99
2427,Ava Martinez,ava.martinez2427@mail.com,AU,2024-02-02,Basic,16125.01
2428,Joseph Jackson,joseph.jackson2428@mail.com,UK,2021-04-08,Basic,12426.65
2429,Karen Lee,karen.lee2429@shop.io,DE,2025-04-06,Standard,18812.43
2430,Richard Thomas,richard.thomas2430@shop.io,MX,2023-02-24,Basic,17135.83
2431,William Martin,william.martin2431@example.com,CA,2019-05-25,Standard,40674.41
2432,Richard Smith,richard.smith2432@example.com,FR,2020-11-09,Standard,22792.55
2433,Sarah Jackson,sarah.jackson2433@shop.io,BR,2024-05-13,Standard,10039.58
2434,Mary Wilson,mary.wilson2434@customer.net,MX,2019-03-19,Standard,21914.89
2435,David Brown,david.brown2435@mail.com,DE,2019-05-19,Standard,38030.20
2436,Mary Johnson,mary.johnson2436@example.com,CA,2019-03-17,Basic,26807.60
2437,Robert Brown,robert.brown2437@customer.net,FR,2018-06-13,Basic,28371.70
2438,James Brown,james.brown2438@shop.io,MX,2021-02-09,Standard,21547.15
2439,Linda Davis,linda.davis2439@shop.io,BR,2021-12-19,Premium,7669.97
2440,Sarah Jackson,sarah.jackson2440@shop.io,FR,2019-12-05,Standard,10236.74
2441,Karen Smith,karen.smith2441@mail.com,UK,2024-05-28,Basic,30745.19
2442,William Thomas,william.thomas2442@example.com,UK,2020-10-05,Standard,11126.57
2443,Joseph Martin,joseph.martin2443@mail.com,DE,2020-06-21,Standard,5458.61
2444,Linda Perez,linda.perez2444@shop.io,IN,2024-07-02,Basic,42494.51
2445,Joseph Miller,joseph.miller2445@mail.com,UK,2018-12-02,Standard,35650.00
2446,Joseph Jones,joseph.jones2446@customer.net,MX,2022-04-07,Premium,27109.10
2447,William Miller,william.miller2447@customer.net,IN,2023-11-17,Standard,16171.79
2448,Jessica Taylor,jessica.taylor2448@customer.net,JP,2024-10-20,Premium,18710.75
2449,Ava Williams,ava.williams2449@customer.net,DE,2022-07-13,Premium,10974.62
2450,Barbara Gonzalez,barbara.gonzalez2450@shop.io,FR,2021-04-05,Premium,19034.25
2451,Jessica Smith,jessica.smith2451@mail.com,UK,2023-01-27,Basic,40025.01
2452,Richard Jackson,richard.jackson2452@shop.io,AU,2022-04-10,Premium,24598.77
2453,Noah Anderson,noah.anderson2453@customer.net,UK,2022-11-27,Standard,17476.68
2454,William Lopez,william.lopez2454@shop.io,JP,2019-10-10,Premium,11034.92
2455,Charles Lee,charles.lee2455@mail.com,US,2022-04-12,Standard,2494.13
2456,Linda Williams,linda.williams2456@mail.com,UK,2024-11-25,Basic,27685.91
2457,William Williams,william.williams2457@shop.io,JP,2019-09-03,Standard,7167.54
2458,Susan Rodriguez,susan.rodriguez2458@mail.com,FR,2022-08-05,Standard,8414.78
2459,John Davis,john.davis2459@example.com,MX,2018-08-02,Basic,32765.63
2460,Noah Garcia,noah.garcia2460@shop.io,BR,2023-04-11,Standard,44756.60
2461,Linda Smith,linda.smith2461@mail.com,MX,2018-11-12,Premium,38664.52
2462,William Garcia,william.garcia2462@example.com,JP,2024-03-16,Standard,36188.10
2463,Robert Moore,robert.moore2463@mail.com,FR,2018-02-05,Standard,42784.82
2464,Sophia Rodriguez,sophia.rodriguez2464@example.com,BR,2023-08-29,Premium,19750.90
2465,Jennifer Johnson,jennifer.johnson2465@customer.net,DE,2019-06-26,Premium,43098.24
2466,Barbara Jackson,barbara.jackson2466@shop.io,JP,2020-10-03,Standard,8839.73
2467,Patricia Thompson,patricia.thompson2467@mail.com,DE,2025-03-06,Basic,37750.22
2468,John Gonzalez,john.gonzalez2468@mail.com,US,2021-03-22,Standard,26491.76
2469,Jessica Perez,jessica.perez2469@customer.net,BR,2024-01-27,Basic,20254.53
2470,Thomas Anderson,thomas.anderson2470@shop.io,MX,2024-06-23,Basic,41897.62
2471,Richard Rodriguez,richard.rodriguez2471@customer.net,DE,2023-08-23,Standard,6399.37
2472,Mary Miller,mary.miller2472@example.com,MX,2022-02-14,Standard,5865.25
2473,Susan Gonzalez,susan.gonzalez2473@customer.net,CA,2022-03-11,Premium,15795.80
2474,Michael Smith,michael.smith2474@mail.com,IN,2025-02-28,Premium,22552.02
2475,Charles Jones,charles.jones2475@shop.io,IN,2020-09-28,Premium,917.26
2476,Linda Anderson,linda.anderson2476@shop.io,JP,2022-06-24,Standard,35673.22
2477,Barbara Miller,barbara.miller2477@customer.net,DE,2022-08-31,Premium,12343.76
2478,Robert Lee,robert.lee2478@example.com,CA,2022-03-13,Premium,17592.70
2479,Richard Lee,richard.lee2479@customer.net,UK,2024-09-16,Standard,17803.24
2480,Thomas Moore,thomas.moore2480@customer.net,US,2023-05-18,Premium,17688.87
2481,Michael Martinez,michael.martinez2481@mail.com,US,2019-02-19,Premium,37242.44
2482,Sarah Rodriguez,sarah.rodriguez2482@example.com,US,2023-09-18,Premium,31570.65
2483,Barbara Smith,barbara.smith2483@customer.net,IN,2021-09-30,Basic,23068.51
2484,Karen Hernandez,karen.hernandez2484@shop.io,AU,2018-07-28,Basic,29322.49
2485,Joseph Thomas,,BR,2018-05-29,Basic,38987.46
2486,Noah Jackson,noah.jackson2486@example.com,DE,2022-03-28,Standard,33064.74
2487,Joseph Lee,joseph.lee2487@shop.io,DE,2019-08-06,Premium,4750.16
2488,Richard Rodriguez,richard.rodriguez2488@customer.net,FR,2018-06-21,Premium,15215.22
2489,Robert Miller,robert.miller2489@customer.net,MX,2020-03-04,Standard,39993.63
2490,Robert Wilson,robert.wilson2490@shop.io,FR,2018-01-03,Premium,8253.23
2491,Mary Rodriguez,mary.rodriguez2491@customer.net,UK,2020-06-16,Standard,45765.18
2492,Jennifer Perez,jennifer.perez2492@customer.net,UK,2018-11-24,Basic,23034.35
2493,David Martin,david.martin2493@shop.io,JP,2020-11-23,Basic,27972.57
2494,Noah Hernandez,noah.hernandez2494@shop.io,BR,2019-09-30,Basic,34129.66
2495,Ava Jackson,ava.jackson2495@shop.io,MX,2020-10-01,Premium,40765.09
2496,Susan Thomas,susan.thomas2496@shop.io,AU,2023-09-16,Standard,24993.83
2497,Noah Gonzalez,noah.gonzalez2497@example.com,MX,2021-05-15,Standard,5414.19
2498,Robert Moore,robert.moore2498@mail.com,FR,2020-10-15,Standard,45268.21
2499,Patricia Thompson,patricia.thompson2499@shop.io,IN,2022-06-26,Standard,28371.98
2500,Elizabeth Williams,elizabeth.williams2500@mail.com,DE,2024-12-27,Standard,47429.72
2501,Oliver Williams,oliver.williams2501@shop.io,US,2022-11-20,Standard,40771.53
2502,Robert Wilson,robert.wilson2502@customer.net,US,2021-09-29,Standard,5999.50
2503,Linda Thomas,linda.thomas2503@customer.net,IN,2024-08-07,Premium,20325.35
2504,Linda Martinez,linda.martinez2504@mail.com,MX,2019-11-07,Standard,8043.68
2505,David Jackson,david.jackson2505@customer.net,UK,2019-02-17,Premium,4207.28
2506,Noah Smith,noah.smith2506@mail.com,BR,2022-10-22,Standard,44839.40
2507,Ava Lee,ava.lee2507@mail.com,US,2018-01-09,Standard,8960.89
2508,Robert Martinez,robert.martinez2508@shop.io,AU,2025-06-21,Basic,4467.26
2509,Jennifer Martinez,jennifer.martinez2509@shop.io,UK,2018-06-09,Basic,4209.05
2510,Mary Martin,mary.martin2510@example.com,FR,2019-11-28,Standard,41227.12
2511,Jessica Brown,jessica.brown2511@shop.io,MX,2021-04-08,Basic,41858.80
2512,John Martin,john.martin2512@shop.io,DE,2018-09-24,Standard,30347.76
2513,William Garcia,william.garcia2513@example.com,JP,2024-10-20,Premium,34482.69
2514,Mary Gonzalez,mary.gonzalez2514@shop.io,DE,2023-04-21,Standard,18001.72
2515,Thomas Martinez,thomas.martinez2515@shop.io,IN,2022-09-09,Premium,39733.44
2516,Elizabeth Perez,elizabeth.perez2516@shop.io,FR,2020-09-12,Standard,7521.17
2517,Robert Johnson,robert.johnson2517@example.com,US,2024-08-04,Premium,7469.23
2518,Joseph Jones,joseph.jones2518@mail.com,UK,2021-03-03,Standard,34417.51
2519,Charles Davis,charles.davis2519@customer.net,IN,2022-08-06,Premium,46500.67
2520,Oliver Perez,oliver.perez2520@shop.io,FR,2023-04-23,Basic,1788.42
2521,Jennifer Gonzalez,jennifer.gonzalez2521@mail.com,AU,2018-09-28,Premium,1665.84
2522,William Gonzalez,william.gonzalez2522@mail.com,JP,2023-03-14,Basic,48330.96
2523,Ava Hernandez,ava.hernandez2523@customer.net,DE,2021-09-01,Basic,48338.18
2524,Susan Perez,susan.perez2524@shop.io,MX,2020-01-24,Premium,43471.78
2525,Jennifer Rodriguez,jennifer.rodriguez2525@customer.net,UK,2023-06-18,Standard,7493.57
2526,Robert Davis,robert.davis2526@customer.net,CA,2020-04-08,Basic,9107.59
2527,Mary Smith,mary.smith2527@shop.io,AU,2024-11-23,Standard,16925.27
2528,Patricia Thomas,patricia.thomas2528@mail.com,FR,2019-08-29,Standard,34049.74
2529,Noah Taylor,noah.taylor2529@shop.io,BR,2022-05-20,Basic,49682.18
2530,Karen Martin,karen.martin2530@mail.com,IN,2018-06-11,Standard,48210.70
2531,Charles Moore,charles.moore2531@shop.io,BR,2023-02-13,Premium,14295.83
2532,James Wilson,james.wilson2532@example.com,JP,2022-09-06,Standard,45713.84
2533,Karen Jackson,karen.jackson2533@mail.com,AU,2024-08-17,Premium,22518.64
2534,Elizabeth Lee,elizabeth.lee2534@example.com,FR,2025-06-30,Basic,12781.68
2535,William Smith,william.smith2535@mail.com,US,2020-06-27,Standard,12025.10
2536,James Wilson,james.wilson2536@example.com,UK,2021-01-25,Basic,40739.78
2537,Sarah Wilson,sarah.wilson2537@example.com,BR,2025-03-06,Standard,38468.15
2538,Oliver Johnson,oliver.johnson2538@customer.net,MX,2020-05-24,Basic,33098.29
2539,Elizabeth Brown,elizabeth.brown2539@mail.com,IN,2024-04-15,Basic,16496.51
2540,Sarah Lee,sarah.lee2540@mail.com,US,2022-10-26,Premium,16505.86
2541,Linda Thomas,linda.thomas2541@example.com,UK,2019-06-16,Basic,36577.72
2542,Jennifer Perez,jennifer.perez2542@shop.io,CA,2022-08-30,Premium,45307.12
2543,Michael Garcia,michael.garcia2543@shop.io,UK,2021-03-28,Standard,49894.46
2544,Ava Moore,ava.moore2544@example.com,UK,2019-09-30,Premium,42666.20
2545,James Davis,james.davis2545@example.com,CA,2020-01-04,Premium,38268.52
2546,David Brown,david.brown2546@customer.net,BR,2019-05-16,Standard,33433.11
2547,William Williams,william.williams2547@shop.io,UK,2021-12-17,Premium,19455.24
2548,Michael Moore,michael.moore2548@shop.io,US,2024-12-15,Premium,49606.93
2549,Jennifer Jones,jennifer.jones2549@shop.io,DE,2023-11-09,Basic,26786.98
2550,Jessica Lee,jessica.lee2550@shop.io,US,2021-10-25,Standard,39653.99
2551,Susan Brown,susan.brown2551@customer.net,FR,2019-11-18,Premium,31091.64
2552,Jessica Jackson,jessica.jackson2552@example.com,FR,2025-05-15,Standard,27917.14
2553,Joseph Gonzalez,joseph.gonzalez2553@shop.io,AU,2020-03-26,Premium,1915.34
2554,Michael Smith,michael.smith2554@shop.io,US,2025-06-15,Standard,32470.96
2555,Susan Smith,susan.smith2555@shop.io,JP,2018-12-16,Premium,42166.81
2556,Karen Taylor,karen.taylor2556@example.com,MX,2019-07-11,Standard,24767.83
2557,Sarah Hernandez,sarah.hernandez2557@example.com,MX,2018-05-14,Basic,15921.64
2558,Elizabeth Moore,elizabeth.moore2558@customer.net,CA,2018-06-09,Premium,2840.16
2559,Elizabeth Perez,elizabeth.perez2559@mail.com,CA,2022-04-04,Premium,14105.33
2560,Susan Williams,susan.williams2560@shop.io,UK,2023-08-03,Standard,36957.55
2561,Susan Smith,susan.smith2561@example.com,CA,2021-09-04,Premium,35618.83
2562,Robert Taylor,robert.taylor2562@example.com,AU,2019-04-10,Premium,48734.48
2563,Sophia Hernandez,sophia.hernandez2563@shop.io,UK,2020-01-19,Basic,10694.29
2564,John Davis,john.davis2564@example.com,CA,2021-06-29,Basic,37766.54
2565,John Thompson,john.thompson2565@shop.io,BR,2025-05-18,Standard,5111.74
2566,Richard Johnson,richard.johnson2566@shop.io,IN,2019-01-16,Basic,16730.00
2567,Noah Johnson,noah.johnson2567@mail.com,UK,2019-01-22,Basic,300.07
2568,Jessica Johnson,jessica.johnson2568@customer.net,AU,2022-07-21,Basic,5433.86
2569,Jennifer Jackson,jennifer.jackson2569@mail.com,UK,2021-09-30,Premium,9337.95
2570,Charles Thompson,charles.thompson2570@example.com,US,2023-04-11,Premium,36464.55
2571,Robert Garcia,robert.garcia2571@mail.com,IN,2018-01-22,Basic,26196.45
2572,William Jackson,william.jackson2572@mail.com,JP,2024-02-21,Premium,3062.65
2573,Michael Martin,michael.martin2573@customer.net,FR,2023-12-02,Standard,17278.96
2574,Richard Jackson,richard.jackson2574@customer.net,MX,2021-03-24,Standard,12526.63
2575,Patricia Thompson,patricia.thompson2575@customer.net,CA,2025-04-09,Basic,24934.09
2576,Patricia Gonzalez,patricia.gonzalez2576@mail.com,CA,2019-06-10,Basic,9299.46
2577,Emma Jackson,emma.jackson2577@example.com,FR,2019-06-27,Basic,2106.29
2578,Linda Johnson,linda.johnson2578@example.com,IN,2019-06-29,Premium,13899.80
2579,Patricia Jackson,patricia.jackson2579@example.com,FR,2019-03-30,Basic,786.62
2580,Patricia Hernandez,patricia.hernandez2580@mail.com,JP,2019-08-15,Premium,36243.27
2581,Patricia Lopez,patricia.lopez2581@shop.io,IN,2022-04-01,Basic,25991.40
2582,William Anderson,william.anderson2582@mail.com,DE,2020-04-26,Standard,17723.59
2583,Oliver Perez,oliver.perez2583@mail.com,JP,2023-06-26,Standard,21928.79
2584,William Smith,william.smith2584@customer.net,JP,2019-10-12,Premium,39091.51
2585,Mary Anderson,mary.anderson2585@shop.io,FR,2022-08-21,Premium,44077.19
2586,Robert Martinez,robert.martinez2586@shop.io,DE,2022-10-12,Premium,23714.37
2587,Sophia Taylor,sophia.taylor2587@example.com,MX,2023-02-05,Standard,15229.46
2588,Linda Anderson,linda.anderson2588@mail.com,CA,2023-05-08,Standard,13555.01
2589,Jessica Davis,jessica.davis2589@customer.net,DE,2018-03-12,Premium,32296.49
2590,Richard Davis,richard.davis2590@mail.com,UK,2021-01-01,Basic,18604.62
2591,William Thompson,william.thompson2591@example.com,CA,2025-05-20,Basic,39993.11
2592,Noah Gonzalez,noah.gonzalez2592@example.com,UK,2024-05-12,Premium,12137.16
2593,Elizabeth Rodriguez,elizabeth.rodriguez2593@mail.com,BR,2024-11-18,Basic,39969.83
2594,Thomas Garcia,thomas.garcia2594@customer.net,BR,2018-01-14,Premium,47935.20
2595,David Thompson,david.thompson2595@customer.net,MX,2021-10-29,Premium,24102.86
2596,Jennifer Brown,jennifer.brown2596@shop.io,IN,2020-10-25,Basic,40249.19
2597,Charles Miller,charles.miller2597@customer.net,MX,2024-05-04,Basic,17908.68
2598,Richard Thomas,richard.thomas2598@mail.com,FR,2021-08-23,Premium,42904.03
2599,Barbara Thomas,barbara.thomas2599@mail.com,BR,2021-09-27,Standard,11456.12
2600,Sarah Smith,sarah.smith2600@example.com,UK,2024-05-03,Premium,11642.09
2601,Mary Miller,mary.miller2601@customer.net,IN,2024-01-01,Basic,3722.94
2602,Oliver Moore,oliver.moore2602@customer.net,DE,2020-06-23,Basic,10805.23
2603,Barbara Brown,barbara.brown2603@example.com,CA,2018-02-17,Basic,20515.99
2604,William Lee,william.lee2604@customer.net,FR,2019-01-18,Standard,46185.99
2605,Karen Brown,karen.brown2605@example.com,CA,2024-09-16,Basic,37346.24
2606,Sophia Davis,sophia.davis2606@example.com,JP,2021-02-08,Basic,8435.18
2607,Sophia Thompson,sophia.thompson2607@example.com,JP,2020-06-05,Standard,44384.66
2608,Patricia Williams,patricia.williams2608@mail.com,MX,2021-02-11,Premium,21412.57
2609,Barbara Lopez,barbara.lopez2609@customer.net,BR,2019-11-04,Premium,36971.14
2610,Emma Jackson,emma.jackson2610@example.com,CA,2020-02-28,Premium,41133.46
2611,Linda Johnson,linda.johnson2611@mail.com,FR,2020-05-06,Premium,6718.14
2612,Joseph Johnson,joseph.johnson2612@customer.net,FR,2024-12-08,Premium,1671.40
2613,Noah Miller,noah.miller2613@shop.io,CA,2022-11-04,Premium,34427.06
2614,Jennifer Thomas,jennifer.thomas2614@customer.net,US,2019-12-03,Standard,1852.96
2615,Jennifer Perez,jennifer.perez2615@customer.net,UK,2018-12-14,Premium,10668.08
2616,Robert Wilson,robert.wilson2616@example.com,IN,2020-07-28,Basic,40648.71
2617,William Thompson,william.thompson2617@shop.io,JP,2019-10-07,Basic,26689.10
2618,Charles Miller,charles.miller2618@customer.net,IN,2019-12-07,Basic,41850.82
2619,Joseph Rodriguez,joseph.rodriguez2619@shop.io,CA,2024-10-19,Premium,46318.03
2620,Sophia Smith,sophia.smith2620@mail.com,IN,2021-04-25,Standard,38650.64
2621,Joseph Williams,joseph.williams2621@example.com,DE,2018-08-09,Premium,36876.47
2622,Sarah Brown,sarah.brown2622@customer.net,IN,2025-04-14,Basic,35651.20
2623,Robert Johnson,robert.johnson2623@mail.com,BR,2020-08-07,Premium,12100.09
2624,Mary Taylor,mary.taylor2624@example.com,FR,2024-01-17,Basic,4270.04
2625,Thomas Moore,thomas.moore2625@example.com,CA,2020-12-05,Standard,27490.48
2626,Jennifer Johnson,jennifer.johnson2626@customer.net,JP,2020-04-20,Premium,40163.21
2627,Linda Thompson,linda.thompson2627@example.com,BR,2019-08-29,Basic,22173.14
2628,Susan Lee,susan.lee2628@example.com,AU,2023-03-03,Premium,34098.81
2629,David Smith,david.smith2629@example.com,US,2018-04-22,Basic,34575.08
2630,Noah Smith,noah.smith2630@example.com,AU,2019-11-07,Basic,40417.80
2631,Charles Williams,charles.williams2631@example.com,FR,2023-05-24,Premium,22005.05
2632,Sarah Lee,sarah.lee2632@shop.io,US,2025-01-27,Basic,48435.31
2633,James Jones,james.jones2633@shop.io,AU,2022-04-02,Basic,5846.36
2634,Thomas Lee,thomas.lee2634@shop.io,CA,2020-12-04,Premium,4343.52
2635,Robert Martin,robert.martin2635@customer.net,CA,2023-07-05,Basic,45521.65
2636,John Jones,john.jones2636@mail.com,CA,2023-08-16,Basic,39436.65
2637,David Gonzalez,david.gonzalez2637@customer.net,US,2023-09-09,Standard,23418.90
2638,Mary Martin,mary.martin2638@example.com,US,2025-06-04,Standard,44301.05
2639,Richard Lopez,richard.lopez2639@shop.io,UK,2022-01-20,Basic,25842.94
2640,Thomas Jones,thomas.jones2640@customer.net,IN,2024-04-25,Premium,11866.51
2641,Robert Rodriguez,robert.rodriguez2641@mail.com,AU,2022-02-22,Basic,2545.00
2642,Elizabeth Garcia,elizabeth.garcia2642@customer.net,US,2024-03-13,Basic,2064.86
2643,Jessica Johnson,jessica.johnson2643@customer.net,FR,2020-09-11,Standard,30144.91
2644,Karen Moore,karen.moore2644@customer.net,MX,2021-12-25,Premium,38641.08
2645,Sophia Lee,sophia.lee2645@mail.com,DE,2018-09-22,Premium,13463.75
2646,Mary Brown,mary.brown2646@customer.net,CA,2023-12-06,Premium,44521.22
2647,Thomas Smith,thomas.smith2647@shop.io,CA,2025-03-21,Premium,27419.13
2648,Jessica Thomas,jessica.thomas2648@mail.com,BR,2020-03-05,Standard,35937.24
2649,Michael Taylor,michael.taylor2649@example.com,IN,2021-01-01,Premium,7827.56
2650,John Jones,john.jones2650@customer.net,MX,2021-04-23,Basic,8626.47
2651,Charles Lee,charles.lee2651@shop.io,IN,2021-05-03,Premium,1133.40
2652,Susan Thompson,susan.thompson2652@mail.com,AU,2023-12-05,Standard,10772.33
2653,Elizabeth Rodriguez,elizabeth.rodriguez2653@example.com,JP,2018-06-17,Standard,14652.10
2654,Emma Gonzalez,emma.gonzalez2654@mail.com,AU,2022-03-11,Standard,43327.04
2655,Mary Garcia,mary.garcia2655@customer.net,FR,2022-02-20,Standard,27219.11
2656,Jennifer Martinez,jennifer.martinez2656@mail.com,US,2018-12-13,Standard,18925.83
2657,Susan Rodriguez,susan.rodriguez2657@shop.io,BR,2024-06-16,Basic,25310.29
2658,James Davis,james.davis2658@example.com,AU,2020-09-15,Basic,34900.56
2659,Thomas Garcia,thomas.garcia2659@shop.io,AU,2019-07-04,Standard,30543.75
2660,Ava Johnson,ava.johnson2660@shop.io,US,2021-04-01,Basic,31990.15
2661,Elizabeth Davis,elizabeth.davis2661@mail.com,FR,2020-05-05,Standard,9797.01
2662,Thomas Rodriguez,thomas.rodriguez2662@shop.io,UK,2022-06-05,Basic,11171.75
2663,Robert Brown,robert.brown2663@example.com,UK,2024-09-23,Standard,26357.94
2664,Noah Brown,noah.brown2664@example.com,MX,2020-03-24,Premium,29706.55
2665,Emma Perez,emma.perez2665@mail.com,JP,2020-06-06,Premium,20309.22
2666,David Davis,david.davis2666@example.com,IN,2018-05-23,Basic,3934.35
2667,John Martin,john.martin2667@customer.net,AU,2022-05-14,Premium,23139.48
2668,Thomas Wilson,thomas.wilson2668@example.com,US,2020-01-28,Premium,41035.40
2669,James Jackson,james.jackson2669@example.com,AU,2022-08-27,Premium,27532.04
2670,Karen Taylor,karen.taylor2670@example.com,FR,2022-03-26,Standard,23666.42
2671,Ava Thomas,ava.thomas2671@shop.io,CA,2024-09-07,Premium,48022.38
2672,Susan Smith,susan.smith2672@mail.com,IN,2022-02-15,Basic,39624.91
2673,Robert Johnson,robert.johnson2673@example.com,CA,2024-10-08,Premium,40444.82
2674,Thomas Lee,thomas.lee2674@shop.io,UK,2024-01-18,Standard,11369.62
2675,Richard Taylor,richard.taylor2675@customer.net,AU,2018-04-19,Basic,7050.75
2676,Susan Miller,susan.miller2676@mail.com,DE,2020-06-02,Basic,30138.03
2677,Robert Williams,robert.williams2677@mail.com,JP,2021-01-31,Standard,16950.96
2678,John Williams,john.williams2678@shop.io,US,2021-04-19,Premium,26032.04
2679,Susan Johnson,susan.johnson2679@shop.io,US,2021-10-14,Premium,24669.53
2680,Richard Wilson,richard.wilson2680@customer.net,US,2023-10-29,Basic,4889.67
2681,Noah Jones,noah.jones2681@customer.net,US,2018-06-22,Premium,43753.96
2682,Mary Taylor,mary.taylor2682@mail.com,AU,2022-05-19,Standard,44238.52
2683,John Smith,john.smith2683@customer.net,DE,2023-02-10,Premium,16086.87
2684,Noah Miller,noah.miller2684@example.com,DE,2020-06-14,Standard,44884.92
2685,Barbara Johnson,barbara.johnson2685@customer.net,BR,2024-03-03,Premium,21868.39
2686,Patricia Thomas,patricia.thomas2686@customer.net,IN,2024-04-18,Basic,45130.64
2687,Karen Miller,karen.miller2687@shop.io,CA,2018-06-15,Premium,12180.79
2688,Sarah Smith,sarah.smith2688@customer.net,FR,2021-11-04,Standard,11947.54
2689,Oliver Moore,oliver.moore2689@mail.com,IN,2018-07-08,Premium,11764.00
2690,Barbara Martin,barbara.martin2690@example.com,US,2019-02-24,Basic,18591.08
2691,Ava Thompson,ava.thompson2691@example.com,MX,2018-07-14,Basic,18475.31
2692,Charles Jackson,charles.jackson2692@example.com,CA,2021-03-16,Basic,9170.72
2693,James Thompson,,CA,2024-07-15,Premium,20202.46
2694,Karen Thompson,karen.thompson2694@customer.net,MX,2024-06-03,Standard,43492.03
2695,Oliver Martinez,oliver.martinez2695@customer.net,UK,2023-11-09,Standard,7344.53
2696,Barbara Jackson,barbara.jackson2696@customer.net,MX,2020-10-13,Premium,16584.65
2697,Patricia Martinez,patricia.martinez2697@example.com,BR,2021-06-22,Basic,30977.30
2698,Michael Garcia,michael.garcia2698@mail.com,UK,2020-01-28,Premium,14792.14
2699,Robert Wilson,robert.wilson2699@customer.net,MX,2024-04-12,Premium,20450.17
2700,Ava Smith,ava.smith2700@customer.net,DE,2022-06-19,Basic,5974.06
2701,Sophia Wilson,sophia.wilson2701@example.com,JP,2019-12-14,Basic,10873.75
2702,Sarah Davis,sarah.davis2702@mail.com,AU,2025-06-06,Basic,45402.21
2703,Emma Davis,emma.davis2703@mail.com,BR,2018-03-13,Standard,41417.87
2704,Barbara Wilson,barbara.wilson2704@example.com,DE,2024-05-08,Basic,21763.99
2705,James Moore,james.moore2705@mail.com,IN,2024-08-15,Standard,27270.57
2706,Robert Wilson,robert.wilson2706@shop.io,UK,2024-03-05,Standard,28688.37
2707,Barbara Wilson,barbara.wilson2707@example.com,FR,2018-03-03,Basic,24148.26
2708,Susan Brown,susan.brown2708@mail.com,FR,2023-12-05,Standard,28618.19
2709,Sophia Brown,sophia.brown2709@shop.io,FR,2020-12-29,Standard,27119.25
2710,Linda Jackson,linda.jackson2710@shop.io,BR,2021-01-18,Basic,44959.79
2711,James Garcia,james.garcia2711@customer.net,FR,2018-01-05,Premium,33419.04
2712,Thomas Wilson,thomas.wilson2712@customer.net,IN,2018-09-14,Premium,5927.52
2713,Sophia Gonzalez,sophia.gonzalez2713@mail.com,UK,2018-11-29,Basic,9747.31
2714,Karen Hernandez,karen.hernandez2714@example.com,US,2018-09-29,Standard,26437.83
2715,Karen Lee,karen.lee2715@shop.io,UK,2021-04-15,Basic,30366.02
2716,Noah Hernandez,noah.hernandez2716@example.com,JP,2022-07-29,Premium,43158.63
2717,Thomas Miller,thomas.miller2717@customer.net,IN,2025-01-12,Premium,2609.93
2718,Barbara Davis,barbara.davis2718@shop.io,CA,2018-03-10,Standard,22088.41
2719,Karen Martinez,karen.martinez2719@customer.net,DE,2018-08-27,Basic,47152.24
2720,Robert Gonzalez,robert.gonzalez2720@customer.net,DE,2024-09-08,Premium,17293.07
2721,Sarah Williams,sarah.williams2721@customer.net,JP,2022-04-24,Premium,49100.91
2722,Charles Thompson,charles.thompson2722@example.com,CA,2018-04-04,Standard,46835.06
2723,Oliver Moore,oliver.moore2723@shop.io,UK,2020-03-10,Premium,10213.05
2724,Linda Williams,linda.williams2724@mail.com,AU,2022-01-05,Basic,46537.48
2725,Michael Lopez,michael.lopez2725@customer.net,UK,2023-03-29,Basic,46365.61
2726,Joseph Smith,joseph.smith2726@mail.com,DE,2019-02-21,Premium,30186.06
2727,James Gonzalez,james.gonzalez2727@example.com,FR,2022-09-25,Premium,41275.84
2728,Oliver Hernandez,oliver.hernandez2728@mail.com,JP,2023-07-24,Basic,28714.43
2729,Barbara Gonzalez,barbara.gonzalez2729@example.com,FR,2020-06-12,Standard,3809.37
2730,Oliver Moore,oliver.moore2730@shop.io,CA,2020-12-19,Basic,2554.29
2731,Jennifer Jackson,jennifer.jackson2731@shop.io,US,2019-07-31,Standard,14771.42
2732,Mary Brown,mary.brown2732@customer.net,CA,2021-03-12,Premium,11901.72
2733,Michael Perez,michael.perez2733@shop.io,UK,2022-06-20,Standard,26755.67
2734,Robert Anderson,robert.anderson2734@customer.net,BR,2019-11-29,Premium,3851.41
2735,Jennifer Lee,jennifer.lee2735@example.com,JP,2024-08-09,Basic,41383.40
2736,Patricia Lee,patricia.lee2736@mail.com,CA,2023-10-29,Standard,8663.82
2737,Sarah Hernandez,sarah.hernandez2737@customer.net,MX,2022-11-29,Premium,37918.13
2738,Linda Moore,linda.moore2738@mail.com,UK,2023-10-12,Premium,27221.23
2739,David Wilson,david.wilson2739@example.com,AU,2020-07-26,Basic,37538.53
2740,Noah Smith,noah.smith2740@customer.net,MX,2024-02-09,Basic,31868.84
2741,Richard Perez,richard.perez2741@example.com,JP,2023-05-14,Basic,3148.34
2742,Jessica Davis,jessica.davis2742@customer.net,BR,2019-08-24,Premium,18317.80
2743,James Gonzalez,james.gonzalez2743@mail.com,UK,2025-05-22,Premium,9104.40
2744,Emma Lopez,emma.lopez2744@shop.io,DE,2018-12-20,Standard,33969.47
2745,Oliver Lopez,oliver.lopez2745@example.com,AU,2024-01-18,Standard,46859.22
2746,Oliver Rodriguez,oliver.rodriguez2746@customer.net,MX,2019-09-08,Basic,3735.82
2747,Emma Garcia,emma.garcia2747@example.com,MX,2019-07-23,Standard,28436.56
2748,Joseph Martin,joseph.martin2748@example.com,BR,2024-08-16,Basic,38651.28
2749,William Davis,william.davis2749@customer.net,MX,2024-10-30,Basic,14511.32
2750,Sarah Smith,sarah.smith2750@mail.com,DE,2018-06-04,Standard,39939.41
2751,Karen Thompson,karen.thompson2751@mail.com,BR,2022-11-10,Basic,29951.32
2752,Ava Rodriguez,ava.rodriguez2752@shop.io,DE,2021-05-06,Basic,16952.27
2753,Noah Martin,noah.martin2753@example.com,UK,2021-03-07,Standard,22647.99
2754,Sarah Taylor,sarah.taylor2754@customer.net,US,2025-05-06,Standard,4674.12
2755,Jennifer Davis,jennifer.davis2755@customer.net,JP,2022-05-19,Standard,9879.84
2756,Sophia Perez,sophia.perez2756@mail.com,US,2024-11-26,Standard,13817.51
2757,Sophia Williams,sophia.williams2757@example.com,JP,2023-07-21,Basic,26656.64
2758,Richard Moore,richard.moore2758@mail.com,MX,2024-06-11,Standard,25339.69
2759,Ava Jones,ava.jones2759@mail.com,AU,2023-10-16,Basic,9888.06
2760,Noah Johnson,noah.johnson2760@shop.io,BR,2018-01-03,Standard,32213.11
2761,Oliver Lee,oliver.lee2761@mail.com,AU,2018-08-01,Basic,13539.43
2762,James Perez,james.perez2762@shop.io,IN,2022-04-10,Basic,31015.00
2763,Oliver Anderson,oliver.anderson2763@example.com,US,2019-05-27,Premium,14051.89
2764,Sarah Garcia,sarah.garcia2764@shop.io,AU,2021-01-04,Standard,9209.54
2765,Thomas Gonzalez,thomas.gonzalez2765@customer.net,MX,2022-06-03,Premium,7103.67
2766,Karen Martinez,karen.martinez2766@mail.com,FR,2025-02-09,Premium,34207.92
2767,Noah Jackson,noah.jackson2767@shop.io,IN,2020-06-29,Premium,27354.48
2768,Charles Brown,charles.brown2768@shop.io,IN,2019-11-05,Standard,4072.39
2769,Oliver Hernandez,oliver.hernandez2769@mail.com,BR,2021-10-15,Basic,49470.11
2770,Jessica Garcia,jessica.garcia2770@shop.io,IN,2019-11-18,Basic,8675.67
2771,Charles Davis,charles.davis2771@mail.com,AU,2023-12-10,Basic,39105.95
2772,Barbara Brown,barbara.brown2772@mail.com,BR,2019-03-12,Basic,35559.70
2773,Barbara Lopez,barbara.lopez2773@example.com,JP,2023-10-27,Standard,47817.31
2774,Sarah Hernandez,sarah.hernandez2774@example.com,MX,2021-08-05,Standard,38672.85
2775,Elizabeth Rodriguez,elizabeth.rodriguez2775@mail.com,US,2020-03-06,Standard,31443.57
2776,Patricia Perez,patricia.perez2776@example.com,UK,2023-05-26,Basic,24264.02
2777,Mary Miller,mary.miller2777@shop.io,MX,2020-08-24,Standard,39693.22
2778,John Lopez,john.lopez2778@mail.com,IN,2021-06-13,Premium,16329.77
2779,Joseph Brown,joseph.brown2779@shop.io,AU,2020-04-08,Premium,10908.13
2780,Jennifer Lopez,jennifer.lopez2780@mail.com,IN,2023-05-04,Basic,42309.17
2781,Thomas Brown,thomas.brown2781@mail.com,IN,2023-01-07,Standard,2385.03
2782,Karen Rodriguez,karen.rodriguez2782@mail.com,UK,2021-03-07,Premium,1856.09
2783,Barbara Garcia,barbara.garcia2783@customer.net,IN,2024-11-26,Basic,47403.95
2784,Patricia Thompson,patricia.thompson2784@customer.net,BR,2018-09-04,Basic,36651.83
2785,Robert Thomas,robert.thomas2785@example.com,CA,2022-01-18,Premium,11826.99
2786,Thomas Taylor,thomas.taylor2786@shop.io,IN,2019-10-29,Premium,46765.17
2787,Sarah Wilson,sarah.wilson2787@customer.net,US,2021-08-21,Basic,25371.32
2788,Sophia Anderson,sophia.anderson2788@customer.net,CA,2021-05-08,Premium,6997.13
2789,Ava Hernandez,ava.hernandez2789@shop.io,CA,2024-01-27,Basic,17042.85
2790,Charles Wilson,charles.wilson2790@shop.io,AU,2024-11-18,Standard,8970.98
2791,Robert Martinez,robert.martinez2791@example.com,UK,2022-10-20,Standard,1367.25
2792,James Johnson,james.johnson2792@example.com,DE,2021-06-10,Standard,31994.33
2793,Charles Lee,charles.lee2793@mail.com,UK,2020-08-26,Premium,32168.25
2794,Patricia Hernandez,patricia.hernandez2794@shop.io,UK,2020-05-03,Premium,16266.43
2795,Jessica Johnson,jessica.johnson2795@mail.com,IN,2024-03-25,Basic,9189.24
2796,Patricia Martinez,patricia.martinez2796@shop.io,CA,2023-10-31,Basic,30883.73
2797,Richard Jackson,richard.jackson2797@customer.net,DE,2023-08-09,Basic,49524.10
2798,Linda Wilson,linda.wilson2798@customer.net,JP,2021-04-13,Basic,20722.64
2799,Noah Smith,noah.smith2799@mail.com,AU,2023-10-12,Basic,35213.84
2800,Barbara Martinez,barbara.martinez2800@mail.com,UK,2023-11-24,Premium,40288.69
2801,Jennifer Thompson,jennifer.thompson2801@example.com,DE,2020-02-19,Premium,6402.14
2802,Karen Jones,karen.jones2802@example.com,CA,2024-12-31,Premium,3043.33
2803,Noah Smith,noah.smith2803@example.com,BR,2020-09-29,Standard,13193.28
2804,Jennifer Miller,jennifer.miller2804@customer.net,AU,2018-04-10,Basic,8336.45
2805,Jessica Gonzalez,jessica.gonzalez2805@example.com,JP,2019-12-26,Premium,45002.59
2806,Jessica Anderson,jessica.anderson2806@shop.io,CA,2022-01-27,Basic,31423.95
2807,Jessica Jones,jessica.jones2807@customer.net,DE,2024-05-28,Premium,16339.17
2808,Karen Williams,karen.williams2808@customer.net,IN,2025-05-17,Basic,12130.34
2809,Patricia Gonzalez,patricia.gonzalez2809@example.com,BR,2020-01-15,Basic,22032.87
2810,Patricia Lee,patricia.lee2810@customer.net,DE,2018-09-17,Standard,34405.39
2811,Michael Anderson,michael.anderson2811@mail.com,MX,2025-05-08,Basic,48334.34
2812,James Hernandez,james.hernandez2812@mail.com,DE,2019-09-28,Basic,47764.11
2813,Karen Miller,karen.miller2813@customer.net,DE,2019-02-17,Basic,21412.29
2814,David Perez,david.perez2814@example.com,CA,2020-08-25,Basic,27577.87
2815,Linda Garcia,linda.garcia2815@shop.io,AU,2020-09-28,Basic,42799.37
2816,Sarah Miller,sarah.miller2816@shop.io,BR,2021-06-15,Standard,20951.98
2817,Jessica Lee,jessica.lee2817@customer.net,JP,2020-06-15,Premium,40431.26
2818,Elizabeth Davis,elizabeth.davis2818@example.com,MX,2021-09-24,Standard,43285.11
2819,Charles Thomas,charles.thomas2819@example.com,DE,2023-01-05,Basic,41260.96
2820,Charles Anderson,charles.anderson2820@example.com,DE,2024-05-27,Premium,22063.07
2821,Jennifer Johnson,jennifer.johnson2821@shop.io,FR,2025-06-23,Basic,23478.69
2822,Thomas Thomas,thomas.thomas2822@example.com,FR,2023-07-02,Basic,44779.59
2823,David Jones,david.jones2823@mail.com,DE,2019-09-04,Premium,40634.80
2824,Sophia Brown,sophia.brown2824@mail.com,AU,2022-06-15,Basic,39550.22
2825,Mary Moore,mary.moore2825@mail.com,DE,2018-06-04,Premium,13339.04
2826,Sarah Thomas,sarah.thomas2826@customer.net,BR,2023-08-25,Basic,43194.78
2827,Joseph Lopez,joseph.lopez2827@mail.com,AU,2025-06-26,Basic,17932.47
2828,Linda Lee,linda.lee2828@customer.net,US,2018-06-15,Premium,965.12
2829,Elizabeth Davis,elizabeth.davis2829@customer.net,UK,2024-06-03,Basic,16104.63
2830,Joseph Williams,joseph.williams2830@shop.io,DE,2020-05-10,Basic,28568.75
2831,John Smith,john.smith2831@mail.com,MX,2019-11-17,Basic,47097.18
2832,Noah Lopez,noah.lopez2832@example.com,UK,2021-05-25,Premium,23950.64
2833,Emma Taylor,emma.taylor2833@mail.com,US,2024-11-12,Premium,45591.55
2834,Charles Wilson,charles.wilson2834@customer.net,UK,2020-05-11,Basic,29714.89
2835,John Martin,john.martin2835@example.com,DE,2022-06-18,Premium,31701.20
2836,Noah Jones,noah.jones2836@example.com,FR,2019-10-07,Premium,43349.86
2837,Ava Anderson,ava.anderson2837@customer.net,JP,2025-05-28,Premium,2769.82
2838,Karen Perez,karen.perez2838@example.com,UK,2019-04-07,Standard,20194.54
2839,Robert Garcia,robert.garcia2839@example.com,UK,2024-12-04,Basic,1692.68
2840,Robert Hernandez,robert.hernandez2840@customer.net,FR,2020-03-21,Basic,37363.97
2841,Michael Johnson,michael.johnson2841@shop.io,MX,2020-02-28,Standard,19076.15
2842,Michael Moore,michael.moore2842@example.com,DE,2023-02-09,Basic,43855.93
2843,Elizabeth Taylor,elizabeth.taylor2843@example.com,DE,2021-03-01,Premium,5112.89
2844,Elizabeth Smith,elizabeth.smith2844@customer.net,BR,2019-07-30,Standard,43006.20
2845,Charles Perez,charles.perez2845@shop.io,DE,2019-09-07,Basic,14406.97
2846,Robert Smith,robert.smith2846@mail.com,AU,2021-12-04,Basic,19086.73
2847,John Lee,john.lee2847@example.com,FR,2025-06-24,Basic,29850.51
2848,Robert Thompson,robert.thompson2848@customer.net,US,2019-02-03,Premium,48447.38
2849,Patricia Jones,patricia.jones2849@shop.io,FR,2022-10-03,Standard,27529.77
2850,Sarah Lopez,sarah.lopez2850@customer.net,CA,2019-06-18,Premium,42332.46
2851,William Williams,william.williams2851@mail.com,US,2019-07-31,Standard,46516.23
2852,Susan Brown,susan.brown2852@shop.io,MX,2019-10-26,Standard,11617.26
2853,Jessica Rodriguez,jessica.rodriguez2853@example.com,DE,2024-09-19,Basic,3169.78
2854,Noah Williams,noah.williams2854@customer.net,IN,2024-08-16,Premium,20675.82
2855,Robert Jones,robert.jones2855@shop.io,BR,2025-04-16,Premium,17185.27
2856,William Garcia,william.garcia2856@example.com,FR,2021-03-15,Premium,12559.90
2857,Patricia Smith,patricia.smith2857@shop.io,IN,2023-07-27,Basic,45718.90
2858,Emma Anderson,emma.anderson2858@shop.io,IN,2021-06-16,Basic,3337.63
2859,Joseph Jackson,joseph.jackson2859@shop.io,AU,2021-03-13,Standard,42190.91
2860,Linda Rodriguez,linda.rodriguez2860@customer.net,UK,2019-07-15,Standard,23141.11
2861,James Brown,james.brown2861@example.com,BR,2018-09-01,Premium,39883.22
2862,Thomas Brown,thomas.brown2862@example.com,FR,2018-04-20,Basic,39647.24
2863,Sarah Davis,sarah.davis2863@example.com,JP,2022-06-21,Standard,38195.86
2864,John Thomas,john.thomas2864@mail.com,IN,2023-10-16,Premium,27264.19
2865,Thomas Brown,thomas.brown2865@shop.io,JP,2019-03-16,Premium,29678.09
2866,Noah Brown,noah.brown2866@shop.io,US,2023-03-14,Premium,9854.74
2867,Mary Wilson,mary.wilson2867@customer.net,UK,2020-10-06,Premium,23151.11
2868,Linda Hernandez,linda.hernandez2868@example.com,US,2021-03-24,Standard,48501.46
2869,William Thomas,william.thomas2869@shop.io,FR,2022-06-29,Premium,5798.87
2870,Michael Smith,michael.smith2870@example.com,MX,2022-11-18,Premium,17511.78
2871,Thomas Perez,thomas.perez2871@shop.io,JP,2022-10-11,Basic,21531.29
2872,William Thomas,william.thomas2872@example.com,FR,2019-05-09,Basic,372.79
2873,Michael Perez,michael.perez2873@mail.com,MX,2022-07-07,Premium,41147.01
2874,Joseph Rodriguez,joseph.rodriguez2874@customer.net,IN,2022-11-25,Premium,4038.78
2875,Charles Williams,charles.williams2875@mail.com,DE,2023-04-30,Premium,1701.02
2876,William Gonzalez,william.gonzalez2876@customer.net,IN,2019-02-15,Standard,48257.53
2877,Emma Jackson,emma.jackson2877@example.com,UK,2019-04-23,Premium,22401.87
2878,Jessica Perez,jessica.perez2878@customer.net,UK,2020-10-30,Premium,1080.43
2879,Emma Rodriguez,emma.rodriguez2879@mail.com,BR,2024-03-11,Premium,41045.31
2880,Charles Thompson,charles.thompson2880@shop.io,MX,2018-01-13,Standard,12539.59
2881,Ava Williams,ava.williams2881@shop.io,DE,2018-06-23,Standard,30566.86
2882,Thomas Johnson,thomas.johnson2882@shop.io,MX,2023-07-29,Standard,39187.95
2883,Thomas Thomas,thomas.thomas2883@mail.com,UK,2020-03-24,Standard,29556.82
2884,Oliver Brown,oliver.brown2884@customer.net,IN,2024-10-05,Basic,37520.34
2885,Patricia Wilson,patricia.wilson2885@customer.net,UK,2019-09-01,Premium,24299.27
2886,Mary Thomas,mary.thomas2886@customer.net,MX,2020-12-26,Premium,11741.61
2887,Jennifer Hernandez,jennifer.hernandez2887@customer.net,DE,2020-05-13,Basic,34475.31
2888,Thomas Perez,thomas.perez2888@shop.io,MX,2024-05-17,Premium,49783.95
2889,Joseph Smith,joseph.smith2889@example.com,CA,2019-11-08,Standard,42421.26
2890,Oliver Jones,oliver.jones2890@example.com,FR,2023-03-29,Premium,25827.00
2891,Sarah Garcia,sarah.garcia2891@example.com,UK,2022-08-10,Premium,42067.26
2892,Oliver Perez,oliver.perez2892@example.com,CA,2019-01-25,Basic,47191.33
2893,John Davis,john.davis2893@shop.io,MX,2024-05-30,Basic,29814.14
2894,Sophia Jackson,sophia.jackson2894@customer.net,DE,2019-04-04,Premium,48802.95
2895,James Moore,james.moore2895@shop.io,BR,2018-05-06,Premium,48528.35
2896,Richard Rodriguez,richard.rodriguez2896@shop.io,BR,2019-07-21,Premium,37915.84
2897,Joseph Lopez,joseph.lopez2897@mail.com,MX,2022-12-09,Basic,18752.58
2898,James Moore,james.moore2898@mail.com,US,2018-04-16,Standard,27050.73
2899,Susan Thomas,susan.thomas2899@shop.io,JP,2025-06-23,Premium,41457.64
2900,Jennifer Miller,jennifer.miller2900@customer.net,MX,2018-12-15,Standard,29824.45
2901,John Lee,john.lee2901@example.com,DE,2023-09-24,Standard,33749.58
2902,Charles Rodriguez,charles.rodriguez2902@mail.com,MX,2022-10-01,Basic,45200.19
2903,Robert Anderson,robert.anderson2903@customer.net,MX,2023-05-09,Basic,31805.88
2904,William Johnson,william.johnson2904@shop.io,FR,2019-04-28,Standard,45245.59
2905,John Jackson,john.jackson2905@customer.net,UK,2021-12-23,Standard,2296.66
2906,Sarah Lee,sarah.lee2906@mail.com,DE,2023-06-20,Standard,33742.20
2907,Ava Moore,ava.moore2907@mail.com,AU,2022-03-26,Standard,5439.74
2908,Joseph Jackson,joseph.jackson2908@customer.net,DE,2021-04-14,Basic,2353.86
2909,Karen Wilson,karen.wilson2909@shop.io,MX,2022-03-22,Standard,27385.24
2910,Noah Rodriguez,noah.rodriguez2910@customer.net,US,2020-12-24,Standard,25633.86
2911,Robert Williams,robert.williams2911@customer.net,US,2019-09-19,Basic,16967.09
2912,Richard Jones,richard.jones2912@mail.com,AU,2024-07-03,Premium,41293.43
2913,Susan Rodriguez,susan.rodriguez2913@mail.com,US,2023-08-21,Basic,48011.68
2914,Sophia Davis,sophia.davis2914@shop.io,BR,2022-06-27,Basic,34864.72
2915,Linda Martin,linda.martin2915@example.com,IN,2019-07-18,Standard,19819.90
2916,Robert Taylor,robert.taylor2916@customer.net,MX,2024-06-16,Premium,21303.23
2917,Karen Williams,karen.williams2917@example.com,CA,2018-10-30,Premium,49935.66
2918,Patricia Jackson,patricia.jackson2918@mail.com,AU,2025-06-01,Basic,32040.83
2919,Jennifer Miller,jennifer.miller2919@customer.net,UK,2020-08-10,Premium,23808.00
2920,Susan Smith,susan.smith2920@shop.io,DE,2020-10-15,Premium,45925.69
2921,David Moore,david.moore2921@example.com,IN,2021-09-23,Basic,1194.35
2922,Jennifer Lopez,jennifer.lopez2922@shop.io,CA,2023-07-23,Premium,13182.92
2923,Karen Brown,karen.brown2923@customer.net,AU,2025-04-17,Premium,43664.78
2924,Ava Martinez,ava.martinez2924@shop.io,US,2024-05-12,Standard,20163.03
2925,John Thomas,john.thomas2925@customer.net,UK,2023-10-14,Premium,35039.70
2926,Karen Moore,karen.moore2926@example.com,BR,2024-01-26,Basic,242.29
2927,Richard Anderson,richard.anderson2927@mail.com,UK,2021-01-17,Premium,22198.26
2928,Susan Taylor,susan.taylor2928@example.com,FR,2021-08-30,Basic,9316.93
2929,Richard Lee,richard.lee2929@customer.net,CA,2024-02-15,Standard,30861.76
2930,Sarah Martin,sarah.martin2930@mail.com,MX,2022-06-10,Basic,30965.39
2931,Joseph Martinez,joseph.martinez2931@customer.net,MX,2021-07-03,Basic,44636.90
2932,John Hernandez,john.hernandez2932@shop.io,MX,2020-12-05,Standard,40198.60
2933,Mary Brown,mary.brown2933@example.com,MX,2019-07-07,Basic,29995.49
2934,Jennifer Johnson,jennifer.johnson2934@customer.net,AU,2020-10-06,Basic,46444.53
2935,Ava Johnson,ava.johnson2935@shop.io,UK,2018-10-16,Standard,4022.45
2936,Oliver Johnson,oliver.johnson2936@mail.com,MX,2024-01-12,Basic,40394.44
2937,Michael Wilson,michael.wilson2937@shop.io,FR,2022-08-10,Basic,32416.16
2938,Patricia Taylor,patricia.taylor2938@shop.io,AU,2022-03-06,Basic,2884.99
2939,Jessica Smith,jessica.smith2939@example.com,US,2024-08-30,Basic,32601.23
2940,Elizabeth Jones,elizabeth.jones2940@shop.io,BR,2024-07-05,Standard,9028.48
2941,Elizabeth Gonzalez,elizabeth.gonzalez2941@customer.net,CA,2024-03-30,Basic,21801.91
2942,Jessica Wilson,jessica.wilson2942@example.com,AU,2022-11-21,Standard,8175.28
2943,Elizabeth Hernandez,elizabeth.hernandez2943@customer.net,AU,2023-07-01,Standard,17061.84
2944,James Jackson,james.jackson2944@customer.net,CA,2021-07-30,Premium,9695.15
2945,Thomas Martin,thomas.martin2945@example.com,IN,2019-06-20,Premium,42866.15
2946,Barbara Rodriguez,barbara.rodriguez2946@customer.net,IN,2019-06-20,Basic,9297.83
2947,Susan Hernandez,susan.hernandez2947@shop.io,US,2019-03-21,Standard,31667.93
2948,Karen Martin,karen.martin2948@shop.io,FR,2018-08-08,Premium,34770.14
2949,Oliver Wilson,oliver.wilson2949@mail.com,DE,2019-05-01,Premium,7692.57
2950,Jennifer Anderson,jennifer.anderson2950@customer.net,JP,2025-05-13,Standard,15599.75
2951,Robert Hernandez,robert.hernandez2951@example.com,IN,2018-04-24,Premium,4045.35
2952,William Thompson,william.thompson2952@example.com,UK,2022-03-06,Basic,40782.74
2953,William Moore,william.moore2953@customer.net,US,2018-01-26,Basic,849.20
2954,Jessica Jackson,jessica.jackson2954@customer.net,JP,2023-07-19,Basic,6479.82
2955,John Garcia,john.garcia2955@shop.io,JP,2018-02-25,Standard,22361.15
2956,Ava Wilson,ava.wilson2956@shop.io,DE,2025-02-28,Standard,3899.37
2957,Noah Brown,noah.brown2957@mail.com,US,2020-04-15,Basic,12636.30
2958,Noah Thomas,noah.thomas2958@shop.io,FR,2022-10-28,Standard,34852.06
2959,Noah Gonzalez,noah.gonzalez2959@example.com,JP,2024-03-19,Standard,48687.77
2960,Emma Garcia,emma.garcia2960@shop.io,CA,2023-10-07,Premium,15557.17
2961,Patricia Perez,patricia.perez2961@mail.com,BR,2021-08-21,Standard,18165.25
2962,Sophia Rodriguez,sophia.rodriguez2962@example.com,US,2022-10-25,Standard,15344.60
2963,Barbara Martinez,barbara.martinez2963@customer.net,AU,2019-08-20,Premium,42290.94
2964,John Brown,john.brown2964@mail.com,FR,2019-09-24,Basic,49237.79
2965,Elizabeth Moore,elizabeth.moore2965@customer.net,MX,2018-12-14,Standard,21975.57
2966,Sophia Gonzalez,sophia.gonzalez2966@mail.com,FR,2025-06-14,Standard,32288.73
2967,Oliver Garcia,oliver.garcia2967@customer.net,DE,2018-05-06,Premium,43393.72
2968,Sarah Moore,sarah.moore2968@customer.net,DE,2018-10-26,Standard,17746.14
2969,James Lee,james.lee2969@example.com,UK,2024-10-21,Standard,48119.57
2970,Mary Rodriguez,mary.rodriguez2970@shop.io,FR,2018-05-16,Standard,30483.15
2971,Linda Hernandez,linda.hernandez2971@mail.com,CA,2024-12-31,Premium,16618.10
2972,Linda Martinez,linda.martinez2972@example.com,US,2025-02-11,Basic,5281.46
2973,John Thompson,john.thompson2973@customer.net,JP,2023-04-27,Basic,14401.62
2974,John Wilson,john.wilson2974@shop.io,DE,2021-02-16,Standard,12794.22
2975,Oliver Lopez,oliver.lopez2975@shop.io,CA,2022-10-18,Premium,41310.00
2976,Michael Moore,michael.moore2976@shop.io,UK,2023-05-01,Basic,31015.09
2977,Joseph Thompson,joseph.thompson2977@example.com,US,2025-03-13,Basic,32580.45
2978,Noah Perez,noah.perez2978@shop.io,FR,2025-03-21,Basic,6254.31
2979,Sarah Anderson,sarah.anderson2979@shop.io,BR,2022-05-01,Basic,28438.13
2980,Susan Jackson,susan.jackson2980@mail.com,MX,2018-09-07,Standard,49661.05
2981,David Thomas,david.thomas2981@mail.com,JP,2019-03-05,Standard,42003.30
2982,Oliver Jones,oliver.jones2982@shop.io,IN,2020-08-10,Premium,40530.16
2983,Noah Martin,noah.martin2983@customer.net,CA,2019-12-18,Standard,6696.84
2984,Michael Moore,michael.moore2984@mail.com,MX,2023-01-16,Premium,26121.02
2985,Linda Jackson,linda.jackson2985@example.com,DE,2019-04-07,Basic,33010.59
2986,Jessica Smith,jessica.smith2986@customer.net,DE,2024-05-09,Premium,49171.92
2987,Thomas Taylor,thomas.taylor2987@example.com,MX,2024-03-31,Premium,8472.38
2988,Patricia Johnson,patricia.johnson2988@example.com,US,2020-01-29,Premium,8868.88
2989,James Smith,james.smith2989@example.com,BR,2022-04-30,Standard,21755.12
2990,Patricia Johnson,patricia.johnson2990@example.com,BR,2025-01-30,Basic,33606.50
2991,Sarah Perez,sarah.perez2991@customer.net,IN,2019-05-14,Premium,27432.27
2992,Elizabeth Miller,elizabeth.miller2992@shop.io,IN,2019-01-16,Standard,3179.42
2993,Noah Davis,noah.davis2993@shop.io,AU,2025-04-15,Premium,32093.54
2994,John Jackson,john.jackson2994@example.com,JP,2021-02-05,Standard,39173.61
2995,Sophia Moore,sophia.moore2995@mail.com,FR,2021-07-13,Standard,20492.53
2996,Charles Hernandez,charles.hernandez2996@example.com,US,2018-01-15,Premium,36693.42
2997,James Anderson,james.anderson2997@customer.net,DE,2018-01-15,Standard,40886.74
2998,William Hernandez,william.hernandez2998@customer.net,JP,2018-11-02,Standard,1075.30
2999,Ava Johnson,ava.johnson2999@customer.net,IN,2025-06-30,Standard,21161.88
3000,John Williams,john.williams3000@example.com,IN,2022-02-28,Standard,43388.43
3001,Ava Williams,ava.williams3001@mail.com,CA,2018-01-07,Standard,27128.52
3002,Patricia Gonzalez,patricia.gonzalez3002@shop.io,MX,2023-04-07,Premium,26187.35
3003,James Lopez,james.lopez3003@mail.com,IN,2022-09-16,Basic,10194.87
3004,Sarah Jones,sarah.jones3004@customer.net,BR,2024-05-13,Basic,31129.31
3005,Jennifer Gonzalez,jennifer.gonzalez3005@customer.net,US,2023-12-03,Premium,27042.78
3006,Sarah Moore,sarah.moore3006@example.com,JP,2023-12-08,Basic,33054.54
3007,Jessica Martin,jessica.martin3007@example.com,AU,2018-05-06,Standard,40162.24
3008,Susan Garcia,susan.garcia3008@shop.io,JP,2018-11-14,Basic,22778.08
3009,Richard Smith,richard.smith3009@mail.com,DE,2018-04-02,Premium,6721.78
3010,Ava Lopez,ava.lopez3010@customer.net,BR,2024-06-22,Basic,41568.74
3011,Jennifer Gonzalez,jennifer.gonzalez3011@example.com,CA,2018-11-19,Basic,42753.54
3012,Sophia Jackson,sophia.jackson3012@shop.io,DE,2018-10-26,Standard,18124.22
3013,Thomas Hernandez,thomas.hernandez3013@example.com,JP,2023-06-17,Standard,14610.28
3014,John Perez,john.perez3014@mail.com,JP,2021-04-30,Standard,30145.94
3015,John Brown,john.brown3015@mail.com,CA,2019-01-12,Basic,35667.22
3016,Richard Jones,richard.jones3016@customer.net,CA,2019-12-27,Premium,7131.57
3017,Jessica Hernandez,jessica.hernandez3017@example.com,JP,2018-08-07,Basic,44093.90
3018,William Lopez,william.lopez3018@shop.io,DE,2019-03-08,Basic,17395.91
3019,Elizabeth Lopez,elizabeth.lopez3019@customer.net,US,2021-07-30,Standard,38997.16
3020,Robert Smith,robert.smith3020@mail.com,DE,2022-02-12,Standard,41542.17
3021,Ava Jackson,ava.jackson3021@example.com,US,2018-09-17,Basic,20024.99
3022,Ava Hernandez,ava.hernandez3022@customer.net,CA,2018-08-05,Standard,8666.68
3023,Robert Rodriguez,robert.rodriguez3023@customer.net,DE,2023-08-23,Premium,45985.16
3024,Karen Hernandez,karen.hernandez3024@shop.io,US,2018-08-28,Premium,24325.19
3025,Emma Taylor,emma.taylor3025@mail.com,DE,2020-12-08,Basic,22685.93
3026,John Jones,john.jones3026@customer.net,UK,2022-05-15,Basic,46217.37
3027,Sophia Lopez,sophia.lopez3027@example.com,JP,2018-09-27,Premium,39336.42
3028,Sarah Lee,sarah.lee3028@example.com,UK,2019-04-21,Basic,18652.89
3029,James Martin,james.martin3029@mail.com,JP,2019-03-24,Basic,4400.06
3030,Jennifer Wilson,jennifer.wilson3030@example.com,US,2022-01-25,Premium,47355.50
3031,Joseph Johnson,joseph.johnson3031@mail.com,FR,2018-06-29,Premium,23172.53
3032,Susan Jackson,susan.jackson3032@shop.io,US,2018-01-19,Standard,12895.64
3033,Ava Lee,ava.lee3033@example.com,BR,2024-06-09,Standard,28132.54
3034,David Thompson,david.thompson3034@shop.io,FR,2025-03-30,Premium,39892.69
3035,Thomas Anderson,thomas.anderson3035@customer.net,MX,2024-03-24,Basic,10745.59
3036,Susan Lopez,susan.lopez3036@mail.com,MX,2020-11-19,Standard,47831.83
3037,Sophia Brown,sophia.brown3037@customer.net,UK,2025-01-01,Basic,25782.05
3038,Robert Thomas,robert.thomas3038@mail.com,CA,2024-01-15,Premium,10739.55
3039,Sophia Williams,sophia.williams3039@example.com,CA,2021-09-23,Premium,7771.08
3040,Sophia Moore,sophia.moore3040@customer.net,FR,2020-01-21,Premium,23466.77
3041,Elizabeth Miller,elizabeth.miller3041@shop.io,JP,2020-11-14,Basic,38220.64
3042,Linda Hernandez,linda.hernandez3042@mail.com,IN,2023-12-11,Premium,20341.01
3043,William Moore,william.moore3043@customer.net,US,2022-10-25,Standard,9768.43
3044,Sarah Davis,sarah.davis3044@shop.io,CA,2024-01-29,Basic,9842.07
3045,Elizabeth Garcia,elizabeth.garcia3045@shop.io,FR,2022-04-17,Basic,48455.44
3046,Elizabeth Gonzalez,elizabeth.gonzalez3046@mail.com,BR,2018-07-14,Standard,16766.22
3047,Joseph Anderson,joseph.anderson3047@shop.io,US,2022-05-31,Standard,22504.38
3048,David Lopez,david.lopez3048@example.com,AU,2022-06-15,Premium,10378.90
3049,Jennifer Smith,jennifer.smith3049@example.com,BR,2021-09-27,Standard,5446.29
3050,Jessica Lee,jessica.lee3050@shop.io,US,2025-06-21,Basic,5175.66
3051,Linda Brown,linda.brown3051@example.com,UK,2023-03-11,Basic,47076.04
3052,Patricia Martin,patricia.martin3052@example.com,DE,2021-09-07,Standard,35237.56
3053,Joseph Perez,joseph.perez3053@customer.net,US,2019-12-27,Premium,31728.90
3054,Richard Thompson,richard.thompson3054@shop.io,FR,2021-07-14,Standard,34961.76
3055,John Perez,john.perez3055@mail.com,US,2018-12-05,Basic,6848.13
3056,Joseph Hernandez,joseph.hernandez3056@shop.io,US,2018-02-13,Premium,43010.58
3057,Sophia Thompson,sophia.thompson3057@example.com,UK,2021-08-01,Premium,16929.30
3058,Noah Garcia,noah.garcia3058@shop.io,MX,2020-11-29,Standard,31722.45
3059,Karen Hernandez,karen.hernandez3059@example.com,JP,2021-03-03,Premium,47797.49
3060,Jessica Brown,jessica.brown3060@customer.net,FR,2019-06-13,Standard,29788.52
3061,Mary Lopez,mary.lopez3061@shop.io,US,2020-08-02,Basic,37574.70
3062,John Johnson,john.johnson3062@example.com,IN,2021-03-25,Basic,31139.82
3063,Elizabeth Smith,elizabeth.smith3063@mail.com,MX,2019-05-01,Premium,13943.96
3064,Robert Johnson,robert.johnson3064@mail.com,IN,2018-07-06,Basic,30617.57
3065,Sophia Martinez,sophia.martinez3065@example.com,UK,2024-02-02,Standard,31380.36
3066,Patricia Davis,patricia.davis3066@shop.io,MX,2024-11-30,Premium,47996.22
3067,Barbara Lopez,barbara.lopez3067@mail.com,AU,2024-05-11,Standard,7410.74
3068,Barbara Gonzalez,barbara.gonzalez3068@example.com,US,2018-08-31,Standard,48191.32
3069,Charles Jackson,charles.jackson3069@example.com,US,2022-06-18,Basic,21480.81
3070,Sarah Johnson,sarah.johnson3070@example.com,BR,2022-05-04,Basic,22017.69
3071,William Johnson,william.johnson3071@mail.com,JP,2023-08-14,Standard,34749.96
3072,Robert Thompson,robert.thompson3072@mail.com,FR,2024-05-24,Standard,15407.16
3073,Ava Lopez,ava.lopez3073@mail.com,US,2018-01-12,Standard,24589.74
3074,Richard Garcia,richard.garcia3074@shop.io,AU,2018-02-02,Premium,8117.94
3075,Barbara Smith,barbara.smith3075@example.com,JP,2020-05-20,Standard,15723.87
3076,Robert Gonzalez,,CA,2019-03-10,Standard,26908.22
3077,Jennifer Jackson,jennifer.jackson3077@example.com,DE,2025-06-02,Basic,35152.57
3078,Robert Davis,robert.davis3078@mail.com,CA,2021-09-17,Premium,3580.23
3079,Noah Johnson,noah.johnson3079@example.com,IN,2018-07-10,Standard,12289.83
3080,Emma Moore,emma.moore3080@customer.net,BR,2020-11-03,Premium,795.83
3081,Patricia Williams,patricia.williams3081@customer.net,IN,2022-12-24,Premium,39749.45
3082,Karen Smith,karen.smith3082@shop.io,AU,2023-02-13,Standard,37736.42
3083,Charles Moore,charles.moore3083@customer.net,AU,2024-05-05,Premium,4477.57
3084,Charles Jackson,charles.jackson3084@customer.net,CA,2019-11-18,Standard,2416.67
3085,Linda Wilson,linda.wilson3085@mail.com,US,2019-08-03,Standard,18565.19
3086,Thomas Garcia,thomas.garcia3086@example.com,CA,2023-03-08,Standard,44507.40
3087,Ava Martin,ava.martin3087@mail.com,US,2022-12-28,Premium,4632.62
3088,Barbara Garcia,barbara.garcia3088@mail.com,BR,2018-01-26,Premium,9533.35
3089,Ava Garcia,ava.garcia3089@example.com,MX,2025-05-28,Premium,3469.51
3090,Thomas Brown,thomas.brown3090@customer.net,US,2022-02-08,Basic,4813.72
3091,Patricia Brown,patricia.brown3091@customer.net,FR,2024-01-03,Standard,16682.55
3092,Sarah Williams,sarah.williams3092@shop.io,MX,2023-03-15,Basic,48643.31
3093,Jennifer Thompson,jennifer.thompson3093@example.com,IN,2024-03-27,Basic,2318.41
3094,Mary Hernandez,mary.hernandez3094@mail.com,JP,2024-01-01,Basic,30233.30
3095,Michael Williams,michael.williams3095@customer.net,MX,2019-09-26,Basic,45439.87
3096,Jessica Garcia,jessica.garcia3096@shop.io,AU,2021-06-27,Premium,32902.08
3097,Thomas Jones,thomas.jones3097@mail.com,JP,2019-10-28,Premium,2793.32
3098,Sarah Miller,sarah.miller3098@shop.io,BR,2019-06-07,Basic,46338.39
3099,Linda Jones,linda.jones3099@mail.com,US,2020-10-29,Premium,13943.47
3100,Jessica Rodriguez,jessica.rodriguez3100@mail.com,DE,2023-11-20,Basic,5574.34
3101,Susan Lopez,susan.lopez3101@mail.com,US,2019-06-03,Basic,31402.40
3102,James Jones,james.jones3102@example.com,FR,2018-07-27,Standard,46861.51
3103,Ava Jones,ava.jones3103@mail.com,DE,2019-06-19,Basic,22001.44
3104,Barbara Jones,barbara.jones3104@example.com,FR,2022-03-08,Basic,9778.77
3105,Sophia Jones,sophia.jones3105@example.com,IN,2021-10-06,Premium,20417.18
3106,Richard Miller,richard.miller3106@example.com,US,2021-11-11,Basic,39673.05
3107,Linda Anderson,linda.anderson3107@customer.net,JP,2021-12-28,Standard,45164.35
3108,Patricia Martin,patricia.martin3108@mail.com,DE,2018-10-18,Basic,1243.60
3109,Jennifer Martin,jennifer.martin3109@example.com,IN,2018-10-31,Standard,14997.04
3110,Karen Johnson,karen.johnson3110@mail.com,MX,2023-12-15,Premium,6054.65
3111,James Rodriguez,james.rodriguez3111@mail.com,BR,2021-02-04,Premium,31042.42
3112,Richard Garcia,richard.garcia3112@mail.com,MX,2018-11-29,Premium,46950.40
3113,Susan Thomas,susan.thomas3113@example.com,BR,2018-08-17,Standard,20352.55
3114,Barbara Wilson,barbara.wilson3114@customer.net,JP,2018-06-16,Standard,11770.00
3115,Richard Jones,richard.jones3115@example.com,MX,2023-09-29,Standard,18166.33
3116,Mary Martinez,mary.martinez3116@shop.io,CA,2021-05-15,Basic,1905.27
3117,Susan Gonzalez,susan.gonzalez3117@mail.com,CA,2024-10-12,Premium,35892.25
3118,Charles Wilson,charles.wilson3118@shop.io,US,2021-05-23,Basic,30265.46
3119,Jennifer Anderson,jennifer.anderson3119@mail.com,DE,2019-11-23,Standard,6821.01
3120,Patricia Williams,patricia.williams3120@shop.io,DE,2020-11-13,Premium,39312.93
3121,Oliver Jones,oliver.jones3121@shop.io,BR,2021-08-06,Standard,33707.95
3122,Patricia Perez,patricia.perez3122@example.com,BR,2023-07-13,Basic,47523.50
3123,Karen Brown,karen.brown3123@customer.net,DE,2025-03-04,Premium,36245.30
3124,Ava Williams,ava.williams3124@customer.net,CA,2020-06-22,Premium,28029.30
3125,Linda Jones,linda.jones3125@shop.io,JP,2020-02-04,Standard,33368.84
3126,Barbara Moore,barbara.moore3126@mail.com,FR,2020-10-02,Standard,47466.83
3127,Mary Thompson,mary.thompson3127@mail.com,UK,2018-11-19,Basic,41739.24
3128,Oliver Taylor,oliver.taylor3128@customer.net,IN,2018-04-25,Standard,49008.87
3129,William Lopez,william.lopez3129@customer.net,IN,2024-04-27,Basic,13501.29
3130,David Anderson,david.anderson3130@customer.net,MX,2021-01-03,Basic,38627.22
3131,Emma Hernandez,emma.hernandez3131@mail.com,AU,2020-09-09,Standard,18598.87
3132,Jessica Rodriguez,jessica.rodriguez3132@customer.net,IN,2024-09-01,Basic,19177.15
3133,John Wilson,john.wilson3133@mail.com,CA,2019-06-03,Premium,8936.45
3134,Elizabeth Lopez,elizabeth.lopez3134@example.com,BR,2018-02-02,Basic,16668.81
3135,Karen Martinez,karen.martinez3135@example.com,AU,2020-01-30,Standard,29837.63
3136,David Lopez,david.lopez3136@customer.net,IN,2021-05-22,Standard,9168.02
3137,Linda Smith,linda.smith3137@customer.net,CA,2019-07-14,Premium,18460.34
3138,Ava Jackson,ava.jackson3138@example.com,CA,2020-01-14,Standard,6214.74
3139,Elizabeth Johnson,elizabeth.johnson3139@shop.io,BR,2024-07-18,Premium,12465.83
3140,Jennifer Wilson,jennifer.wilson3140@example.com,CA,2021-07-21,Standard,10753.20
3141,Mary Anderson,mary.anderson3141@customer.net,FR,2025-05-18,Standard,11377.67
3142,Oliver Smith,oliver.smith3142@example.com,BR,2025-03-29,Basic,36570.44
3143,Jessica Taylor,jessica.taylor3143@shop.io,DE,2019-08-05,Premium,4062.10
3144,Noah Moore,noah.moore3144@customer.net,UK,2024-03-31,Standard,15984.95
3145,Michael Lopez,michael.lopez3145@shop.io,DE,2022-11-09,Basic,39895.76
3146,William Rodriguez,william.rodriguez3146@customer.net,US,2019-04-06,Standard,9780.38
3147,Jennifer Lee,jennifer.lee3147@example.com,BR,2022-08-11,Standard,43778.06
3148,Robert Davis,robert.davis3148@customer.net,JP,2023-01-30,Premium,28907.50
3149,Richard Perez,richard.perez3149@shop.io,IN,2020-02-11,Premium,23454.72
3150,Patricia Rodriguez,patricia.rodriguez3150@example.com,US,2025-01-21,Basic,17919.78
3151,Robert Anderson,robert.anderson3151@example.com,US,2022-02-14,Standard,32488.94
3152,Oliver Johnson,oliver.johnson3152@example.com,US,2019-09-15,Standard,42831.10
3153,Jennifer Jones,jennifer.jones3153@example.com,CA,2020-02-03,Standard,23209.42
3154,Michael Brown,michael.brown3154@customer.net,US,2024-10-10,Standard,11412.79
3155,Charles Thompson,charles.thompson3155@example.com,FR,2022-06-19,Basic,40325.53
3156,Ava Williams,ava.williams3156@customer.net,DE,2018-05-24,Premium,6168.99
3157,Richard Martin,richard.martin3157@shop.io,AU,2019-09-24,Basic,38800.71
3158,Jennifer Smith,jennifer.smith3158@mail.com,MX,2025-01-29,Standard,39226.23
3159,Barbara Jones,barbara.jones3159@shop.io,MX,2021-12-13,Basic,34175.98
3160,Linda Jones,linda.jones3160@mail.com,DE,2025-03-06,Basic,38565.80
3161,Joseph Davis,joseph.davis3161@mail.com,BR,2024-10-07,Basic,8797.88
3162,Elizabeth Lopez,elizabeth.lopez3162@customer.net,FR,2021-12-21,Premium,6547.21
3163,Susan Wilson,susan.wilson3163@example.com,BR,2021-12-04,Premium,23530.16
3164,John Johnson,john.johnson3164@customer.net,US,2023-09-26,Premium,19515.59
3165,Jessica Brown,jessica.brown3165@mail.com,FR,2022-04-11,Premium,5023.65
3166,Jessica Brown,jessica.brown3166@mail.com,IN,2019-02-13,Standard,32275.82
3167,Sarah Davis,sarah.davis3167@mail.com,UK,2023-07-13,Basic,39708.41
3168,Emma Wilson,emma.wilson3168@shop.io,BR,2020-11-23,Standard,23975.97
3169,David Anderson,david.anderson3169@shop.io,DE,2019-08-18,Premium,48985.92
3170,Michael Thompson,michael.thompson3170@mail.com,DE,2019-10-24,Basic,25467.07
3171,Emma Brown,emma.brown3171@shop.io,CA,2019-09-23,Standard,28054.63
3172,Oliver Jackson,oliver.jackson3172@mail.com,DE,2020-01-02,Basic,47921.87
3173,Richard Johnson,richard.johnson3173@customer.net,DE,2024-12-06,Standard,10632.07
3174,Emma Johnson,emma.johnson3174@customer.net,FR,2025-02-15,Basic,23991.54
3175,Linda Williams,linda.williams3175@example.com,BR,2018-08-16,Standard,19901.30
3176,Jessica Rodriguez,jessica.rodriguez3176@example.com,FR,2018-01-26,Standard,33483.21
3177,Linda Moore,,UK,2025-04-29,Basic,16265.54
3178,James Perez,james.perez3178@example.com,FR,2022-04-28,Premium,20124.50
3179,Mary Taylor,mary.taylor3179@shop.io,IN,2020-07-27,Basic,41425.77
3180,Jessica Perez,jessica.perez3180@shop.io,IN,2018-09-17,Standard,36551.82
3181,Jessica Johnson,jessica.johnson3181@shop.io,AU,2020-10-26,Basic,3728.80
3182,Jennifer Lee,jennifer.lee3182@example.com,AU,2018-12-21,Standard,48869.95
3183,William Williams,william.williams3183@example.com,MX,2021-11-02,Standard,21470.43
3184,James Jackson,james.jackson3184@example.com,MX,2022-03-20,Basic,49239.81
3185,Charles Hernandez,charles.hernandez3185@customer.net,BR,2023-07-28,Standard,40262.18
3186,Mary Thomas,mary.thomas3186@example.com,DE,2018-03-16,Standard,8519.49
3187,Jennifer Perez,jennifer.perez3187@example.com,UK,2024-12-25,Basic,24856.90
3188,Robert Perez,robert.perez3188@example.com,DE,2021-06-13,Premium,47045.95
3189,Charles Davis,charles.davis3189@customer.net,MX,2022-07-11,Standard,26645.81
3190,Emma Anderson,emma.anderson3190@customer.net,US,2024-05-08,Basic,23780.86
3191,John Garcia,john.garcia3191@customer.net,JP,2023-06-05,Premium,4087.16
3192,Karen Garcia,karen.garcia3192@mail.com,JP,2025-04-24,Standard,33780.00
3193,James Anderson,james.anderson3193@shop.io,MX,2023-12-13,Basic,31119.70
3194,Emma Moore,emma.moore3194@customer.net,AU,2020-08-29,Basic,46804.86
3195,Emma Perez,emma.perez3195@shop.io,FR,2019-04-18,Basic,4675.61
3196,Sophia Gonzalez,sophia.gonzalez3196@shop.io,CA,2020-02-11,Premium,47695.26
3197,Oliver Jackson,oliver.jackson3197@shop.io,DE,2020-08-13,Premium,7322.11
3198,Jennifer Brown,jennifer.brown3198@example.com,AU,2018-04-07,Standard,24365.86
3199,Richard Rodriguez,richard.rodriguez3199@shop.io,MX,2025-03-06,Standard,39997.08
3200,Elizabeth Thomas,elizabeth.thomas3200@example.com,US,2018-01-05,Premium,21101.15
3201,Sarah Anderson,sarah.anderson3201@customer.net,CA,2021-06-20,Basic,33302.52
3202,Susan Thomas,susan.thomas3202@customer.net,CA,2024-06-02,Standard,29694.98
3203,Elizabeth Williams,elizabeth.williams3203@customer.net,FR,2022-04-29,Standard,21388.85
3204,Mary Rodriguez,mary.rodriguez3204@shop.io,US,2018-04-05,Standard,12288.77
3205,David Thompson,david.thompson3205@mail.com,JP,2020-03-26,Premium,29484.27
3206,Richard Rodriguez,richard.rodriguez3206@customer.net,MX,2020-02-03,Standard,22124.83
3207,Patricia Lee,patricia.lee3207@shop.io,DE,2024-05-20,Basic,19069.83
3208,David Miller,david.miller3208@example.com,AU,2024-08-28,Standard,35978.88
3209,Jennifer Lopez,jennifer.lopez3209@shop.io,UK,2019-10-24,Basic,8139.00
3210,Susan Perez,susan.perez3210@mail.com,IN,2021-05-12,Premium,49373.65
3211,David Martin,david.martin3211@shop.io,BR,2024-12-17,Basic,42040.74
3212,Sophia Hernandez,sophia.hernandez3212@customer.net,AU,2021-02-27,Standard,32907.20
3213,Linda Martinez,linda.martinez3213@shop.io,CA,2021-04-11,Basic,11148.19
3214,Ava Rodriguez,ava.rodriguez3214@example.com,CA,2024-11-11,Premium,19836.54
3215,Karen Jackson,karen.jackson3215@mail.com,MX,2020-09-20,Basic,47243.01
3216,William Rodriguez,william.rodriguez3216@customer.net,CA,2020-07-16,Basic,44057.78
3217,Susan Rodriguez,susan.rodriguez3217@example.com,BR,2025-05-16,Basic,28111.72
3218,Robert Davis,robert.davis3218@example.com,MX,2021-09-06,Basic,21064.40
3219,Karen Thomas,karen.thomas3219@mail.com,MX,2023-12-24,Basic,38549.79
3220,Thomas Jackson,thomas.jackson3220@shop.io,UK,2020-10-17,Premium,5270.20
3221,James Jackson,james.jackson3221@customer.net,DE,2018-09-08,Basic,8749.52
3222,Jessica Johnson,jessica.johnson3222@customer.net,AU,2021-05-19,Basic,17452.60
3223,Elizabeth Lee,elizabeth.lee3223@customer.net,AU,2021-10-11,Standard,40037.60
3224,Robert Jones,robert.jones3224@example.com,FR,2018-02-11,Premium,15158.38
3225,Charles Wilson,charles.wilson3225@shop.io,IN,2018-09-20,Premium,36204.36
3226,Linda Jackson,linda.jackson3226@example.com,US,2019-08-03,Basic,43744.61
3227,Patricia Jones,patricia.jones3227@example.com,FR,2023-03-06,Standard,42937.73
3228,Barbara Taylor,barbara.taylor3228@customer.net,FR,2021-09-16,Basic,16935.35
3229,Oliver Thomas,oliver.thomas3229@example.com,BR,2022-10-29,Premium,46142.61
3230,Karen Miller,karen.miller3230@example.com,CA,2022-01-16,Basic,14987.39
3231,William Thompson,william.thompson3231@shop.io,IN,2022-05-08,Premium,4323.64
3232,Linda Moore,linda.moore3232@shop.io,US,2020-04-18,Standard,44523.41
3233,Michael Wilson,michael.wilson3233@mail.com,DE,2018-05-18,Premium,9825.65
3234,Joseph Martinez,joseph.martinez3234@mail.com,CA,2022-07-24,Premium,32835.56
3235,James Martinez,james.martinez3235@mail.com,JP,2024-07-01,Standard,25271.29
3236,Ava Perez,ava.perez3236@customer.net,BR,2018-04-25,Premium,27653.22
3237,Emma Hernandez,emma.hernandez3237@mail.com,MX,2021-02-23,Standard,37687.83
3238,Mary Jones,mary.jones3238@example.com,JP,2022-11-30,Standard,3314.12
3239,William Miller,william.miller3239@example.com,CA,2020-05-01,Standard,3016.42
3240,Linda Moore,linda.moore3240@shop.io,US,2019-11-01,Premium,40771.82
3241,Karen Rodriguez,karen.rodriguez3241@customer.net,IN,2021-10-17,Premium,22477.93
3242,David Garcia,david.garcia3242@mail.com,FR,2019-07-01,Basic,49701.40
3243,Karen Davis,karen.davis3243@example.com,DE,2018-03-08,Premium,16576.43
3244,Charles Brown,charles.brown3244@mail.com,FR,2018-02-10,Premium,1196.13
3245,Michael Rodriguez,michael.rodriguez3245@customer.net,JP,2022-12-12,Premium,36729.75
3246,Patricia Perez,patricia.perez3246@customer.net,JP,2022-02-04,Premium,21933.22
3247,Susan Jones,susan.jones3247@customer.net,MX,2024-11-03,Standard,37570.09
3248,David Davis,david.davis3248@example.com,DE,2021-02-12,Basic,18572.73
3249,Mary Williams,mary.williams3249@mail.com,FR,2024-07-10,Basic,38502.16
3250,Jessica Garcia,jessica.garcia3250@mail.com,US,2020-06-06,Standard,35865.26
3251,Robert Johnson,robert.johnson3251@mail.com,BR,2021-04-27,Standard,3498.26
3252,Charles Smith,charles.smith3252@example.com,JP,2019-10-30,Premium,33129.67
3253,Robert Martinez,robert.martinez3253@example.com,AU,2018-08-28,Standard,40734.77
3254,Noah Wilson,noah.wilson3254@shop.io,BR,2023-03-10,Basic,38831.77
3255,Patricia Thomas,patricia.thomas3255@customer.net,AU,2020-12-02,Standard,5382.95
3256,Karen Garcia,karen.garcia3256@shop.io,US,2022-05-02,Standard,32026.95
3257,Linda Moore,linda.moore3257@customer.net,DE,2023-04-06,Basic,7502.06
3258,Thomas Williams,thomas.williams3258@mail.com,DE,2021-07-21,Basic,2101.15
3259,Charles Thompson,charles.thompson3259@shop.io,IN,2022-06-03,Basic,14159.19
3260,William Taylor,william.taylor3260@mail.com,FR,2023-06-12,Premium,31397.33
3261,Joseph Jackson,joseph.jackson3261@example.com,DE,2019-02-13,Premium,4318.36
3262,Mary Brown,mary.brown3262@customer.net,BR,2018-06-21,Premium,34874.76
3263,Ava Moore,ava.moore3263@customer.net,MX,2018-07-24,Basic,45824.90
3264,John Anderson,john.anderson3264@example.com,JP,2021-04-08,Basic,1899.08
3265,Emma Davis,emma.davis3265@mail.com,AU,2019-03-01,Basic,48584.05
3266,Karen Rodriguez,karen.rodriguez3266@shop.io,DE,2024-09-16,Standard,36787.40
3267,Sophia Brown,sophia.brown3267@customer.net,UK,2019-12-09,Premium,7191.04
3268,Jessica Gonzalez,jessica.gonzalez3268@shop.io,FR,2020-06-21,Basic,22774.73
3269,Jennifer Smith,jennifer.smith3269@shop.io,CA,2019-09-05,Premium,5738.04
3270,Jennifer Gonzalez,jennifer.gonzalez3270@shop.io,CA,2024-08-18,Basic,19186.75
3271,Michael Miller,michael.miller3271@example.com,BR,2020-03-11,Premium,48810.47
3272,Elizabeth Martinez,elizabeth.martinez3272@customer.net,US,2021-06-02,Basic,42046.82
3273,Jessica Taylor,jessica.taylor3273@shop.io,US,2021-01-14,Standard,1138.40
3274,Jennifer Smith,jennifer.smith3274@shop.io,MX,2022-03-27,Basic,34249.29
3275,John Martin,john.martin3275@shop.io,FR,2023-01-10,Standard,12943.19
3276,Ava Garcia,ava.garcia3276@customer.net,IN,2025-02-12,Basic,10539.23
3277,Karen Hernandez,karen.hernandez3277@customer.net,FR,2021-01-02,Premium,22672.29
3278,Jessica Thomas,jessica.thomas3278@shop.io,DE,2019-10-18,Standard,28405.21
3279,James Wilson,james.wilson3279@example.com,IN,2021-12-01,Basic,4277.38
3280,Karen Jones,karen.jones3280@example.com,AU,2024-06-03,Basic,46379.57
3281,Robert Jackson,robert.jackson3281@shop.io,UK,2018-10-20,Standard,46210.61
3282,Sophia Wilson,sophia.wilson3282@mail.com,US,2019-09-14,Basic,15955.53
3283,Sophia Perez,sophia.perez3283@customer.net,FR,2022-11-21,Premium,23217.29
3284,Noah Jones,noah.jones3284@customer.net,DE,2024-12-24,Basic,14903.28
3285,Sophia Garcia,sophia.garcia3285@example.com,IN,2022-03-25,Premium,16827.70
3286,William Martin,william.martin3286@example.com,BR,2021-10-23,Premium,9807.13
3287,Noah Brown,noah.brown3287@mail.com,BR,2018-06-15,Premium,13703.30
3288,Sarah Davis,sarah.davis3288@mail.com,UK,2025-03-16,Premium,8921.33
3289,Robert Brown,robert.brown3289@mail.com,UK,2022-03-05,Basic,14874.02
3290,Oliver Brown,oliver.brown3290@shop.io,BR,2019-09-22,Standard,27217.64
3291,Sarah Thomas,sarah.thomas3291@customer.net,CA,2018-02-04,Premium,38202.43
3292,Patricia Taylor,patricia.taylor3292@shop.io,CA,2024-03-28,Basic,3018.53
3293,Elizabeth Martinez,elizabeth.martinez3293@mail.com,US,2018-06-24,Standard,8965.30
3294,Thomas Thomas,thomas.thomas3294@customer.net,BR,2023-05-22,Premium,41612.22
3295,Thomas Hernandez,thomas.hernandez3295@customer.net,IN,2021-02-28,Standard,37471.82
3296,Sophia Brown,sophia.brown3296@customer.net,DE,2020-06-10,Standard,32959.34
3297,Patricia Martin,patricia.martin3297@mail.com,IN,2019-08-17,Premium,3847.67
3298,Jennifer Smith,jennifer.smith3298@shop.io,UK,2018-07-06,Standard,8238.45
3299,William Moore,william.moore3299@mail.com,UK,2021-02-26,Basic,24331.31
3300,Thomas Jackson,thomas.jackson3300@example.com,UK,2023-04-14,Basic,22381.02
3301,Sophia Wilson,sophia.wilson3301@shop.io,MX,2023-11-28,Premium,32619.21
3302,Thomas Thompson,thomas.thompson3302@mail.com,UK,2024-02-29,Premium,2944.95
3303,Susan Wilson,susan.wilson3303@customer.net,US,2019-11-20,Basic,206.33
3304,James Lopez,james.lopez3304@mail.com,DE,2024-01-18,Standard,9750.25
3305,Richard Miller,richard.miller3305@example.com,US,2021-08-10,Basic,2416.02
3306,Jennifer Rodriguez,jennifer.rodriguez3306@mail.com,BR,2020-08-20,Basic,35518.23
3307,Barbara Moore,barbara.moore3307@mail.com,IN,2024-11-27,Premium,33033.23
3308,Charles Martin,charles.martin3308@example.com,US,2023-01-22,Standard,26745.69
3309,Susan Garcia,susan.garcia3309@customer.net,IN,2020-09-26,Premium,8947.79
3310,Sarah Miller,sarah.miller3310@customer.net,FR,2020-05-28,Standard,20434.70
3311,Noah Williams,noah.williams3311@shop.io,UK,2025-01-29,Basic,45661.23
3312,Sophia Gonzalez,,IN,2023-02-07,Premium,12466.82
3313,Sarah Martinez,sarah.martinez3313@example.com,US,2018-11-01,Premium,7837.12
3314,Thomas Garcia,thomas.garcia3314@mail.com,FR,2024-10-29,Premium,5047.55
3315,Sarah Taylor,sarah.taylor3315@mail.com,AU,2020-02-05,Standard,36884.93
3316,Noah Williams,noah.williams3316@customer.net,AU,2018-03-23,Standard,47638.10
3317,Jessica Thomas,jessica.thomas3317@customer.net,UK,2025-04-19,Premium,21182.34
3318,Emma Lopez,emma.lopez3318@mail.com,US,2025-02-13,Basic,26180.06
3319,Emma Rodriguez,emma.rodriguez3319@mail.com,UK,2024-12-19,Premium,23407.73
3320,Joseph Wilson,joseph.wilson3320@example.com,JP,2023-08-23,Basic,5622.38
3321,Charles Wilson,charles.wilson3321@mail.com,BR,2021-05-09,Standard,33070.98
3322,Jennifer Perez,jennifer.perez3322@example.com,DE,2022-05-20,Standard,18495.10
3323,Richard Moore,richard.moore3323@customer.net,DE,2024-11-10,Standard,28779.83
3324,Patricia Jones,patricia.jones3324@shop.io,JP,2020-04-16,Standard,30875.45
3325,Charles Jackson,charles.jackson3325@mail.com,AU,2021-08-28,Premium,30156.96
3326,Oliver Wilson,oliver.wilson3326@example.com,JP,2021-05-05,Premium,29008.64
3327,Karen Smith,karen.smith3327@customer.net,CA,2025-01-13,Standard,7221.70
3328,Karen Wilson,karen.wilson3328@customer.net,MX,2021-06-01,Premium,38247.04
3329,Charles Martin,charles.martin3329@customer.net,JP,2018-03-30,Basic,291.98
3330,Karen Anderson,karen.anderson3330@shop.io,JP,2020-11-10,Basic,17661.97
3331,Karen Jackson,karen.jackson3331@shop.io,IN,2021-02-03,Premium,47685.05
3332,Michael Martin,michael.martin3332@shop.io,UK,2022-08-11,Standard,12202.34
3333,Joseph Taylor,joseph.taylor3333@shop.io,FR,2022-06-21,Basic,29118.09
3334,Sarah Brown,sarah.brown3334@customer.net,CA,2024-07-21,Basic,1494.92
3335,Elizabeth Hernandez,elizabeth.hernandez3335@example.com,MX,2019-11-14,Basic,32036.48
3336,Richard Smith,richard.smith3336@shop.io,DE,2019-04-30,Premium,8284.92
3337,Robert Anderson,robert.anderson3337@example.com,IN,2022-06-28,Standard,27688.55
3338,Mary Smith,mary.smith3338@mail.com,CA,2023-12-30,Standard,17992.60
3339,Patricia Davis,patricia.davis3339@example.com,BR,2024-01-20,Basic,27821.67
3340,Oliver Johnson,oliver.johnson3340@shop.io,JP,2021-06-03,Basic,40758.69
3341,Sarah Davis,sarah.davis3341@customer.net,CA,2019-03-11,Basic,17446.88
3342,Linda Smith,linda.smith3342@mail.com,JP,2022-02-26,Premium,2457.44
3343,Michael Johnson,michael.johnson3343@shop.io,IN,2022-07-10,Premium,29649.47
3344,Sophia Martin,sophia.martin3344@shop.io,FR,2018-03-12,Standard,19431.38
3345,Patricia Moore,patricia.moore3345@shop.io,MX,2020-02-24,Standard,48939.51
3346,Oliver Martinez,oliver.martinez3346@customer.net,JP,2024-05-21,Premium,25182.41
3347,Jessica Smith,jessica.smith3347@example.com,BR,2023-04-18,Premium,20780.82
3348,Emma Johnson,emma.johnson3348@example.com,UK,2025-01-28,Premium,21443.56
3349,Ava Brown,ava.brown3349@example.com,FR,2021-01-16,Standard,15220.50
3350,William Jones,william.jones3350@example.com,IN,2023-06-06,Standard,33296.72
3351,Susan Moore,susan.moore3351@customer.net,AU,2019-11-07,Standard,47005.92
3352,Richard Jones,richard.jones3352@mail.com,UK,2021-08-18,Standard,30602.96
3353,Susan Thomas,susan.thomas3353@mail.com,AU,2022-10-09,Premium,9293.41
3354,Jennifer Brown,jennifer.brown3354@example.com,AU,2020-08-24,Premium,46600.31
3355,Emma Perez,emma.perez3355@shop.io,JP,2018-05-01,Standard,24995.30
3356,Jessica Gonzalez,jessica.gonzalez3356@shop.io,BR,2021-03-27,Basic,39294.81
3357,Barbara Martin,barbara.martin3357@mail.com,MX,2022-11-26,Standard,8619.05
3358,Linda Moore,linda.moore3358@mail.com,AU,2018-01-26,Standard,41538.78
3359,Robert Martinez,robert.martinez3359@shop.io,AU,2020-06-12,Premium,8394.58
3360,Karen Johnson,karen.johnson3360@example.com,FR,2022-06-04,Premium,32954.75
3361,John Williams,john.williams3361@customer.net,FR,2025-03-06,Premium,31702.03
3362,Joseph Thomas,joseph.thomas3362@mail.com,IN,2021-01-13,Basic,32162.64
3363,Noah Davis,noah.davis3363@shop.io,BR,2021-08-07,Basic,33787.82
3364,Sarah Hernandez,sarah.hernandez3364@mail.com,DE,2024-07-21,Basic,15333.16
3365,Oliver Lopez,oliver.lopez3365@mail.com,AU,2019-02-20,Standard,5871.24
3366,Thomas Hernandez,thomas.hernandez3366@customer.net,AU,2024-11-23,Premium,22486.47
3367,Mary Hernandez,mary.hernandez3367@example.com,BR,2025-02-21,Premium,18227.31
3368,Karen Williams,karen.williams3368@shop.io,JP,2023-02-04,Standard,13535.32
3369,Linda Lopez,linda.lopez3369@mail.com,AU,2019-08-02,Standard,21974.18
3370,Thomas Martinez,thomas.martinez3370@example.com,JP,2019-05-03,Standard,29070.98
3371,Ava Jackson,ava.jackson3371@customer.net,FR,2020-11-30,Standard,42385.52
3372,Karen Miller,karen.miller3372@example.com,AU,2020-08-05,Standard,25576.20
3373,James Davis,james.davis3373@mail.com,UK,2023-12-11,Premium,21122.13
3374,John Thompson,john.thompson3374@mail.com,FR,2025-03-24,Basic,45930.35
3375,Jennifer Wilson,jennifer.wilson3375@example.com,BR,2023-04-28,Basic,26793.89
3376,Jennifer Moore,jennifer.moore3376@example.com,AU,2019-12-15,Standard,27210.92
3377,Michael Smith,michael.smith3377@shop.io,BR,2022-11-16,Premium,15866.88
3378,John Hernandez,john.hernandez3378@mail.com,UK,2022-12-29,Basic,15355.90
3379,David Perez,david.perez3379@mail.com,AU,2020-07-16,Standard,40627.17
3380,Thomas Johnson,thomas.johnson3380@example.com,BR,2024-05-01,Premium,17876.39
3381,Oliver Thomas,oliver.thomas3381@mail.com,CA,2021-02-17,Standard,24878.54
3382,Noah Thomas,noah.thomas3382@customer.net,IN,2019-10-28,Basic,40472.69
3383,Charles Williams,charles.williams3383@shop.io,FR,2020-05-09,Standard,6913.93
3384,Karen Jackson,karen.jackson3384@shop.io,IN,2025-01-20,Standard,13173.45
3385,David Johnson,david.johnson3385@example.com,US,2019-04-05,Premium,26660.07
3386,Sarah Hernandez,sarah.hernandez3386@customer.net,FR,2024-06-23,Premium,26611.45
3387,Linda Perez,linda.perez3387@shop.io,DE,2019-01-25,Basic,4340.72
3388,Karen Wilson,karen.wilson3388@shop.io,CA,2019-11-29,Basic,14810.97
3389,William Taylor,william.taylor3389@shop.io,MX,2024-11-24,Basic,22945.27
3390,Barbara Anderson,,BR,2022-02-28,Standard,16496.81
3391,Ava Jackson,ava.jackson3391@shop.io,BR,2019-06-02,Basic,37120.67
3392,Charles Johnson,charles.johnson3392@mail.com,DE,2018-10-20,Standard,37285.09
3393,Joseph Moore,joseph.moore3393@example.com,DE,2021-05-10,Basic,27068.35
3394,Emma Martin,emma.martin3394@customer.net,UK,2023-03-08,Premium,46318.88
3395,Sophia Jackson,sophia.jackson3395@shop.io,CA,2021-09-08,Premium,39516.38
3396,Michael Wilson,michael.wilson3396@customer.net,DE,2023-11-13,Standard,49103.91
3397,Patricia Williams,patricia.williams3397@mail.com,FR,2025-02-27,Premium,10575.01
3398,Thomas Hernandez,thomas.hernandez3398@customer.net,BR,2019-04-13,Premium,28948.29
3399,Karen Thomas,karen.thomas3399@example.com,CA,2021-10-10,Basic,666.69
3400,James Martin,james.martin3400@mail.com,UK,2022-12-29,Standard,28896.89
3401,Barbara Hernandez,barbara.hernandez3401@mail.com,BR,2022-10-08,Standard,29301.53
3402,Linda Lopez,linda.lopez3402@example.com,AU,2023-08-29,Basic,37567.81
3403,Sophia Anderson,sophia.anderson3403@example.com,AU,2020-03-10,Premium,33699.39
3404,James Brown,james.brown3404@example.com,MX,2020-09-14,Basic,4083.03
3405,Linda Moore,linda.moore3405@mail.com,MX,2023-04-27,Standard,6806.61
3406,David Lopez,david.lopez3406@example.com,FR,2022-10-14,Premium,28740.99
3407,Ava Taylor,ava.taylor3407@shop.io,BR,2019-02-18,Basic,35887.22
3408,Mary Martinez,mary.martinez3408@shop.io,US,2019-07-10,Standard,10687.65
3409,Joseph Miller,joseph.miller3409@customer.net,UK,2021-11-06,Basic,39774.22
3410,Thomas Thomas,thomas.thomas3410@mail.com,IN,2022-07-05,Premium,45759.12
3411,John Miller,john.miller3411@shop.io,BR,2024-09-21,Standard,28460.66
3412,Michael Lopez,michael.lopez3412@mail.com,MX,2018-09-05,Basic,455.01
3413,David Moore,david.moore3413@shop.io,IN,2019-01-06,Standard,31680.16
3414,Elizabeth Anderson,elizabeth.anderson3414@mail.com,UK,2025-04-19,Standard,43052.62
3415,Richard Davis,richard.davis3415@customer.net,MX,2020-02-01,Standard,17401.19
3416,Patricia Brown,patricia.brown3416@customer.net,CA,2020-10-05,Standard,47830.28
3417,Karen Johnson,karen.johnson3417@mail.com,BR,2020-09-09,Standard,24359.33
3418,Joseph Smith,joseph.smith3418@mail.com,BR,2024-09-01,Standard,49838.74
3419,Emma Gonzalez,emma.gonzalez3419@customer.net,US,2021-11-06,Premium,14819.76
3420,Thomas Williams,thomas.williams3420@customer.net,CA,2020-11-16,Premium,40868.30
3421,Oliver Wilson,oliver.wilson3421@example.com,US,2019-03-06,Basic,49958.87
3422,Joseph Hernandez,joseph.hernandez3422@mail.com,AU,2024-01-03,Basic,45960.39
3423,Susan Rodriguez,susan.rodriguez3423@example.com,AU,2019-05-25,Premium,9526.58
3424,Sarah Moore,sarah.moore3424@example.com,DE,2023-07-02,Premium,512.80
3425,Robert Thomas,robert.thomas3425@customer.net,FR,2022-09-26,Premium,46687.97
3426,Thomas Brown,thomas.brown3426@shop.io,CA,2021-01-13,Standard,5891.35
3427,Sophia Jackson,sophia.jackson3427@mail.com,MX,2021-07-22,Premium,46335.58
3428,Charles Wilson,charles.wilson3428@example.com,IN,2023-07-22,Standard,13080.37
3429,Sophia Perez,sophia.perez3429@example.com,MX,2019-12-13,Premium,25332.24
3430,Sophia Rodriguez,sophia.rodriguez3430@customer.net,CA,2021-08-03,Standard,5683.10
3431,Ava Davis,ava.davis3431@shop.io,BR,2023-02-02,Premium,42308.32
3432,Patricia Anderson,patricia.anderson3432@shop.io,FR,2018-03-29,Basic,48394.97
3433,Sarah Moore,sarah.moore3433@example.com,UK,2022-04-21,Standard,38805.41
3434,Sophia Johnson,sophia.johnson3434@mail.com,CA,2020-05-03,Basic,25243.45
3435,Thomas Williams,thomas.williams3435@customer.net,FR,2024-02-25,Standard,22215.05
3436,Noah Lopez,noah.lopez3436@mail.com,FR,2020-05-28,Standard,14269.83
3437,Jessica Anderson,jessica.anderson3437@example.com,CA,2019-01-22,Premium,35901.25
3438,Karen Smith,karen.smith3438@example.com,AU,2020-03-01,Basic,41312.63
3439,Susan Smith,susan.smith3439@mail.com,BR,2019-06-08,Standard,6748.69
3440,William Garcia,william.garcia3440@example.com,CA,2018-10-05,Basic,42384.37
3441,Linda Williams,linda.williams3441@example.com,AU,2023-01-19,Standard,6784.13
3442,William Rodriguez,william.rodriguez3442@example.com,US,2018-08-20,Basic,34538.04
3443,Ava Jackson,ava.jackson3443@shop.io,UK,2024-05-03,Premium,8062.09
3444,Barbara Davis,barbara.davis3444@example.com,US,2024-12-20,Standard,35757.88
3445,Elizabeth Brown,elizabeth.brown3445@mail.com,DE,2021-02-08,Basic,47610.68
3446,James Jackson,james.jackson3446@customer.net,DE,2022-05-16,Standard,43290.94
3447,Charles Wilson,charles.wilson3447@mail.com,DE,2019-12-28,Standard,3998.62
3448,Jessica Martinez,jessica.martinez3448@mail.com,DE,2021-04-01,Premium,13324.23
3449,Ava Lee,ava.lee3449@mail.com,DE,2022-09-14,Premium,5483.33
3450,Karen Johnson,karen.johnson3450@example.com,FR,2021-06-05,Standard,26339.43
3451,Patricia Thompson,patricia.thompson3451@customer.net,FR,2018-07-25,Standard,698.76
3452,Sarah Gonzalez,sarah.gonzalez3452@customer.net,DE,2018-08-18,Premium,38973.89
3453,Mary Martin,mary.martin3453@shop.io,FR,2022-05-21,Standard,36099.93
3454,John Jackson,john.jackson3454@shop.io,FR,2022-08-04,Basic,29211.27
3455,James Hernandez,james.hernandez3455@customer.net,JP,2024-10-13,Standard,1598.25
3456,Patricia Thomas,patricia.thomas3456@mail.com,DE,2021-09-28,Basic,48288.26
3457,James Anderson,james.anderson3457@mail.com,MX,2023-03-06,Premium,9556.38
3458,Sophia Johnson,sophia.johnson3458@customer.net,DE,2019-10-19,Premium,5546.94
3459,Sarah Gonzalez,sarah.gonzalez3459@example.com,BR,2023-04-20,Premium,32788.78
3460,Jessica Jones,jessica.jones3460@mail.com,UK,2018-04-13,Standard,15879.04
3461,Ava Rodriguez,ava.rodriguez3461@customer.net,UK,2023-07-25,Premium,28517.02
3462,Sarah Williams,sarah.williams3462@customer.net,US,2023-02-06,Standard,15389.02
3463,Susan Johnson,susan.johnson3463@mail.com,FR,2021-05-20,Standard,42855.74
3464,Robert Garcia,robert.garcia3464@shop.io,DE,2019-01-16,Basic,19925.84
3465,Robert Hernandez,robert.hernandez3465@mail.com,FR,2024-08-04,Standard,37790.90
3466,Robert Perez,robert.perez3466@example.com,MX,2021-01-17,Standard,37121.19
3467,Joseph Thomas,joseph.thomas3467@mail.com,IN,2024-12-02,Premium,10491.38
3468,Jennifer Wilson,jennifer.wilson3468@shop.io,AU,2019-01-22,Premium,46155.16
3469,Jessica Wilson,jessica.wilson3469@example.com,JP,2024-10-04,Standard,36037.98
3470,James Perez,james.perez3470@mail.com,CA,2021-11-13,Basic,18018.60
3471,Sarah Lopez,sarah.lopez3471@example.com,IN,2018-06-01,Premium,5377.86
3472,Charles Perez,charles.perez3472@example.com,AU,2024-01-09,Basic,46117.14
3473,John Garcia,john.garcia3473@customer.net,BR,2022-07-16,Basic,14348.23
3474,Karen Moore,karen.moore3474@customer.net,CA,2023-05-16,Basic,21455.19
3475,Thomas Perez,thomas.perez3475@customer.net,DE,2020-05-26,Standard,19030.52
3476,Mary Smith,mary.smith3476@shop.io,CA,2023-02-12,Standard,1279.42
3477,Noah Davis,noah.davis3477@customer.net,BR,2018-12-29,Basic,5565.82
3478,Mary Thomas,mary.thomas3478@shop.io,MX,2024-05-12,Premium,4379.13
3479,Elizabeth Johnson,elizabeth.johnson3479@example.com,IN,2024-05-28,Basic,36332.36
3480,Thomas Miller,thomas.miller3480@customer.net,MX,2025-01-05,Premium,41696.92
3481,David Davis,david.davis3481@shop.io,BR,2021-01-06,Basic,21908.60
3482,Joseph Johnson,joseph.johnson3482@mail.com,UK,2020-07-06,Basic,48276.65
3483,Susan Hernandez,susan.hernandez3483@shop.io,IN,2020-02-07,Premium,35749.35
3484,James Garcia,james.garcia3484@example.com,DE,2020-03-27,Basic,36369.95
3485,Oliver Jones,oliver.jones3485@example.com,AU,2021-09-08,Premium,43944.59
3486,Sophia Miller,sophia.miller3486@example.com,US,2018-03-26,Premium,27472.33
3487,Richard Davis,richard.davis3487@shop.io,IN,2023-02-01,Premium,29727.80
3488,Karen Smith,karen.smith3488@example.com,BR,2023-11-05,Basic,38429.08
3489,Charles Williams,charles.williams3489@example.com,CA,2019-05-03,Standard,39936.22
3490,James Jackson,james.jackson3490@example.com,IN,2024-05-14,Basic,31426.00
3491,Linda Jones,linda.jones3491@customer.net,FR,2023-02-14,Basic,41600.28
3492,Oliver Moore,oliver.moore3492@customer.net,MX,2018-07-03,Standard,544.43
3493,Noah Hernandez,noah.hernandez3493@shop.io,BR,2018-12-03,Basic,21320.34
3494,William Gonzalez,william.gonzalez3494@mail.com,US,2018-07-27,Premium,46075.82
3495,Charles Taylor,charles.taylor3495@shop.io,FR,2020-10-17,Standard,6025.16
3496,Patricia Davis,patricia.davis3496@customer.net,UK,2019-01-29,Basic,44130.78
3497,David Williams,david.williams3497@shop.io,CA,2021-09-12,Basic,7161.93
3498,Charles Martinez,charles.martinez3498@mail.com,US,2020-02-14,Basic,13062.73
3499,Oliver Smith,oliver.smith3499@example.com,AU,2020-04-13,Standard,38155.69
3500,William Wilson,william.wilson3500@customer.net,US,2023-01-03,Standard,18815.58
3501,Charles Martin,charles.martin3501@shop.io,CA,2024-07-11,Basic,13739.58
3502,Richard Wilson,richard.wilson3502@customer.net,DE,2018-08-08,Premium,3022.15
3503,Robert Rodriguez,robert.rodriguez3503@example.com,DE,2024-01-18,Premium,34467.04
3504,Robert Jones,robert.jones3504@mail.com,BR,2023-01-04,Basic,46129.87
3505,Elizabeth Smith,elizabeth.smith3505@mail.com,IN,2019-07-31,Premium,26590.83
3506,Thomas Williams,thomas.williams3506@customer.net,CA,2021-08-23,Premium,23431.69
3507,Barbara Lee,barbara.lee3507@mail.com,IN,2021-06-30,Premium,47556.64
3508,Linda Lopez,linda.lopez3508@customer.net,US,2018-02-04,Standard,4450.78
3509,Karen Brown,karen.brown3509@mail.com,BR,2021-09-21,Premium,27492.70
3510,Oliver Wilson,oliver.wilson3510@example.com,DE,2025-01-30,Standard,17362.98
3511,James Martinez,james.martinez3511@customer.net,UK,2018-05-10,Premium,23285.94
3512,Jennifer Davis,jennifer.davis3512@example.com,CA,2022-10-13,Standard,1274.23
3513,John Jones,john.jones3513@mail.com,BR,2019-08-11,Standard,4424.63
3514,John Garcia,john.garcia3514@mail.com,DE,2024-05-14,Basic,49511.23
3515,Emma Wilson,emma.wilson3515@example.com,AU,2019-01-02,Premium,1565.32
3516,William Moore,william.moore3516@shop.io,US,2023-08-01,Basic,21526.22
3517,Sophia Hernandez,sophia.hernandez3517@mail.com,CA,2021-07-02,Standard,36297.76
3518,Elizabeth Lee,elizabeth.lee3518@mail.com,DE,2022-12-07,Standard,49380.02
3519,Emma Martinez,emma.martinez3519@customer.net,US,2019-03-15,Basic,4496.82
3520,Linda Smith,linda.smith3520@shop.io,JP,2025-01-07,Premium,48205.53
3521,Elizabeth Thomas,elizabeth.thomas3521@mail.com,CA,2020-08-20,Standard,27960.87
3522,Susan Williams,susan.williams3522@customer.net,IN,2023-12-31,Premium,8242.78
3523,David Brown,david.brown3523@mail.com,JP,2025-06-29,Premium,19772.63
3524,James Taylor,james.taylor3524@customer.net,IN,2022-05-06,Standard,46600.92
3525,Richard Jones,richard.jones3525@mail.com,CA,2018-11-10,Basic,43978.11
3526,Susan Moore,susan.moore3526@customer.net,BR,2021-01-09,Basic,14743.24
3527,Joseph Williams,joseph.williams3527@mail.com,MX,2018-09-04,Basic,10463.90
3528,James Johnson,james.johnson3528@customer.net,UK,2023-09-22,Standard,25079.86
3529,Jessica Martinez,jessica.martinez3529@mail.com,DE,2020-08-21,Standard,43218.30
3530,Michael Martinez,michael.martinez3530@example.com,CA,2022-09-14,Basic,37719.60
3531,Sarah Jones,sarah.jones3531@example.com,DE,2018-12-22,Standard,39552.42
3532,Susan Rodriguez,susan.rodriguez3532@shop.io,DE,2022-01-01,Standard,28784.11
3533,Jennifer Smith,jennifer.smith3533@customer.net,CA,2021-03-05,Basic,40936.17
3534,Sophia Brown,sophia.brown3534@example.com,MX,2023-07-13,Premium,27380.42
3535,John Taylor,john.taylor3535@mail.com,JP,2020-10-17,Premium,42873.00
3536,Susan Davis,susan.davis3536@shop.io,FR,2021-10-13,Basic,29379.29
3537,Elizabeth Taylor,elizabeth.taylor3537@mail.com,UK,2023-12-04,Basic,13933.65
3538,Susan Moore,susan.moore3538@example.com,IN,2022-07-18,Standard,43321.94
3539,James Lopez,james.lopez3539@example.com,UK,2018-06-29,Premium,4646.29
3540,Barbara Martinez,barbara.martinez3540@mail.com,CA,2018-12-03,Basic,9405.75
3541,James Brown,james.brown3541@customer.net,US,2021-06-27,Basic,37224.30
3542,Thomas Wilson,thomas.wilson3542@example.com,FR,2023-07-28,Premium,5113.96
3543,Noah Lee,noah.lee3543@customer.net,US,2018-08-28,Premium,8241.47
3544,Ava Miller,ava.miller3544@example.com,MX,2023-01-04,Basic,41420.78
3545,Karen Martin,karen.martin3545@example.com,UK,2019-01-02,Standard,1718.44
3546,James Miller,james.miller3546@shop.io,JP,2019-04-24,Premium,5436.20
3547,Ava Thomas,ava.thomas3547@example.com,MX,2023-03-27,Basic,27783.31
3548,Mary Brown,mary.brown3548@customer.net,DE,2021-12-24,Basic,35792.91
3549,Sophia Johnson,,UK,2024-07-11,Basic,14316.27
3550,Emma Anderson,emma.anderson3550@shop.io,AU,2018-02-08,Basic,6111.97
3551,Michael Anderson,michael.anderson3551@shop.io,FR,2021-10-15,Basic,8365.86
3552,Patricia Smith,patricia.smith3552@customer.net,DE,2024-04-05,Basic,33832.18
3553,Joseph Taylor,joseph.taylor3553@example.com,JP,2019-07-18,Standard,29977.33
3554,Mary Thompson,mary.thompson3554@mail.com,JP,2019-04-04,Standard,5378.60
3555,James Moore,james.moore3555@example.com,MX,2023-04-10,Premium,6575.94
3556,Michael Perez,michael.perez3556@customer.net,CA,2023-05-25,Standard,38767.20
3557,Sarah Miller,sarah.miller3557@customer.net,AU,2020-07-17,Premium,22425.69
3558,Susan Moore,susan.moore3558@example.com,US,2020-01-16,Standard,27396.79
3559,Oliver Thompson,oliver.thompson3559@shop.io,AU,2023-03-22,Basic,1670.74
3560,Jennifer Lee,jennifer.lee3560@shop.io,CA,2020-03-06,Premium,10743.03
3561,Richard Garcia,richard.garcia3561@mail.com,UK,2022-05-20,Basic,1998.77
3562,Richard Martin,richard.martin3562@customer.net,BR,2021-12-14,Standard,13053.12
3563,Oliver Thomas,oliver.thomas3563@example.com,IN,2022-12-18,Basic,34163.68
3564,John Wilson,john.wilson3564@example.com,FR,2024-06-25,Standard,34879.37
3565,Robert Williams,robert.williams3565@shop.io,US,2019-04-18,Standard,44742.98
3566,Robert Gonzalez,robert.gonzalez3566@example.com,US,2023-05-22,Premium,10957.52
3567,Barbara Johnson,barbara.johnson3567@shop.io,DE,2021-03-01,Premium,35170.53
3568,Ava Brown,ava.brown3568@mail.com,MX,2019-07-15,Standard,27137.28
3569,Elizabeth Taylor,elizabeth.taylor3569@example.com,FR,2018-04-07,Premium,15141.24
3570,Patricia Wilson,patricia.wilson3570@example.com,US,2021-07-19,Premium,2437.85
3571,Patricia Lopez,patricia.lopez3571@example.com,IN,2023-05-05,Basic,18299.94
3572,Ava Moore,ava.moore3572@customer.net,CA,2022-07-14,Basic,39729.97
3573,Linda Perez,linda.perez3573@shop.io,FR,2021-06-23,Basic,4626.69
3574,James Hernandez,james.hernandez3574@example.com,UK,2021-02-05,Standard,21088.49
3575,Sophia Jones,sophia.jones3575@customer.net,BR,2024-07-25,Standard,42790.58
3576,Patricia Hernandez,patricia.hernandez3576@customer.net,FR,2024-03-10,Standard,16115.48
3577,Sophia Brown,sophia.brown3577@mail.com,BR,2018-11-09,Standard,45389.60
3578,David Brown,david.brown3578@mail.com,FR,2024-08-22,Standard,38277.33
3579,Jessica Taylor,jessica.taylor3579@example.com,AU,2022-01-23,Standard,7822.75
3580,Emma Johnson,emma.johnson3580@customer.net,DE,2020-07-19,Basic,19229.28
3581,Robert Martinez,robert.martinez3581@shop.io,IN,2022-02-23,Standard,21200.29
3582,Joseph Anderson,joseph.anderson3582@mail.com,US,2022-01-06,Premium,22132.99
3583,James Anderson,james.anderson3583@mail.com,US,2023-08-11,Standard,6212.90
3584,Richard Rodriguez,richard.rodriguez3584@customer.net,BR,2025-03-11,Premium,24109.60
3585,Noah Johnson,noah.johnson3585@mail.com,UK,2023-06-17,Standard,15414.09
3586,Linda Taylor,linda.taylor3586@example.com,DE,2022-12-17,Standard,41084.76
3587,Elizabeth Taylor,elizabeth.taylor3587@shop.io,JP,2020-01-12,Standard,2585.55
3588,Charles Garcia,charles.garcia3588@shop.io,CA,2022-06-04,Basic,26451.05
3589,Robert Anderson,robert.anderson3589@mail.com,BR,2023-10-16,Standard,49851.87
3590,Joseph Wilson,joseph.wilson3590@customer.net,CA,2019-07-12,Premium,22321.44
3591,Richard Perez,richard.perez3591@mail.com,DE,2023-05-13,Premium,42997.36
3592,Ava Miller,ava.miller3592@shop.io,FR,2024-02-25,Standard,23846.81
3593,Ava Jones,ava.jones3593@shop.io,MX,2019-05-29,Premium,44666.50
3594,Susan Taylor,susan.taylor3594@customer.net,MX,2018-08-02,Standard,44806.44
3595,Ava Smith,ava.smith3595@shop.io,BR,2023-11-14,Standard,29606.95
3596,Linda Garcia,linda.garcia3596@example.com,AU,2022-02-26,Premium,13059.44
3597,Barbara Smith,barbara.smith3597@mail.com,JP,2020-03-30,Basic,20964.19
3598,John Hernandez,john.hernandez3598@customer.net,IN,2020-11-20,Premium,15782.10
3599,Oliver Lee,oliver.lee3599@shop.io,IN,2023-01-19,Premium,36863.59
3600,Thomas Martin,thomas.martin3600@customer.net,JP,2021-10-20,Standard,12809.08
3601,Susan Williams,susan.williams3601@example.com,FR,2023-11-29,Standard,7443.41
3602,Jennifer Thomas,jennifer.thomas3602@mail.com,IN,2019-06-18,Standard,36459.26
3603,Jennifer Johnson,jennifer.johnson3603@mail.com,DE,2025-03-20,Premium,24159.05
3604,Patricia Williams,patricia.williams3604@customer.net,AU,2025-04-21,Standard,21353.72
3605,Patricia Thomas,patricia.thomas3605@example.com,IN,2019-11-05,Premium,38993.94
3606,Jennifer Martin,jennifer.martin3606@shop.io,UK,2021-03-29,Standard,41873.76
3607,Richard Jackson,richard.jackson3607@mail.com,US,2022-03-16,Premium,47005.84
3608,Susan Jackson,susan.jackson3608@example.com,FR,2024-07-22,Premium,9440.30
3609,Jennifer Wilson,jennifer.wilson3609@example.com,UK,2020-12-26,Premium,33962.55
3610,William Thomas,william.thomas3610@example.com,US,2022-09-26,Basic,1361.14
3611,John Anderson,john.anderson3611@customer.net,US,2020-06-03,Premium,20063.10
3612,Michael Anderson,michael.anderson3612@example.com,AU,2018-02-14,Premium,14631.14
3613,Michael Miller,michael.miller3613@mail.com,IN,2023-02-23,Premium,12764.88
3614,William Gonzalez,william.gonzalez3614@mail.com,UK,2022-12-10,Premium,28203.74
3615,Joseph Wilson,joseph.wilson3615@mail.com,BR,2018-01-22,Basic,11192.39
3616,Charles Johnson,charles.johnson3616@customer.net,AU,2020-12-01,Premium,7898.06
3617,Barbara Martin,barbara.martin3617@shop.io,UK,2024-10-08,Premium,36934.18
3618,Linda Jones,linda.jones3618@customer.net,DE,2023-07-14,Premium,27091.81
3619,John Garcia,john.garcia3619@example.com,IN,2020-06-29,Standard,32645.64
3620,Elizabeth Jackson,elizabeth.jackson3620@customer.net,US,2019-05-29,Standard,35954.46
3621,Joseph Gonzalez,joseph.gonzalez3621@shop.io,DE,2023-02-02,Premium,27692.94
3622,Elizabeth Lopez,elizabeth.lopez3622@mail.com,MX,2023-06-27,Standard,31209.09
3623,Emma Jackson,emma.jackson3623@shop.io,US,2023-01-29,Basic,128.47
3624,Sarah Wilson,sarah.wilson3624@shop.io,US,2022-09-11,Basic,24808.56
3625,Barbara Wilson,barbara.wilson3625@example.com,DE,2018-07-02,Basic,610.46
3626,Ava Brown,ava.brown3626@mail.com,MX,2018-07-10,Premium,9389.92
3627,John Lopez,john.lopez3627@shop.io,FR,2024-12-13,Premium,14046.69
3628,Sarah Jackson,sarah.jackson3628@example.com,MX,2020-07-11,Premium,44947.73
3629,Barbara Miller,barbara.miller3629@mail.com,FR,2019-12-11,Premium,47874.47
3630,Linda Lopez,linda.lopez3630@example.com,US,2019-09-23,Standard,45302.81
3631,David Lopez,david.lopez3631@example.com,UK,2024-12-07,Basic,11389.48
3632,David Martinez,david.martinez3632@shop.io,US,2020-07-14,Standard,29086.67
3633,Sarah Moore,sarah.moore3633@shop.io,FR,2024-12-30,Premium,37777.14
3634,Linda Miller,linda.miller3634@mail.com,CA,2020-10-05,Standard,45964.90
3635,Charles Wilson,charles.wilson3635@mail.com,US,2024-01-11,Premium,17406.30
3636,Noah Moore,noah.moore3636@mail.com,UK,2019-06-02,Standard,37657.66
3637,John Garcia,john.garcia3637@example.com,JP,2021-09-27,Basic,19701.80
3638,Karen Martin,karen.martin3638@mail.com,US,2019-04-28,Premium,12212.07
3639,Jessica Gonzalez,jessica.gonzalez3639@mail.com,UK,2023-05-25,Standard,15518.60
3640,Barbara Rodriguez,barbara.rodriguez3640@mail.com,UK,2018-03-02,Standard,9194.39
3641,Sophia Rodriguez,sophia.rodriguez3641@example.com,MX,2020-04-12,Standard,17160.70
3642,Patricia Jackson,patricia.jackson3642@mail.com,DE,2022-06-09,Standard,3893.07
3643,Linda Brown,linda.brown3643@customer.net,AU,2020-08-08,Basic,20099.03
3644,Susan Rodriguez,susan.rodriguez3644@customer.net,AU,2019-09-12,Basic,42667.04
3645,Emma Gonzalez,emma.gonzalez3645@shop.io,IN,2019-02-26,Premium,35090.85
3646,Karen Wilson,karen.wilson3646@example.com,JP,2020-07-25,Premium,325.02
3647,Charles Garcia,charles.garcia3647@shop.io,AU,2019-07-17,Standard,3148.11
3648,Jennifer Thompson,jennifer.thompson3648@example.com,UK,2021-12-20,Basic,11590.56
3649,David Lopez,david.lopez3649@example.com,AU,2019-01-21,Standard,10573.20
3650,Sophia Jones,sophia.jones3650@example.com,MX,2025-03-05,Premium,15045.68
3651,Oliver Johnson,oliver.johnson3651@customer.net,JP,2024-08-18,Standard,31921.79
3652,William Anderson,william.anderson3652@mail.com,AU,2020-10-26,Premium,7750.94
3653,John Taylor,john.taylor3653@mail.com,CA,2025-01-17,Basic,16134.67
3654,Sarah Brown,sarah.brown3654@mail.com,US,2021-05-24,Basic,24206.81
3655,Mary Wilson,mary.wilson3655@customer.net,IN,2024-06-11,Premium,48085.95
3656,Linda Garcia,linda.garcia3656@customer.net,AU,2019-01-26,Standard,43643.08
3657,Mary Garcia,mary.garcia3657@shop.io,JP,2024-02-02,Basic,14562.82
3658,Susan Rodriguez,susan.rodriguez3658@example.com,BR,2021-09-28,Basic,25222.46
3659,Barbara Taylor,barbara.taylor3659@mail.com,BR,2019-12-05,Standard,35003.58
3660,Ava Thomas,ava.thomas3660@mail.com,IN,2019-12-06,Premium,37008.83
3661,William Gonzalez,william.gonzalez3661@customer.net,DE,2025-05-21,Basic,38968.03
3662,Barbara Martinez,barbara.martinez3662@mail.com,AU,2022-03-09,Premium,39308.20
3663,Richard Garcia,richard.garcia3663@mail.com,DE,2020-01-22,Standard,530.28
3664,Patricia Moore,patricia.moore3664@mail.com,AU,2025-06-11,Basic,20346.17
3665,Sophia Martinez,sophia.martinez3665@customer.net,DE,2024-03-12,Standard,9516.28
3666,Sophia Rodriguez,sophia.rodriguez3666@mail.com,US,2019-01-07,Premium,39666.65
3667,Linda Rodriguez,linda.rodriguez3667@example.com,CA,2024-05-22,Basic,8832.65
3668,James Smith,james.smith3668@customer.net,IN,2019-11-29,Basic,22224.86
3669,Robert Wilson,robert.wilson3669@customer.net,US,2020-12-10,Standard,41418.75
3670,Mary Jackson,mary.jackson3670@shop.io,IN,2020-03-06,Premium,3430.99
3671,Elizabeth Lee,elizabeth.lee3671@example.com,US,2020-08-06,Basic,3836.07
3672,Noah Williams,noah.williams3672@mail.com,FR,2022-02-27,Premium,26983.29
3673,Jennifer Jones,jennifer.jones3673@mail.com,CA,2023-03-15,Premium,4433.49
3674,Charles Davis,charles.davis3674@customer.net,US,2018-07-11,Standard,48258.01
3675,Thomas Jones,thomas.jones3675@customer.net,JP,2025-05-23,Premium,16086.50
3676,William Gonzalez,william.gonzalez3676@example.com,IN,2018-08-13,Standard,48783.25
3677,Robert Gonzalez,robert.gonzalez3677@shop.io,FR,2023-11-24,Basic,46975.70
3678,James Smith,james.smith3678@shop.io,FR,2023-03-12,Premium,10074.27
3679,Susan Williams,,IN,2025-05-23,Premium,42883.74
3680,Oliver Brown,oliver.brown3680@mail.com,FR,2022-08-08,Premium,720.30
3681,Karen Rodriguez,karen.rodriguez3681@shop.io,UK,2022-11-18,Standard,6947.12
3682,Michael Thompson,michael.thompson3682@example.com,IN,2021-11-30,Standard,45006.41
3683,Elizabeth Brown,elizabeth.brown3683@mail.com,JP,2020-01-02,Standard,23546.43
3684,Richard Taylor,richard.taylor3684@shop.io,JP,2022-09-18,Premium,21157.29
3685,Ava Miller,ava.miller3685@shop.io,MX,2021-04-12,Premium,31221.41
3686,Mary Rodriguez,mary.rodriguez3686@customer.net,UK,2023-04-23,Standard,42931.56
3687,Patricia Taylor,patricia.taylor3687@customer.net,US,2018-12-21,Standard,31024.15
3688,Charles Miller,charles.miller3688@mail.com,CA,2020-01-19,Premium,44122.01
3689,Elizabeth Moore,elizabeth.moore3689@mail.com,JP,2021-06-14,Standard,38597.62
3690,John Thomas,john.thomas3690@mail.com,FR,2021-01-05,Standard,21477.19
3691,David Miller,david.miller3691@customer.net,MX,2020-11-12,Standard,28556.60
3692,James Garcia,james.garcia3692@shop.io,CA,2024-01-05,Standard,37293.32
3693,Richard Jones,richard.jones3693@customer.net,BR,2024-05-14,Premium,14115.61
3694,Joseph Garcia,joseph.garcia3694@mail.com,BR,2022-11-13,Basic,35334.27
3695,John Lee,john.lee3695@example.com,US,2024-09-05,Standard,11434.11
3696,David Lee,david.lee3696@shop.io,JP,2021-01-02,Premium,4659.37
3697,Noah Rodriguez,noah.rodriguez3697@mail.com,AU,2024-08-13,Basic,898.57
3698,Mary Jackson,mary.jackson3698@mail.com,JP,2023-12-26,Premium,13166.32
3699,Susan Johnson,susan.johnson3699@shop.io,JP,2025-04-06,Basic,20587.20
3700,Patricia Martinez,patricia.martinez3700@mail.com,JP,2023-09-01,Basic,13170.01
3701,Michael Anderson,michael.anderson3701@example.com,IN,2022-03-17,Premium,27157.38
3702,Joseph Lee,joseph.lee3702@shop.io,IN,2020-11-16,Standard,42469.07
3703,Robert Perez,robert.perez3703@customer.net,FR,2022-07-14,Basic,46238.34
3704,John Lopez,john.lopez3704@shop.io,UK,2023-10-29,Standard,40842.17
3705,Noah Martin,noah.martin3705@example.com,US,2019-09-03,Standard,23821.35
3706,Ava Garcia,ava.garcia3706@example.com,US,2023-10-19,Standard,16792.62
3707,Ava Anderson,ava.anderson3707@customer.net,US,2021-04-03,Premium,18230.71
3708,Sophia Wilson,sophia.wilson3708@example.com,AU,2018-05-30,Premium,35323.80
3709,Joseph Rodriguez,joseph.rodriguez3709@customer.net,MX,2023-09-17,Premium,10642.57
3710,Richard Thomas,richard.thomas3710@customer.net,FR,2018-04-02,Standard,23603.06
3711,Patricia Moore,patricia.moore3711@mail.com,DE,2020-01-22,Standard,20574.60
3712,Jessica Jackson,jessica.jackson3712@shop.io,UK,2024-11-21,Premium,38577.75
3713,Joseph Taylor,joseph.taylor3713@customer.net,AU,2020-06-12,Basic,38020.37
3714,Oliver Martin,oliver.martin3714@example.com,IN,2023-04-13,Premium,28674.79
3715,Michael Martinez,michael.martinez3715@mail.com,BR,2024-12-05,Basic,37821.34
3716,Richard Smith,richard.smith3716@shop.io,AU,2018-03-31,Basic,31876.34
3717,Charles Jones,charles.jones3717@mail.com,UK,2023-02-09,Premium,13191.85
3718,Sarah Wilson,sarah.wilson3718@example.com,BR,2022-07-03,Basic,36192.09
3719,James Wilson,james.wilson3719@customer.net,FR,2020-02-05,Premium,38150.57
3720,Richard Garcia,richard.garcia3720@example.com,JP,2020-02-25,Basic,29109.57
3721,Sophia Taylor,sophia.taylor3721@example.com,MX,2024-01-07,Premium,24577.84
3722,Sarah Jones,sarah.jones3722@customer.net,AU,2020-04-15,Premium,23236.16
3723,Joseph Smith,joseph.smith3723@customer.net,CA,2024-11-06,Standard,8663.62
3724,Charles Martinez,charles.martinez3724@mail.com,US,2020-04-24,Basic,34803.25
3725,Sarah Perez,sarah.perez3725@mail.com,UK,2020-08-30,Standard,15194.09
3726,Emma Martin,emma.martin3726@example.com,UK,2021-03-02,Standard,38776.85
3727,Karen Wilson,karen.wilson3727@customer.net,US,2022-04-08,Basic,9063.65
3728,Karen Hernandez,karen.hernandez3728@customer.net,FR,2018-01-09,Standard,12997.33
3729,Karen Taylor,karen.taylor3729@mail.com,CA,2020-08-08,Basic,45631.88
3730,Noah Rodriguez,noah.rodriguez3730@mail.com,US,2019-08-24,Basic,33946.89
3731,Noah Williams,noah.williams3731@customer.net,BR,2019-04-03,Standard,23626.65
3732,James Gonzalez,james.gonzalez3732@customer.net,CA,2025-06-09,Premium,33922.25
3733,David Lee,david.lee3733@example.com,UK,2022-04-04,Basic,42560.60
3734,Sophia Jackson,sophia.jackson3734@mail.com,BR,2019-01-17,Standard,173.49
3735,Joseph Johnson,joseph.johnson3735@example.com,JP,2018-08-11,Basic,48868.58
3736,Susan Lee,susan.lee3736@shop.io,US,2023-01-02,Premium,10258.99
3737,Thomas Lee,thomas.lee3737@example.com,BR,2025-03-08,Premium,22767.65
3738,Richard Jones,richard.jones3738@mail.com,MX,2022-08-26,Basic,8775.28
3739,Sophia Martinez,sophia.martinez3739@shop.io,BR,2021-08-29,Premium,33059.61
3740,James Anderson,james.anderson3740@mail.com,BR,2023-09-11,Basic,29014.73
3741,David Jackson,david.jackson3741@mail.com,JP,2025-01-29,Standard,4531.98
3742,Susan Moore,susan.moore3742@example.com,IN,2024-08-23,Basic,5705.43
3743,Karen Gonzalez,karen.gonzalez3743@example.com,DE,2023-04-19,Standard,19656.46
3744,James Moore,james.moore3744@example.com,BR,2019-07-01,Premium,12081.37
3745,Patricia Anderson,patricia.anderson3745@example.com,DE,2022-09-22,Premium,33658.63
3746,William Rodriguez,william.rodriguez3746@shop.io,FR,2021-08-28,Basic,19136.11
3747,Emma Garcia,emma.garcia3747@shop.io,AU,2023-11-08,Basic,41083.87
3748,Jessica Smith,jessica.smith3748@example.com,DE,2018-02-14,Basic,37344.29
3749,Oliver Perez,oliver.perez3749@mail.com,CA,2019-10-27,Basic,43857.56
3750,Michael Wilson,michael.wilson3750@example.com,MX,2019-01-04,Premium,47845.53
3751,Joseph Lopez,joseph.lopez3751@mail.com,US,2020-01-19,Basic,45482.68
3752,Charles Anderson,charles.anderson3752@customer.net,US,2020-10-20,Basic,18898.45
3753,Sophia Anderson,sophia.anderson3753@example.com,DE,2021-04-17,Premium,18834.08
3754,Robert Thompson,robert.thompson3754@shop.io,US,2021-12-12,Standard,11193.06
3755,Sophia Wilson,sophia.wilson3755@shop.io,BR,2018-11-21,Basic,26686.14
3756,Joseph Lopez,joseph.lopez3756@shop.io,US,2020-09-22,Standard,41370.74
3757,William Taylor,william.taylor3757@mail.com,UK,2021-12-13,Basic,28540.78
3758,Jessica Davis,jessica.davis3758@shop.io,CA,2022-06-27,Standard,7698.28
3759,Michael Jones,michael.jones3759@mail.com,IN,2018-06-07,Standard,20221.28
3760,Joseph Martin,joseph.martin3760@customer.net,CA,2024-07-25,Premium,6554.45
3761,Charles Martinez,charles.martinez3761@customer.net,DE,2019-07-07,Basic,2619.84
3762,William Garcia,william.garcia3762@customer.net,DE,2019-11-11,Standard,28227.40
3763,Robert Smith,robert.smith3763@customer.net,IN,2022-06-19,Premium,48328.26
3764,Charles Jackson,charles.jackson3764@customer.net,DE,2020-02-14,Standard,18910.07
3765,Charles Martin,charles.martin3765@mail.com,MX,2024-10-06,Basic,27453.26
3766,Michael Hernandez,michael.hernandez3766@customer.net,IN,2024-03-27,Basic,23253.16
3767,Jessica Anderson,jessica.anderson3767@mail.com,AU,2022-11-12,Premium,15125.28
3768,Linda Rodriguez,linda.rodriguez3768@mail.com,US,2023-11-14,Standard,44771.11
3769,Linda Brown,linda.brown3769@shop.io,FR,2024-10-06,Basic,37327.17
3770,Sophia Martin,sophia.martin3770@example.com,DE,2019-06-01,Standard,591.19
3771,James Williams,james.williams3771@shop.io,CA,2018-07-23,Basic,48946.54
3772,Ava Anderson,ava.anderson3772@customer.net,DE,2024-12-01,Basic,37374.94
3773,John Martinez,john.martinez3773@mail.com,US,2021-03-10,Basic,46795.59
3774,John Miller,john.miller3774@shop.io,UK,2018-03-10,Premium,25877.65
3775,Charles Thomas,charles.thomas3775@shop.io,DE,2025-02-16,Basic,23556.85
3776,Mary Jackson,mary.jackson3776@customer.net,AU,2022-04-21,Standard,8072.47
3777,Oliver Thompson,oliver.thompson3777@mail.com,CA,2018-02-16,Standard,31092.12
3778,Ava Lee,ava.lee3778@mail.com,US,2023-10-26,Premium,11753.26
3779,Linda Smith,linda.smith3779@customer.net,IN,2022-10-20,Basic,47126.22
3780,Patricia Martin,patricia.martin3780@shop.io,BR,2024-12-16,Standard,6342.61
3781,Charles Moore,charles.moore3781@example.com,AU,2022-07-06,Basic,6672.26
3782,James Williams,james.williams3782@customer.net,AU,2020-10-04,Basic,46768.60
3783,Joseph Martin,joseph.martin3783@customer.net,IN,2019-02-16,Basic,21587.61
3784,David Thomas,david.thomas3784@mail.com,CA,2018-01-28,Standard,12470.65
3785,Elizabeth Thomas,elizabeth.thomas3785@shop.io,UK,2019-11-01,Standard,11354.36
3786,John Perez,john.perez3786@mail.com,JP,2025-05-29,Basic,15855.85
3787,Richard Brown,richard.brown3787@example.com,US,2023-07-26,Standard,24843.81
3788,Emma Garcia,emma.garcia3788@example.com,JP,2021-12-03,Premium,11365.21
3789,John Jackson,john.jackson3789@mail.com,US,2019-08-24,Basic,16742.94
3790,Karen Jackson,karen.jackson3790@example.com,MX,2020-03-23,Basic,24265.53
3791,Michael Anderson,michael.anderson3791@example.com,FR,2021-05-06,Basic,9274.04
3792,Elizabeth Martinez,elizabeth.martinez3792@shop.io,JP,2021-03-19,Basic,30485.79
3793,Sophia Rodriguez,sophia.rodriguez3793@customer.net,IN,2018-04-16,Standard,37514.63
3794,Sarah Wilson,sarah.wilson3794@mail.com,FR,2021-07-15,Premium,46157.94
3795,James Thompson,james.thompson3795@customer.net,IN,2021-08-09,Premium,38891.86
3796,Karen Williams,karen.williams3796@customer.net,US,2024-04-01,Standard,4582.44
3797,Ava Davis,ava.davis3797@mail.com,BR,2024-08-26,Standard,4015.00
3798,Barbara Gonzalez,barbara.gonzalez3798@mail.com,CA,2018-06-01,Basic,40715.75
3799,Sarah Lopez,sarah.lopez3799@example.com,AU,2021-11-19,Basic,37125.17
3800,Noah Brown,noah.brown3800@shop.io,JP,2020-12-03,Standard,35943.82
3801,Karen Gonzalez,karen.gonzalez3801@shop.io,FR,2024-10-02,Basic,5936.96
3802,Richard Johnson,richard.johnson3802@customer.net,JP,2018-01-12,Premium,14324.31
3803,Charles Davis,charles.davis3803@example.com,CA,2021-07-30,Standard,5949.76
3804,William Smith,william.smith3804@mail.com,MX,2024-02-15,Premium,8992.73
3805,Sarah Smith,sarah.smith3805@mail.com,MX,2022-04-17,Standard,38470.37
3806,Sophia Johnson,sophia.johnson3806@mail.com,BR,2022-03-03,Basic,27778.67
3807,Oliver Rodriguez,oliver.rodriguez3807@example.com,JP,2023-12-28,Basic,721.13
3808,Richard Hernandez,richard.hernandez3808@mail.com,MX,2021-10-16,Premium,48544.21
3809,Richard Martinez,richard.martinez3809@customer.net,MX,2020-04-26,Premium,36146.50
3810,David Wilson,david.wilson3810@mail.com,FR,2018-08-16,Premium,30284.57
3811,Joseph Martinez,joseph.martinez3811@shop.io,US,2023-08-23,Basic,45010.13
3812,Sophia Wilson,sophia.wilson3812@customer.net,US,2023-09-02,Basic,48251.22
3813,Sarah Thomas,sarah.thomas3813@example.com,MX,2019-11-20,Premium,48954.48
3814,Ava Brown,ava.brown3814@example.com,BR,2025-01-21,Standard,43296.06
3815,John Williams,john.williams3815@mail.com,DE,2022-05-16,Standard,5102.97
3816,David Moore,david.moore3816@shop.io,BR,2021-10-18,Basic,2447.58
3817,Jennifer Gonzalez,jennifer.gonzalez3817@mail.com,DE,2025-05-19,Premium,5660.77
3818,Emma Gonzalez,emma.gonzalez3818@example.com,CA,2023-02-06,Basic,33644.56
3819,Jennifer Jones,jennifer.jones3819@example.com,AU,2020-07-14,Basic,45258.68
3820,Oliver Smith,oliver.smith3820@customer.net,JP,2021-01-21,Standard,35587.28
3821,Elizabeth Thomas,elizabeth.thomas3821@example.com,BR,2019-07-18,Basic,44780.45
3822,John Anderson,john.anderson3822@example.com,CA,2022-05-19,Basic,3764.09
3823,Karen Jackson,karen.jackson3823@shop.io,FR,2024-06-19,Standard,21119.10
3824,Jessica Gonzalez,jessica.gonzalez3824@customer.net,DE,2022-07-27,Premium,12485.04
3825,Ava Jackson,ava.jackson3825@customer.net,US,2022-01-28,Premium,48813.52
3826,Robert Gonzalez,robert.gonzalez3826@example.com,BR,2021-05-18,Premium,6574.02
3827,Jessica Moore,jessica.moore3827@customer.net,US,2020-06-04,Standard,25895.13
3828,Mary Hernandez,mary.hernandez3828@example.com,IN,2020-08-26,Premium,19871.70
3829,Linda Wilson,linda.wilson3829@example.com,AU,2018-06-30,Premium,36573.60
3830,Emma Williams,emma.williams3830@customer.net,CA,2018-02-02,Basic,27296.43
3831,Patricia Smith,patricia.smith3831@mail.com,MX,2018-06-29,Basic,6001.45
3832,Jennifer Johnson,jennifer.johnson3832@mail.com,US,2019-08-10,Standard,6849.25
3833,Karen Rodriguez,karen.rodriguez3833@shop.io,DE,2020-03-30,Standard,37873.10
3834,Charles Anderson,charles.anderson3834@shop.io,FR,2019-04-05,Basic,32498.43
3835,Jennifer Gonzalez,jennifer.gonzalez3835@example.com,US,2024-12-27,Basic,26718.96
3836,Mary Jones,mary.jones3836@customer.net,AU,2023-07-13,Standard,33113.15
3837,William Rodriguez,william.rodriguez3837@mail.com,US,2021-07-30,Standard,37383.61
3838,Karen Martinez,karen.martinez3838@shop.io,AU,2020-07-11,Basic,4619.09
3839,Sarah Smith,sarah.smith3839@example.com,BR,2024-09-04,Standard,17458.25
3840,Barbara Taylor,barbara.taylor3840@mail.com,CA,2021-03-05,Standard,19967.03
3841,Richard Garcia,richard.garcia3841@mail.com,MX,2022-02-28,Premium,6255.06
3842,Karen Thomas,karen.thomas3842@example.com,AU,2022-07-27,Standard,702.37
3843,Susan Brown,susan.brown3843@customer.net,DE,2021-06-22,Basic,21210.55
3844,Joseph Smith,joseph.smith3844@shop.io,JP,2025-03-07,Premium,37912.69
3845,Richard Smith,richard.smith3845@mail.com,FR,2021-12-18,Premium,18362.02
3846,Barbara Smith,barbara.smith3846@example.com,AU,2020-03-26,Basic,317.96
3847,Joseph Davis,joseph.davis3847@example.com,IN,2023-07-29,Premium,15870.06
3848,Mary Lopez,mary.lopez3848@customer.net,MX,2018-09-11,Standard,6534.53
3849,William Martinez,william.martinez3849@example.com,FR,2020-10-01,Basic,16387.22
3850,Joseph Jackson,joseph.jackson3850@shop.io,US,2022-03-18,Standard,36622.95
3851,Barbara Miller,barbara.miller3851@example.com,AU,2023-03-31,Basic,2815.27
3852,Noah Anderson,noah.anderson3852@example.com,MX,2018-11-24,Basic,46627.04
3853,Emma Jackson,emma.jackson3853@customer.net,IN,2021-05-15,Basic,20290.32
3854,Michael Wilson,michael.wilson3854@shop.io,IN,2019-05-20,Basic,11829.07
3855,David Thompson,david.thompson3855@customer.net,CA,2025-01-13,Basic,28022.35
3856,Richard Moore,richard.moore3856@example.com,AU,2023-04-04,Premium,38622.63
3857,Linda Thompson,linda.thompson3857@customer.net,JP,2018-12-30,Basic,13341.42
3858,James Lee,james.lee3858@example.com,MX,2020-01-31,Premium,1374.12
3859,Barbara Wilson,barbara.wilson3859@customer.net,FR,2020-06-07,Premium,42530.40
3860,Robert Thompson,robert.thompson3860@customer.net,FR,2019-06-30,Premium,28319.56
3861,Richard Martinez,richard.martinez3861@shop.io,US,2020-02-02,Basic,46085.80
3862,David Davis,david.davis3862@mail.com,IN,2023-02-28,Standard,30903.84
3863,Charles Lee,charles.lee3863@mail.com,CA,2019-11-09,Standard,23722.54
3864,Linda Martin,linda.martin3864@mail.com,FR,2024-01-01,Standard,32620.10
3865,Mary Jones,mary.jones3865@mail.com,DE,2018-03-30,Basic,4786.64
3866,Ava Smith,ava.smith3866@example.com,IN,2024-12-01,Premium,11474.86
3867,Jennifer Taylor,jennifer.taylor3867@shop.io,CA,2019-07-21,Premium,48080.21
3868,Jessica Perez,jessica.perez3868@example.com,MX,2024-08-17,Basic,7552.60
3869,Karen Smith,karen.smith3869@customer.net,AU,2021-08-08,Premium,16479.96
3870,William Thompson,william.thompson3870@shop.io,DE,2022-05-13,Premium,45750.44
3871,Joseph Hernandez,joseph.hernandez3871@customer.net,MX,2024-10-31,Basic,3565.06
3872,Sarah Davis,sarah.davis3872@example.com,US,2018-01-16,Basic,41633.67
3873,Elizabeth Davis,elizabeth.davis3873@mail.com,DE,2020-01-25,Standard,49645.46
3874,Noah Jones,noah.jones3874@mail.com,JP,2023-01-15,Standard,23396.42
3875,Michael Williams,michael.williams3875@customer.net,BR,2018-05-19,Standard,20150.27
3876,Elizabeth Thomas,elizabeth.thomas3876@example.com,JP,2018-01-15,Premium,27969.73
3877,Mary Davis,mary.davis3877@customer.net,US,2021-10-04,Basic,15728.27
3878,Karen Taylor,karen.taylor3878@shop.io,DE,2025-01-25,Standard,4332.23
3879,Mary Lee,mary.lee3879@customer.net,CA,2018-08-08,Premium,44900.55
3880,William Smith,william.smith3880@customer.net,JP,2022-02-11,Basic,8433.52
3881,Joseph Wilson,joseph.wilson3881@mail.com,AU,2024-05-20,Premium,42108.67
3882,Susan Garcia,susan.garcia3882@example.com,US,2020-09-30,Basic,20301.41
3883,Thomas Perez,thomas.perez3883@shop.io,IN,2020-12-10,Standard,36473.53
3884,Elizabeth Jackson,elizabeth.jackson3884@customer.net,CA,2021-07-14,Basic,24336.49
3885,Charles Miller,charles.miller3885@example.com,BR,2020-06-10,Basic,34979.24
3886,Charles Perez,charles.perez3886@customer.net,MX,2024-01-28,Basic,13962.04
3887,Karen Williams,karen.williams3887@shop.io,MX,2023-09-04,Standard,1815.65
3888,Noah Martin,noah.martin3888@shop.io,AU,2018-02-28,Standard,29901.04
3889,Oliver Miller,oliver.miller3889@mail.com,IN,2022-11-23,Standard,10902.26
3890,Robert Davis,robert.davis3890@shop.io,IN,2019-02-20,Premium,5132.13
3891,Ava Moore,ava.moore3891@example.com,UK,2021-09-11,Basic,14487.00
3892,David Davis,david.davis3892@shop.io,US,2018-01-17,Basic,3754.39
3893,Oliver Anderson,oliver.anderson3893@customer.net,DE,2019-07-18,Premium,40849.35
3894,Thomas Thompson,thomas.thompson3894@shop.io,JP,2021-05-14,Premium,41352.87
3895,Emma Garcia,emma.garcia3895@shop.io,IN,2023-03-04,Basic,25250.38
3896,Jessica Williams,jessica.williams3896@mail.com,DE,2020-04-19,Standard,26340.39
3897,Sarah Lee,sarah.lee3897@customer.net,US,2021-09-12,Basic,27378.11
3898,Elizabeth Williams,elizabeth.williams3898@customer.net,BR,2018-07-22,Standard,34906.66
3899,Noah Miller,noah.miller3899@shop.io,MX,2025-03-16,Standard,20100.62
3900,Joseph Jackson,joseph.jackson3900@shop.io,IN,2018-04-11,Basic,16295.90
3901,Susan Perez,susan.perez3901@customer.net,MX,2021-01-08,Basic,38774.71
3902,Richard Miller,richard.miller3902@mail.com,US,2024-12-18,Standard,7792.85
3903,Richard Brown,richard.brown3903@example.com,BR,2018-09-01,Basic,44014.83
3904,Susan Williams,susan.williams3904@customer.net,IN,2019-06-27,Premium,5037.93
3905,David Lopez,david.lopez3905@shop.io,JP,2023-09-06,Standard,47559.04
3906,David Thomas,david.thomas3906@customer.net,AU,2021-09-04,Standard,44434.52
3907,Barbara Brown,barbara.brown3907@mail.com,CA,2023-04-11,Standard,13802.40
3908,James Johnson,james.johnson3908@customer.net,BR,2023-01-03,Standard,26098.87
3909,Susan Taylor,susan.taylor3909@mail.com,CA,2018-08-24,Standard,3657.43
3910,Richard Lopez,richard.lopez3910@shop.io,AU,2019-03-13,Premium,8838.74
3911,William Martinez,william.martinez3911@shop.io,UK,2023-09-30,Basic,30619.95
3912,Elizabeth Smith,elizabeth.smith3912@mail.com,FR,2020-04-05,Basic,20386.14
3913,Sarah Wilson,sarah.wilson3913@example.com,BR,2020-08-13,Standard,41047.05
3914,Mary Williams,mary.williams3914@customer.net,US,2020-10-01,Standard,9779.89
3915,Karen Martinez,karen.martinez3915@shop.io,DE,2020-05-19,Basic,32185.08
3916,Mary Garcia,mary.garcia3916@example.com,AU,2018-07-18,Basic,30612.02
3917,Sarah Davis,sarah.davis3917@example.com,MX,2021-02-12,Basic,3551.24
3918,William Perez,william.perez3918@example.com,MX,2022-11-10,Basic,3404.06
3919,Karen Thomas,karen.thomas3919@customer.net,MX,2023-06-18,Premium,42050.90
3920,David Jones,david.jones3920@shop.io,UK,2020-05-09,Standard,19523.10
3921,William Taylor,william.taylor3921@example.com,CA,2021-07-25,Premium,23255.53
3922,Barbara Gonzalez,barbara.gonzalez3922@customer.net,CA,2023-09-18,Premium,28694.54
3923,Jessica Lee,jessica.lee3923@mail.com,MX,2020-10-25,Basic,1040.04
3924,David Jackson,david.jackson3924@example.com,DE,2025-05-18,Standard,154.38
3925,Ava Martin,ava.martin3925@shop.io,CA,2019-08-26,Basic,43608.45
3926,Mary Davis,mary.davis3926@example.com,AU,2023-12-13,Basic,48750.36
3927,Robert Hernandez,robert.hernandez3927@shop.io,MX,2018-03-13,Standard,9641.37
3928,Elizabeth Jones,elizabeth.jones3928@example.com,FR,2019-01-30,Basic,37230.67
3929,Oliver Anderson,oliver.anderson3929@customer.net,CA,2023-12-22,Standard,23067.76
3930,Karen Lopez,karen.lopez3930@example.com,CA,2018-10-01,Basic,44977.76
3931,Noah Rodriguez,noah.rodriguez3931@mail.com,FR,2018-01-16,Basic,26146.91
3932,Noah Jones,noah.jones3932@shop.io,BR,2022-06-12,Basic,25763.71
3933,William Brown,william.brown3933@customer.net,DE,2020-09-29,Basic,38346.00
3934,Jennifer Wilson,jennifer.wilson3934@example.com,AU,2024-02-26,Standard,35849.93
3935,Sophia Rodriguez,sophia.rodriguez3935@mail.com,JP,2022-09-17,Standard,14697.52
3936,Thomas Miller,thomas.miller3936@example.com,JP,2020-02-28,Basic,224.14
3937,Richard Garcia,richard.garcia3937@mail.com,UK,2022-03-02,Premium,49088.12
3938,Thomas Williams,thomas.williams3938@customer.net,BR,2023-08-13,Premium,14815.56
3939,Robert Gonzalez,robert.gonzalez3939@shop.io,AU,2024-04-25,Standard,20774.54
3940,Sarah Jackson,sarah.jackson3940@example.com,IN,2019-09-18,Premium,6762.52
3941,Noah Jones,noah.jones3941@mail.com,JP,2019-05-03,Standard,31271.22
3942,Charles Smith,charles.smith3942@mail.com,DE,2020-07-22,Standard,33997.55
3943,Charles Johnson,charles.johnson3943@example.com,IN,2021-07-19,Standard,43658.75
3944,Ava Moore,ava.moore3944@customer.net,US,2024-03-11,Standard,40514.99
3945,Joseph Jackson,joseph.jackson3945@shop.io,CA,2018-10-17,Basic,39573.97
3946,Susan Thomas,susan.thomas3946@shop.io,AU,2020-04-09,Basic,26289.08
3947,Sarah Moore,sarah.moore3947@example.com,JP,2020-05-10,Standard,25757.99
3948,Barbara Jackson,barbara.jackson3948@example.com,AU,2023-07-17,Basic,2998.10
3949,Charles Martinez,charles.martinez3949@shop.io,BR,2024-10-28,Basic,31396.65
3950,Jennifer Gonzalez,jennifer.gonzalez3950@mail.com,BR,2020-12-15,Basic,25635.14
3951,Susan Miller,susan.miller3951@example.com,DE,2018-03-11,Basic,24001.43
3952,John Jones,john.jones3952@mail.com,MX,2022-06-23,Basic,5527.83
3953,Patricia Lee,patricia.lee3953@example.com,AU,2018-12-28,Basic,43936.84
3954,Sarah Brown,sarah.brown3954@mail.com,MX,2025-04-04,Basic,26197.43
3955,Richard Lee,richard.lee3955@example.com,BR,2019-07-03,Premium,32477.91
3956,Jessica Smith,jessica.smith3956@customer.net,IN,2024-09-07,Premium,43666.50
3957,Mary Anderson,mary.anderson3957@mail.com,FR,2023-05-25,Premium,29515.03
3958,Robert Gonzalez,robert.gonzalez3958@mail.com,FR,2021-01-30,Basic,25617.90
3959,Susan Perez,susan.perez3959@shop.io,MX,2023-02-04,Premium,12206.26
3960,David Johnson,david.johnson3960@customer.net,JP,2021-09-05,Standard,25600.52
3961,Susan Taylor,susan.taylor3961@mail.com,FR,2021-10-17,Standard,34556.79
3962,James Thomas,james.thomas3962@customer.net,FR,2019-02-20,Premium,42009.22
3963,Oliver Miller,oliver.miller3963@example.com,AU,2021-09-10,Standard,31643.06
3964,Oliver Hernandez,oliver.hernandez3964@customer.net,US,2022-01-04,Premium,32221.00
3965,Thomas Thomas,thomas.thomas3965@mail.com,BR,2021-01-26,Basic,41126.18
3966,William Johnson,,AU,2023-09-17,Basic,10540.90
3967,John Martinez,john.martinez3967@example.com,CA,2023-06-03,Premium,32604.89
3968,Ava Brown,ava.brown3968@mail.com,FR,2025-04-08,Standard,42556.50
3969,Michael Gonzalez,michael.gonzalez3969@customer.net,UK,2021-08-21,Basic,37527.59
3970,Sophia Moore,sophia.moore3970@example.com,US,2024-07-15,Basic,21951.73
3971,Joseph Martin,joseph.martin3971@customer.net,BR,2018-08-07,Premium,11682.82
3972,Elizabeth Lee,elizabeth.lee3972@shop.io,AU,2022-10-13,Basic,14666.93
3973,Susan Thomas,susan.thomas3973@shop.io,US,2020-08-07,Standard,36308.89
3974,Susan Martinez,susan.martinez3974@example.com,UK,2022-11-05,Premium,46887.81
3975,Karen Hernandez,karen.hernandez3975@customer.net,FR,2023-08-05,Basic,33129.06
3976,Patricia Lopez,patricia.lopez3976@customer.net,AU,2023-01-30,Basic,45858.12
3977,Karen Thompson,karen.thompson3977@mail.com,JP,2020-08-14,Premium,25501.29
3978,Sarah Miller,sarah.miller3978@example.com,DE,2024-05-02,Premium,16638.19
3979,Barbara Thompson,barbara.thompson3979@shop.io,DE,2020-07-17,Premium,8835.01
3980,John Gonzalez,john.gonzalez3980@shop.io,UK,2024-03-02,Standard,31378.75
3981,William Moore,william.moore3981@mail.com,MX,2022-11-08,Standard,1295.90
3982,Joseph Miller,joseph.miller3982@shop.io,CA,2022-04-24,Standard,35480.04
3983,Richard Garcia,richard.garcia3983@example.com,AU,2025-02-02,Basic,17901.15
3984,Elizabeth Lee,elizabeth.lee3984@example.com,JP,2021-01-01,Basic,46601.36
3985,Karen Brown,karen.brown3985@customer.net,UK,2022-12-16,Premium,16899.84
3986,Jennifer Garcia,jennifer.garcia3986@example.com,BR,2025-06-14,Premium,20284.02
3987,Sarah Williams,sarah.williams3987@shop.io,UK,2020-07-22,Standard,41905.07
3988,Oliver Thomas,oliver.thomas3988@customer.net,US,2024-08-16,Standard,40883.18
3989,Michael Thompson,michael.thompson3989@customer.net,JP,2021-03-24,Premium,36823.60
3990,Robert Jackson,robert.jackson3990@mail.com,BR,2022-07-18,Standard,33255.45
3991,Linda Miller,linda.miller3991@example.com,DE,2022-10-06,Basic,17459.25
3992,Noah Smith,noah.smith3992@customer.net,DE,2019-04-23,Basic,44545.51
3993,Susan Gonzalez,susan.gonzalez3993@customer.net,JP,2019-05-20,Basic,37338.11
3994,Susan Wilson,susan.wilson3994@customer.net,UK,2018-01-07,Premium,49869.35
3995,Noah Gonzalez,noah.gonzalez3995@mail.com,CA,2019-12-14,Premium,6807.92
3996,Robert Jones,robert.jones3996@mail.com,CA,2024-11-18,Basic,27256.47
3997,John Miller,john.miller3997@customer.net,IN,2024-03-18,Premium,44566.05
3998,Jessica Lopez,jessica.lopez3998@example.com,UK,2023-04-27,Standard,30751.98
3999,David Jones,david.jones3999@shop.io,CA,2022-07-12,Premium,13789.95
4000,James Martin,james.martin4000@mail.com,FR,2020-10-01,Standard,3227.09
4001,Elizabeth Gonzalez,elizabeth.gonzalez4001@shop.io,IN,2021-06-12,Premium,43440.82
4002,Richard Johnson,richard.johnson4002@example.com,BR,2022-04-21,Premium,24531.85
4003,Robert Gonzalez,robert.gonzalez4003@mail.com,UK,2024-05-13,Basic,39136.50
4004,Barbara Lee,barbara.lee4004@customer.net,MX,2025-02-08,Standard,17865.15
4005,Sophia Garcia,sophia.garcia4005@mail.com,JP,2022-12-02,Standard,42555.30
4006,William Williams,william.williams4006@shop.io,MX,2018-07-04,Premium,10894.96
4007,Sarah Hernandez,sarah.hernandez4007@example.com,DE,2021-10-02,Standard,3270.94
4008,Noah Miller,noah.miller4008@shop.io,CA,2020-11-13,Basic,20026.57
4009,Robert Garcia,robert.garcia4009@mail.com,MX,2018-01-04,Standard,23494.21
4010,Linda Davis,linda.davis4010@example.com,CA,2022-01-19,Standard,18960.73
4011,Noah Thompson,noah.thompson4011@example.com,AU,2023-05-30,Standard,29054.95
4012,Michael Jones,michael.jones4012@shop.io,UK,2019-04-14,Standard,34864.44
4013,Charles Anderson,charles.anderson4013@customer.net,MX,2021-07-21,Premium,3270.03
4014,Ava Smith,ava.smith4014@shop.io,US,2024-07-16,Standard,14342.20
4015,Joseph Thomas,joseph.thomas4015@customer.net,IN,2019-01-24,Basic,9796.52
4016,Ava Taylor,ava.taylor4016@shop.io,BR,2018-07-31,Premium,5085.27
4017,Ava Moore,ava.moore4017@customer.net,FR,2018-12-18,Standard,10385.91
4018,John Hernandez,john.hernandez4018@example.com,UK,2020-10-21,Premium,21713.39
4019,Sarah Wilson,sarah.wilson4019@mail.com,UK,2018-03-02,Standard,39941.74
4020,John Moore,john.moore4020@customer.net,UK,2018-07-05,Basic,33602.25
4021,Emma Taylor,emma.taylor4021@shop.io,IN,2021-05-18,Premium,16600.35
4022,Joseph Johnson,joseph.johnson4022@customer.net,BR,2025-04-23,Premium,7225.11
4023,Susan Jackson,susan.jackson4023@mail.com,FR,2018-10-23,Standard,47109.07
4024,Jennifer Thompson,jennifer.thompson4024@mail.com,US,2022-07-14,Premium,2734.41
4025,Michael Johnson,michael.johnson4025@mail.com,BR,2022-11-04,Standard,48842.65
4026,Ava Hernandez,ava.hernandez4026@example.com,AU,2019-07-20,Premium,14486.50
4027,Patricia Brown,patricia.brown4027@shop.io,DE,2018-04-22,Standard,20501.99
4028,Mary Brown,mary.brown4028@shop.io,UK,2020-11-14,Standard,36952.91
4029,Charles Jones,charles.jones4029@example.com,UK,2022-07-04,Standard,44652.53
4030,Michael Taylor,michael.taylor4030@mail.com,DE,2019-07-10,Premium,13965.98
4031,Mary Hernandez,mary.hernandez4031@mail.com,MX,2019-06-19,Premium,33275.47
4032,Mary Lopez,mary.lopez4032@customer.net,DE,2025-05-06,Premium,4870.73
4033,Oliver Martin,oliver.martin4033@example.com,UK,2019-04-12,Premium,12875.69
4034,Elizabeth Miller,elizabeth.miller4034@mail.com,MX,2019-02-18,Premium,11468.46
4035,Jennifer Lopez,jennifer.lopez4035@mail.com,BR,2022-04-01,Premium,39850.68
4036,Jennifer Davis,jennifer.davis4036@shop.io,AU,2022-08-14,Basic,14237.08
4037,Robert Miller,robert.miller4037@shop.io,DE,2023-08-13,Standard,14990.21
4038,Elizabeth Martin,elizabeth.martin4038@customer.net,IN,2018-01-21,Premium,13259.07
4039,Thomas Wilson,thomas.wilson4039@customer.net,FR,2021-01-01,Premium,37296.61
4040,Noah Jackson,noah.jackson4040@shop.io,FR,2022-11-27,Standard,31869.20
4041,Jessica Lee,jessica.lee4041@mail.com,CA,2025-06-04,Basic,27552.30
4042,Emma Lopez,emma.lopez4042@mail.com,MX,2023-04-17,Premium,17874.94
4043,Sophia Williams,sophia.williams4043@shop.io,DE,2022-04-21,Standard,18609.22
4044,David Jackson,david.jackson4044@example.com,CA,2023-06-22,Standard,48026.01
4045,Barbara Davis,barbara.davis4045@example.com,MX,2022-09-03,Standard,15077.30
4046,William Thomas,william.thomas4046@shop.io,FR,2020-10-17,Standard,42464.89
4047,Ava Lopez,ava.lopez4047@mail.com,CA,2022-12-14,Standard,46197.81
4048,Richard Wilson,richard.wilson4048@shop.io,FR,2021-10-16,Premium,28103.53
4049,Ava Thompson,ava.thompson4049@customer.net,DE,2025-02-09,Basic,27617.06
4050,David Davis,david.davis4050@mail.com,CA,2020-04-09,Basic,37773.41
4051,Richard Thomas,richard.thomas4051@mail.com,CA,2019-02-27,Standard,23793.57
4052,Jennifer Lee,jennifer.lee4052@customer.net,IN,2020-03-15,Basic,31302.28
4053,Linda Hernandez,linda.hernandez4053@shop.io,FR,2025-05-24,Standard,20600.13
4054,David Taylor,david.taylor4054@customer.net,FR,2024-06-24,Premium,20706.64
4055,Patricia Gonzalez,patricia.gonzalez4055@mail.com,CA,2024-05-05,Standard,29552.86
4056,Linda Martin,linda.martin4056@example.com,IN,2019-01-29,Standard,43036.15
4057,Oliver Taylor,oliver.taylor4057@example.com,UK,2022-06-01,Basic,32823.35
4058,Ava Anderson,ava.anderson4058@example.com,US,2020-09-29,Premium,24905.42
4059,Michael Thomas,michael.thomas4059@mail.com,IN,2018-08-30,Standard,34587.55
4060,Sophia Smith,sophia.smith4060@example.com,CA,2024-01-06,Basic,21238.25
4061,Jessica Moore,jessica.moore4061@example.com,BR,2019-07-28,Standard,36622.58
4062,Charles Miller,charles.miller4062@example.com,DE,2019-05-17,Standard,19971.77
4063,Michael Jackson,michael.jackson4063@shop.io,JP,2022-06-14,Premium,16233.40
4064,William Jones,william.jones4064@mail.com,IN,2021-04-29,Standard,37557.56
4065,Michael Miller,michael.miller4065@example.com,JP,2019-07-23,Basic,46544.30
4066,Charles Lee,charles.lee4066@shop.io,US,2020-05-31,Standard,41050.90
4067,William Taylor,william.taylor4067@example.com,UK,2020-01-14,Basic,20739.21
4068,Richard Thompson,richard.thompson4068@shop.io,MX,2023-02-28,Premium,31059.05
4069,Joseph Perez,joseph.perez4069@example.com,IN,2024-03-05,Premium,11000.69
4070,Linda Martin,linda.martin4070@example.com,US,2019-03-06,Standard,5461.06
4071,Barbara Jackson,barbara.jackson4071@example.com,UK,2022-07-02,Basic,12420.23
4072,Karen Rodriguez,karen.rodriguez4072@example.com,UK,2020-03-08,Premium,11658.03
4073,William Miller,william.miller4073@customer.net,IN,2023-05-29,Basic,40025.36
4074,Oliver Rodriguez,oliver.rodriguez4074@example.com,CA,2018-07-06,Basic,27320.21
4075,Ava Rodriguez,ava.rodriguez4075@example.com,US,2018-10-19,Standard,24731.82
4076,Michael Johnson,michael.johnson4076@example.com,CA,2024-02-08,Premium,5276.10
4077,James Martinez,james.martinez4077@example.com,US,2018-07-14,Standard,32842.24
4078,Jennifer Johnson,jennifer.johnson4078@mail.com,BR,2024-04-20,Standard,42675.46
4079,Patricia Gonzalez,patricia.gonzalez4079@example.com,UK,2024-12-17,Basic,2073.82
4080,Elizabeth Jones,elizabeth.jones4080@example.com,FR,2020-11-22,Basic,44776.39
4081,David Martinez,david.martinez4081@shop.io,DE,2018-09-03,Premium,16030.65
4082,John Wilson,john.wilson4082@example.com,JP,2024-05-05,Basic,4898.80
4083,Charles Brown,charles.brown4083@mail.com,BR,2022-04-15,Premium,4083.89
4084,Jessica Brown,jessica.brown4084@example.com,JP,2019-04-21,Premium,43857.55
4085,Ava Brown,ava.brown4085@shop.io,US,2019-07-09,Standard,45319.98
4086,Oliver Smith,oliver.smith4086@mail.com,BR,2024-03-25,Basic,4504.42
4087,John Brown,john.brown4087@mail.com,BR,2023-02-25,Basic,15023.79
4088,Robert Thomas,robert.thomas4088@example.com,MX,2020-05-22,Standard,23874.19
4089,Thomas Lopez,thomas.lopez4089@customer.net,IN,2021-04-21,Standard,9457.36
4090,John Davis,john.davis4090@example.com,US,2025-02-22,Standard,15153.10
4091,Patricia Perez,patricia.perez4091@customer.net,UK,2024-06-23,Standard,8549.03
4092,Emma Jones,emma.jones4092@example.com,AU,2021-03-09,Premium,3899.14
4093,Linda Williams,linda.williams4093@shop.io,FR,2021-09-19,Premium,20607.13
4094,Oliver Wilson,oliver.wilson4094@mail.com,IN,2018-09-30,Standard,27438.58
4095,Barbara Hernandez,barbara.hernandez4095@mail.com,AU,2019-12-20,Basic,24892.72
4096,Elizabeth Williams,elizabeth.williams4096@example.com,DE,2025-02-05,Standard,14221.48
4097,Noah Williams,noah.williams4097@customer.net,MX,2024-02-02,Basic,35268.85
4098,William Taylor,william.taylor4098@shop.io,IN,2022-05-19,Basic,14188.09
4099,Charles Martin,charles.martin4099@mail.com,US,2018-05-06,Standard,5387.75
4100,Emma Thompson,emma.thompson4100@shop.io,IN,2023-01-24,Standard,46960.09
4101,Richard Miller,richard.miller4101@shop.io,AU,2023-08-30,Standard,44336.97
4102,Jennifer Anderson,jennifer.anderson4102@example.com,JP,2019-10-02,Standard,20269.94
4103,Sophia Lee,sophia.lee4103@shop.io,IN,2022-02-12,Premium,13023.63
4104,James Thomas,james.thomas4104@example.com,US,2018-12-06,Standard,42965.16
4105,Emma Rodriguez,emma.rodriguez4105@example.com,FR,2018-01-21,Standard,25511.27
4106,Susan Garcia,susan.garcia4106@shop.io,US,2023-09-28,Standard,38923.66
4107,Patricia Smith,patricia.smith4107@example.com,IN,2022-08-03,Basic,30015.30
4108,Oliver Rodriguez,oliver.rodriguez4108@example.com,JP,2019-07-10,Basic,7121.86
4109,Jessica Wilson,jessica.wilson4109@mail.com,FR,2023-08-17,Basic,5654.90
4110,Barbara Perez,barbara.perez4110@mail.com,DE,2020-07-28,Premium,27655.48
4111,Jennifer Garcia,jennifer.garcia4111@mail.com,CA,2018-02-23,Basic,13958.13
4112,David Jones,david.jones4112@mail.com,AU,2024-10-18,Basic,29815.22
4113,Mary Smith,mary.smith4113@shop.io,UK,2018-06-09,Basic,37590.33
4114,William Anderson,william.anderson4114@example.com,FR,2022-03-08,Premium,35256.09
4115,Linda Lopez,linda.lopez4115@example.com,AU,2020-03-06,Standard,48362.38
4116,Joseph Jones,joseph.jones4116@mail.com,BR,2024-08-22,Premium,46184.43
4117,James Wilson,james.wilson4117@shop.io,UK,2025-03-04,Basic,46806.80
4118,Barbara Thomas,barbara.thomas4118@example.com,MX,2023-03-18,Basic,12089.18
4119,Robert Moore,robert.moore4119@example.com,UK,2018-04-08,Standard,5206.10
4120,Elizabeth Thompson,elizabeth.thompson4120@shop.io,FR,2021-05-19,Premium,30701.89
4121,Sophia Jones,sophia.jones4121@example.com,CA,2021-03-25,Standard,27827.94
4122,Joseph Martinez,joseph.martinez4122@mail.com,BR,2018-05-30,Premium,4341.62
4123,Thomas Perez,thomas.perez4123@mail.com,US,2022-04-29,Premium,37824.83
4124,Jessica Moore,jessica.moore4124@example.com,FR,2023-03-19,Basic,29300.62
4125,Patricia Perez,patricia.perez4125@mail.com,UK,2020-06-27,Basic,31066.19
4126,Ava Anderson,ava.anderson4126@shop.io,FR,2022-07-07,Basic,28827.87
4127,David Hernandez,david.hernandez4127@shop.io,AU,2023-07-13,Standard,29658.58
4128,Elizabeth Thompson,elizabeth.thompson4128@example.com,BR,2021-02-13,Premium,28838.03
4129,Noah Smith,noah.smith4129@customer.net,MX,2022-10-27,Basic,31917.87
4130,Ava Martinez,ava.martinez4130@shop.io,DE,2023-10-31,Basic,40070.02
4131,Susan Smith,susan.smith4131@customer.net,UK,2018-07-18,Standard,16644.81
4132,Joseph Davis,joseph.davis4132@mail.com,JP,2021-01-24,Standard,22258.20
4133,Mary Williams,mary.williams4133@customer.net,AU,2019-08-13,Standard,20777.28
4134,Linda Wilson,linda.wilson4134@example.com,CA,2024-08-04,Basic,3023.45
4135,Barbara Davis,barbara.davis4135@example.com,BR,2021-02-22,Premium,23997.64
4136,Richard Martin,richard.martin4136@mail.com,MX,2022-06-18,Standard,13540.72
4137,Joseph Thomas,joseph.thomas4137@mail.com,AU,2018-02-07,Basic,14171.01
4138,Jennifer Davis,jennifer.davis4138@mail.com,CA,2019-12-15,Premium,15143.93
4139,James Johnson,james.johnson4139@shop.io,UK,2023-02-05,Basic,6388.35
4140,Patricia Hernandez,patricia.hernandez4140@shop.io,FR,2022-06-20,Basic,5489.82
4141,Sarah Hernandez,sarah.hernandez4141@shop.io,JP,2021-02-28,Basic,46415.50
4142,Richard Garcia,richard.garcia4142@customer.net,MX,2022-04-01,Premium,8191.36
4143,Jennifer Lopez,jennifer.lopez4143@customer.net,US,2020-09-06,Premium,11159.00
4144,Robert Martin,robert.martin4144@shop.io,MX,2021-04-07,Standard,9146.03
4145,Linda Williams,linda.williams4145@shop.io,BR,2019-07-25,Basic,19405.05
4146,Mary Rodriguez,,DE,2024-10-14,Standard,19676.26
4147,Ava Martin,ava.martin4147@example.com,JP,2019-10-09,Premium,24320.10
4148,Jennifer Martin,jennifer.martin4148@mail.com,DE,2018-04-19,Standard,4441.94
4149,Joseph Moore,joseph.moore4149@mail.com,UK,2022-01-11,Basic,12112.82
4150,Jennifer Gonzalez,jennifer.gonzalez4150@customer.net,MX,2020-05-09,Standard,42936.04
4151,James Gonzalez,james.gonzalez4151@mail.com,DE,2021-12-24,Premium,48561.70
4152,Patricia Davis,patricia.davis4152@mail.com,BR,2018-07-04,Standard,26628.77
4153,Barbara Smith,barbara.smith4153@mail.com,DE,2018-07-04,Standard,4851.46
4154,Charles Johnson,charles.johnson4154@example.com,MX,2020-09-07,Basic,12251.58
4155,Barbara Martin,barbara.martin4155@mail.com,JP,2024-10-10,Standard,4329.16
4156,Mary Smith,mary.smith4156@example.com,US,2020-01-23,Basic,29130.18
4157,David Wilson,david.wilson4157@example.com,IN,2019-08-22,Premium,42100.14
4158,Richard Thompson,richard.thompson4158@shop.io,JP,2018-09-20,Basic,37024.09
4159,Barbara Martin,barbara.martin4159@shop.io,US,2023-01-16,Basic,49875.28
4160,Robert Davis,robert.davis4160@example.com,CA,2021-11-10,Basic,40209.68
4161,Michael Jones,michael.jones4161@mail.com,UK,2022-04-27,Basic,31413.47
4162,Joseph Moore,joseph.moore4162@example.com,CA,2021-09-19,Standard,14552.30
4163,Noah Martinez,noah.martinez4163@mail.com,JP,2018-02-22,Basic,6001.66
4164,Elizabeth Lopez,elizabeth.lopez4164@mail.com,MX,2019-03-04,Premium,33536.99
4165,Jessica Wilson,jessica.wilson4165@customer.net,IN,2021-10-24,Premium,17295.58
4166,Oliver Thomas,oliver.thomas4166@customer.net,UK,2019-05-28,Premium,39209.29
4167,Jennifer Moore,jennifer.moore4167@example.com,AU,2023-05-07,Basic,2841.71
4168,Oliver Williams,oliver.williams4168@example.com,DE,2019-06-25,Premium,3555.45
4169,Patricia Gonzalez,patricia.gonzalez4169@customer.net,BR,2022-12-15,Premium,19380.46
4170,Jessica Lee,jessica.lee4170@customer.net,FR,2021-10-05,Premium,6860.61
4171,Michael Perez,michael.perez4171@customer.net,UK,2024-01-18,Standard,29330.10
4172,John Jones,john.jones4172@customer.net,BR,2021-03-11,Basic,25680.17
4173,Susan Davis,susan.davis4173@customer.net,UK,2018-12-07,Standard,42305.57
4174,Karen Martinez,karen.martinez4174@mail.com,US,2018-06-14,Premium,46954.08
4175,Linda Anderson,linda.anderson4175@shop.io,FR,2024-05-22,Basic,28273.50
4176,Ava Jones,ava.jones4176@mail.com,UK,2020-04-28,Premium,13056.69
4177,Barbara Martin,barbara.martin4177@customer.net,IN,2024-11-14,Premium,6427.82
4178,Jessica Moore,jessica.moore4178@shop.io,UK,2023-07-04,Basic,27731.83
4179,Oliver Thomas,oliver.thomas4179@customer.net,AU,2024-05-24,Premium,44130.99
4180,David Miller,david.miller4180@mail.com,US,2019-01-22,Premium,38969.26
4181,Oliver Smith,oliver.smith4181@customer.net,AU,2019-11-02,Basic,21455.71
4182,Elizabeth Garcia,elizabeth.garcia4182@customer.net,JP,2020-06-21,Standard,3274.32
4183,Robert Thomas,robert.thomas4183@mail.com,CA,2021-07-18,Standard,11108.31
4184,Linda Thomas,linda.thomas4184@shop.io,IN,2021-07-10,Standard,30718.39
4185,Susan Rodriguez,susan.rodriguez4185@customer.net,BR,2021-04-17,Basic,21350.43
4186,Jennifer Rodriguez,jennifer.rodriguez4186@shop.io,AU,2019-05-08,Premium,15410.67
4187,Emma Jones,emma.jones4187@shop.io,US,2022-08-20,Basic,6567.73
4188,Charles Wilson,charles.wilson4188@shop.io,IN,2023-12-27,Standard,42951.53
4189,Robert Perez,robert.perez4189@example.com,IN,2019-06-02,Standard,43803.21
4190,Ava Thomas,ava.thomas4190@mail.com,MX,2020-08-05,Basic,16046.87
4191,James Martin,james.martin4191@customer.net,MX,2020-06-01,Standard,34272.25
4192,William Jones,william.jones4192@example.com,DE,2024-06-15,Premium,15127.97
4193,Oliver Lopez,oliver.lopez4193@example.com,DE,2019-08-27,Premium,14706.10
4194,Jessica Anderson,jessica.anderson4194@example.com,CA,2021-11-13,Standard,36179.67
4195,Joseph Jones,joseph.jones4195@shop.io,UK,2023-10-30,Standard,34935.91
4196,Mary Anderson,mary.anderson4196@example.com,FR,2020-07-31,Basic,30587.10
4197,Robert Williams,robert.williams4197@shop.io,JP,2024-03-25,Basic,42059.70
4198,Robert Davis,robert.davis4198@mail.com,JP,2025-03-27,Basic,44053.45
4199,Ava Johnson,ava.johnson4199@shop.io,AU,2018-09-20,Basic,46134.18
4200,Jessica Gonzalez,jessica.gonzalez4200@customer.net,US,2022-06-08,Premium,20409.10
4201,Linda Perez,linda.perez4201@mail.com,BR,2022-10-13,Premium,316.78
4202,John Jones,john.jones4202@mail.com,US,2018-07-20,Basic,33826.86
4203,Elizabeth Taylor,elizabeth.taylor4203@shop.io,DE,2022-05-08,Standard,38684.41
4204,Sarah Miller,sarah.miller4204@mail.com,FR,2022-09-29,Standard,33817.18
4205,Richard Smith,richard.smith4205@mail.com,BR,2024-10-15,Standard,24988.39
4206,Noah Lee,noah.lee4206@example.com,FR,2022-04-11,Premium,42605.88
4207,Emma Perez,emma.perez4207@shop.io,MX,2021-03-17,Standard,43847.72
4208,Karen Jones,karen.jones4208@example.com,BR,2022-02-26,Standard,14068.59
4209,Ava Johnson,ava.johnson4209@example.com,FR,2019-08-20,Standard,31119.41
4210,Sophia Williams,sophia.williams4210@mail.com,AU,2018-07-24,Basic,48459.25
4211,James Williams,james.williams4211@example.com,AU,2021-04-10,Standard,5575.25
4212,Barbara Taylor,barbara.taylor4212@example.com,BR,2018-07-19,Premium,47587.76
4213,Noah Taylor,noah.taylor4213@example.com,CA,2020-11-11,Basic,3500.07
4214,Elizabeth Johnson,elizabeth.johnson4214@shop.io,FR,2018-09-19,Standard,20342.77
4215,Thomas Hernandez,thomas.hernandez4215@example.com,FR,2021-09-14,Premium,26169.78
4216,Emma Brown,emma.brown4216@shop.io,BR,2025-03-29,Premium,23917.85
4217,Joseph Hernandez,joseph.hernandez4217@shop.io,BR,2018-07-24,Premium,2198.93
4218,Emma Smith,emma.smith4218@example.com,IN,2023-10-16,Standard,19133.51
4219,Joseph Brown,joseph.brown4219@customer.net,JP,2024-02-27,Standard,1900.98
4220,Karen Johnson,karen.johnson4220@mail.com,JP,2025-05-15,Premium,20299.44
4221,Karen Taylor,karen.taylor4221@mail.com,JP,2019-02-26,Standard,4761.10
4222,Barbara Taylor,barbara.taylor4222@customer.net,IN,2023-10-21,Standard,5729.85
4223,Charles Jackson,charles.jackson4223@customer.net,IN,2022-12-02,Standard,28999.20
4224,Ava Taylor,ava.taylor4224@mail.com,FR,2019-10-17,Standard,3377.08
4225,Mary Hernandez,mary.hernandez4225@example.com,AU,2024-01-06,Premium,18808.70
4226,William Lopez,william.lopez4226@example.com,MX,2021-11-25,Standard,16424.73
4227,Ava Jones,ava.jones4227@shop.io,FR,2022-02-02,Premium,49370.70
4228,Charles Lee,charles.lee4228@mail.com,CA,2019-10-15,Standard,20068.97
4229,Robert Brown,robert.brown4229@customer.net,JP,2021-10-04,Basic,2261.39
4230,Oliver Hernandez,oliver.hernandez4230@shop.io,IN,2022-10-19,Basic,24295.38
4231,Michael Smith,michael.smith4231@mail.com,US,2019-09-14,Basic,17114.52
4232,Jennifer Anderson,jennifer.anderson4232@mail.com,JP,2022-04-23,Standard,29667.09
4233,Emma Davis,emma.davis4233@shop.io,AU,2018-10-13,Basic,18611.66
4234,Noah Thompson,noah.thompson4234@example.com,DE,2021-08-03,Premium,43751.90
4235,Barbara Martinez,barbara.martinez4235@customer.net,UK,2020-09-04,Premium,40209.20
4236,Joseph Miller,joseph.miller4236@example.com,BR,2024-04-30,Standard,6340.57
4237,Noah Smith,noah.smith4237@customer.net,FR,2024-03-25,Basic,42246.09
4238,Jessica Thomas,jessica.thomas4238@customer.net,JP,2019-04-20,Premium,43953.10
4239,Thomas Martinez,thomas.martinez4239@mail.com,AU,2019-06-10,Basic,36651.13
4240,Emma Taylor,emma.taylor4240@customer.net,FR,2018-01-05,Basic,3167.78
4241,Joseph Williams,joseph.williams4241@mail.com,UK,2018-07-16,Premium,35844.76
4242,William Jones,william.jones4242@mail.com,CA,2021-04-03,Standard,10908.65
4243,Oliver Johnson,oliver.johnson4243@shop.io,JP,2025-06-05,Standard,49274.23
4244,Patricia Martin,patricia.martin4244@customer.net,UK,2024-07-02,Basic,31581.74
4245,Patricia Gonzalez,patricia.gonzalez4245@shop.io,MX,2022-11-15,Standard,38616.84
4246,Richard Anderson,richard.anderson4246@customer.net,CA,2018-06-16,Basic,30509.05
4247,Oliver Gonzalez,oliver.gonzalez4247@mail.com,FR,2021-03-23,Standard,902.28
4248,Karen Thompson,karen.thompson4248@shop.io,DE,2019-10-24,Standard,47254.31
4249,Oliver Gonzalez,oliver.gonzalez4249@shop.io,FR,2023-02-23,Basic,10094.51
4250,Ava Garcia,ava.garcia4250@mail.com,UK,2024-07-01,Premium,38035.92
4251,Linda Martin,linda.martin4251@example.com,JP,2018-03-29,Standard,34694.64
4252,Jessica Perez,jessica.perez4252@mail.com,IN,2018-07-25,Premium,16795.29
4253,Emma Jackson,emma.jackson4253@example.com,UK,2021-09-08,Premium,37286.55
4254,Patricia Johnson,patricia.johnson4254@example.com,IN,2019-09-13,Standard,544.78
4255,Thomas Johnson,thomas.johnson4255@mail.com,IN,2021-11-29,Basic,28633.84
4256,Michael Perez,michael.perez4256@shop.io,JP,2021-10-09,Basic,22840.14
4257,Sarah Miller,sarah.miller4257@mail.com,AU,2021-03-29,Basic,25069.64
4258,Michael Lopez,michael.lopez4258@customer.net,UK,2024-09-24,Premium,5479.07
4259,Charles Gonzalez,charles.gonzalez4259@customer.net,MX,2019-01-09,Standard,19281.75
4260,Ava Taylor,ava.taylor4260@customer.net,IN,2021-03-07,Basic,41604.54
4261,Robert Smith,robert.smith4261@mail.com,UK,2023-07-20,Basic,7021.58
4262,Oliver Wilson,oliver.wilson4262@customer.net,AU,2019-08-23,Basic,7185.15
4263,Richard Moore,richard.moore4263@shop.io,CA,2024-08-22,Premium,49426.20
4264,Jessica Perez,jessica.perez4264@mail.com,CA,2018-01-11,Premium,40561.11
4265,Ava Perez,ava.perez4265@mail.com,US,2024-02-15,Standard,33237.13
4266,John Martinez,john.martinez4266@customer.net,US,2021-08-02,Premium,29502.48
4267,Sarah Hernandez,sarah.hernandez4267@shop.io,FR,2019-08-10,Standard,43882.83
4268,Richard Lee,richard.lee4268@mail.com,US,2025-03-26,Basic,36301.99
4269,Linda Hernandez,linda.hernandez4269@customer.net,FR,2022-04-12,Basic,35667.13
4270,Michael Smith,michael.smith4270@example.com,US,2018-08-21,Basic,1982.04
4271,Mary Taylor,mary.taylor4271@mail.com,UK,2024-03-15,Standard,26099.95
4272,Noah Smith,noah.smith4272@shop.io,BR,2018-07-03,Premium,26383.69
4273,Linda Hernandez,linda.hernandez4273@shop.io,UK,2021-10-04,Basic,44050.97
4274,Karen Garcia,karen.garcia4274@example.com,MX,2020-07-31,Premium,46180.77
4275,Ava Davis,ava.davis4275@customer.net,IN,2022-10-06,Premium,12197.83
4276,Susan Gonzalez,susan.gonzalez4276@mail.com,BR,2025-03-17,Premium,25641.06
4277,John Jones,john.jones4277@mail.com,IN,2023-10-31,Premium,17504.62
4278,Sophia Jackson,sophia.jackson4278@shop.io,JP,2020-11-16,Standard,42355.52
4279,Barbara Thompson,barbara.thompson4279@mail.com,UK,2018-12-28,Premium,48975.95
4280,Oliver Moore,oliver.moore4280@mail.com,FR,2018-02-04,Basic,21689.25
4281,Michael Martin,michael.martin4281@customer.net,MX,2023-08-26,Standard,48938.72
4282,Patricia Moore,patricia.moore4282@example.com,CA,2019-07-28,Basic,21167.31
4283,Linda Thomas,linda.thomas4283@customer.net,AU,2025-04-06,Premium,37897.65
4284,Patricia Gonzalez,patricia.gonzalez4284@customer.net,IN,2023-05-16,Basic,43352.01
4285,Thomas Thomas,thomas.thomas4285@customer.net,IN,2019-05-29,Basic,26585.44
4286,Michael Wilson,michael.wilson4286@mail.com,IN,2024-02-10,Basic,45311.99
4287,Oliver Lopez,oliver.lopez4287@example.com,UK,2025-05-05,Standard,43966.97
4288,Emma Garcia,emma.garcia4288@customer.net,IN,2019-12-06,Basic,8029.87
4289,Susan Wilson,susan.wilson4289@customer.net,JP,2023-10-10,Basic,25792.44
4290,Charles Thompson,charles.thompson4290@mail.com,JP,2025-03-21,Standard,4372.70
4291,Richard Hernandez,richard.hernandez4291@mail.com,DE,2024-03-04,Basic,30151.09
4292,Ava Moore,ava.moore4292@example.com,JP,2021-04-08,Basic,29228.22
4293,David Jackson,david.jackson4293@example.com,DE,2021-08-17,Standard,31162.09
4294,Jessica Anderson,jessica.anderson4294@mail.com,IN,2021-08-14,Basic,41813.69
4295,Richard Martinez,richard.martinez4295@example.com,BR,2020-02-09,Basic,18530.94
4296,Noah Moore,noah.moore4296@example.com,AU,2018-05-01,Premium,45930.95
4297,Elizabeth Brown,elizabeth.brown4297@customer.net,UK,2022-05-07,Standard,24194.01
4298,Charles Miller,charles.miller4298@example.com,DE,2024-08-14,Standard,43383.38
4299,Barbara Williams,barbara.williams4299@customer.net,UK,2025-04-09,Premium,42091.52
4300,Elizabeth Taylor,elizabeth.taylor4300@customer.net,US,2018-08-18,Basic,18116.94
4301,Mary Smith,mary.smith4301@mail.com,CA,2021-01-09,Basic,35229.89
4302,Jennifer Taylor,jennifer.taylor4302@customer.net,BR,2023-07-06,Standard,32008.65
4303,Mary Lee,mary.lee4303@mail.com,US,2019-08-02,Basic,9889.23
4304,Patricia Brown,patricia.brown4304@mail.com,AU,2025-02-08,Premium,3284.01
4305,Thomas Gonzalez,thomas.gonzalez4305@example.com,JP,2021-02-01,Premium,28623.87
4306,James Gonzalez,james.gonzalez4306@shop.io,DE,2020-01-13,Premium,11430.39
4307,Michael Wilson,michael.wilson4307@mail.com,UK,2025-02-09,Basic,882.30
4308,Jennifer Johnson,jennifer.johnson4308@example.com,JP,2025-03-02,Premium,1088.67
4309,Robert Rodriguez,robert.rodriguez4309@mail.com,IN,2025-04-21,Basic,21231.38
4310,William Thompson,william.thompson4310@customer.net,AU,2020-09-06,Standard,47265.01
4311,Noah Lee,noah.lee4311@shop.io,US,2021-08-30,Standard,44218.06
4312,Ava Williams,ava.williams4312@shop.io,CA,2022-05-21,Basic,48055.44
4313,Barbara Wilson,barbara.wilson4313@customer.net,CA,2018-07-23,Basic,19083.42
4314,Jessica Miller,jessica.miller4314@shop.io,CA,2020-11-02,Standard,11021.60
4315,David Williams,david.williams4315@shop.io,IN,2025-05-08,Standard,44826.53
4316,Sarah Perez,sarah.perez4316@customer.net,AU,2023-10-07,Premium,33346.22
4317,William Taylor,william.taylor4317@mail.com,CA,2024-04-19,Basic,42821.86
4318,Oliver Lopez,oliver.lopez4318@customer.net,DE,2022-09-02,Standard,10870.13
4319,Richard Martinez,richard.martinez4319@shop.io,FR,2019-09-24,Premium,43047.76
4320,Joseph Thomas,joseph.thomas4320@shop.io,BR,2023-04-14,Premium,46223.14
4321,Karen Martinez,karen.martinez4321@mail.com,DE,2025-04-18,Standard,38595.52
4322,Karen Moore,karen.moore4322@mail.com,CA,2021-05-16,Premium,43576.24
4323,Noah Wilson,noah.wilson4323@shop.io,BR,2018-05-10,Standard,1286.58
4324,Noah Martinez,noah.martinez4324@shop.io,US,2022-01-19,Basic,1690.87
4325,Jennifer Moore,jennifer.moore4325@shop.io,IN,2023-03-14,Premium,36667.53
4326,James Johnson,james.johnson4326@customer.net,FR,2021-02-22,Premium,45896.51
4327,Sophia Martin,sophia.martin4327@mail.com,MX,2018-07-07,Basic,23425.28
4328,Linda Thomas,linda.thomas4328@mail.com,MX,2021-07-13,Standard,31783.31
4329,Barbara Perez,barbara.perez4329@example.com,FR,2024-04-21,Premium,3265.44
4330,Robert Hernandez,robert.hernandez4330@shop.io,UK,2021-12-22,Premium,33861.54
4331,Ava Thompson,ava.thompson4331@example.com,CA,2021-11-07,Premium,32930.88
4332,Sarah Brown,sarah.brown4332@shop.io,FR,2021-11-07,Premium,44247.44
4333,Robert Anderson,robert.anderson4333@shop.io,FR,2020-07-05,Standard,31059.98
4334,Sophia Hernandez,sophia.hernandez4334@mail.com,UK,2019-02-16,Premium,7197.59
4335,Oliver Lopez,oliver.lopez4335@example.com,CA,2019-11-15,Standard,17962.69
4336,Joseph Rodriguez,joseph.rodriguez4336@mail.com,BR,2022-11-14,Basic,19077.17
4337,Jennifer Perez,jennifer.perez4337@shop.io,UK,2018-07-29,Basic,18237.52
4338,Linda Taylor,linda.taylor4338@mail.com,BR,2021-12-04,Standard,14698.52
4339,John Rodriguez,john.rodriguez4339@customer.net,US,2024-10-08,Basic,4133.00
4340,Linda Hernandez,linda.hernandez4340@example.com,UK,2023-05-07,Basic,45103.66
4341,Elizabeth Lopez,elizabeth.lopez4341@shop.io,AU,2020-06-19,Basic,22742.39
4342,Mary Wilson,mary.wilson4342@mail.com,JP,2020-02-03,Basic,42275.52
4343,Susan Anderson,susan.anderson4343@mail.com,FR,2022-12-17,Standard,19325.03
4344,Robert Williams,robert.williams4344@shop.io,JP,2022-03-15,Standard,35985.17
4345,Sophia Garcia,sophia.garcia4345@customer.net,CA,2019-02-20,Premium,37687.54
4346,James Taylor,james.taylor4346@shop.io,BR,2019-05-01,Basic,48787.76
4347,Emma Anderson,emma.anderson4347@customer.net,DE,2018-02-27,Basic,31109.66
4348,Mary Wilson,mary.wilson4348@mail.com,UK,2024-10-07,Standard,12100.89
4349,Linda Martin,linda.martin4349@shop.io,UK,2022-11-21,Basic,24754.18
4350,Mary Martinez,mary.martinez4350@shop.io,US,2021-09-13,Basic,30815.70
4351,Charles Moore,charles.moore4351@mail.com,DE,2022-09-12,Standard,11455.44
4352,Patricia Garcia,patricia.garcia4352@mail.com,CA,2020-07-27,Basic,45995.91
4353,Thomas Johnson,thomas.johnson4353@shop.io,BR,2021-11-10,Premium,32912.77
4354,Emma Jones,emma.jones4354@example.com,DE,2022-02-21,Basic,40813.91
4355,Richard Martinez,richard.martinez4355@shop.io,US,2019-08-16,Basic,8867.64
4356,Noah Davis,noah.davis4356@example.com,FR,2020-11-11,Premium,23621.89
4357,Sophia Lopez,sophia.lopez4357@customer.net,IN,2023-03-27,Premium,30358.28
4358,John Brown,john.brown4358@shop.io,CA,2024-08-15,Premium,37449.49
4359,Emma Rodriguez,emma.rodriguez4359@mail.com,UK,2023-11-06,Basic,10235.85
4360,Elizabeth Davis,elizabeth.davis4360@customer.net,MX,2022-03-06,Premium,45776.03
4361,John Johnson,john.johnson4361@mail.com,MX,2023-06-05,Standard,6023.25
4362,Emma Brown,emma.brown4362@shop.io,US,2022-07-30,Premium,34197.66
4363,Patricia Perez,patricia.perez4363@customer.net,MX,2019-06-03,Standard,45172.16
4364,David Williams,david.williams4364@customer.net,FR,2019-10-25,Basic,5665.98
4365,Susan Jones,susan.jones4365@example.com,US,2023-08-25,Standard,11506.54
4366,Karen Jones,karen.jones4366@mail.com,UK,2024-08-28,Basic,12384.66
4367,Charles Williams,charles.williams4367@shop.io,JP,2020-06-11,Basic,23079.41
4368,Sophia Thomas,sophia.thomas4368@example.com,US,2022-01-10,Premium,28287.51
4369,Oliver Anderson,oliver.anderson4369@customer.net,US,2022-12-16,Basic,14671.67
4370,Karen Martin,karen.martin4370@example.com,AU,2020-03-15,Premium,12789.34
4371,David Johnson,david.johnson4371@example.com,DE,2018-01-25,Premium,38828.07
4372,Richard Taylor,richard.taylor4372@mail.com,BR,2023-07-18,Basic,30684.59
4373,Michael Martinez,michael.martinez4373@shop.io,US,2019-11-28,Basic,15878.79
4374,Richard Anderson,richard.anderson4374@customer.net,US,2020-08-31,Basic,38977.65
4375,William Smith,william.smith4375@mail.com,CA,2022-07-30,Basic,34519.70
4376,Oliver Lopez,oliver.lopez4376@shop.io,UK,2024-01-07,Basic,36207.70
4377,Linda Wilson,linda.wilson4377@example.com,US,2018-11-06,Premium,41522.21
4378,Oliver Jones,oliver.jones4378@customer.net,DE,2018-10-21,Premium,43580.23
4379,David Brown,david.brown4379@mail.com,FR,2021-02-24,Standard,3099.31
4380,Sarah Martinez,sarah.martinez4380@mail.com,DE,2018-01-12,Premium,11827.57
4381,Oliver Moore,oliver.moore4381@mail.com,AU,2020-08-24,Premium,1673.16
4382,Sarah Miller,sarah.miller4382@example.com,IN,2023-11-13,Premium,36210.87
4383,Emma Wilson,emma.wilson4383@mail.com,IN,2018-02-07,Premium,26919.80
4384,Oliver Perez,oliver.perez4384@example.com,JP,2020-10-02,Basic,19080.74
4385,James Anderson,james.anderson4385@shop.io,JP,2022-10-21,Standard,9290.94
4386,Mary Smith,mary.smith4386@shop.io,DE,2018-11-27,Standard,34967.59
4387,Patricia Johnson,patricia.johnson4387@customer.net,US,2023-02-14,Premium,21741.71
4388,William Moore,william.moore4388@shop.io,US,2025-05-03,Basic,26703.33
4389,Karen Hernandez,karen.hernandez4389@example.com,DE,2020-06-06,Standard,420.35
4390,Barbara Williams,barbara.williams4390@example.com,MX,2018-11-26,Basic,13315.08
4391,Emma Martinez,emma.martinez4391@shop.io,CA,2022-01-28,Standard,30314.84
4392,Robert Martin,robert.martin4392@customer.net,AU,2021-10-18,Standard,41152.85
4393,Karen Garcia,karen.garcia4393@customer.net,IN,2023-08-04,Premium,11892.73
4394,Joseph Perez,joseph.perez4394@example.com,BR,2023-08-12,Standard,37529.16
4395,Susan Davis,susan.davis4395@shop.io,IN,2019-03-13,Premium,37135.04
4396,Sophia Gonzalez,sophia.gonzalez4396@customer.net,BR,2020-06-15,Premium,18675.53
4397,Jessica Miller,jessica.miller4397@customer.net,UK,2020-03-12,Basic,42318.75
4398,Thomas Thomas,thomas.thomas4398@shop.io,US,2019-11-11,Basic,7075.51
4399,Oliver Lee,oliver.lee4399@shop.io,IN,2018-10-09,Standard,14926.25
4400,Richard Gonzalez,richard.gonzalez4400@mail.com,JP,2022-10-04,Premium,36403.30
4401,James Martinez,james.martinez4401@example.com,UK,2023-02-16,Standard,38978.84
4402,Oliver Martinez,oliver.martinez4402@mail.com,UK,2022-03-15,Premium,14846.52
4403,Linda Brown,linda.brown4403@customer.net,BR,2022-09-23,Premium,44370.03
4404,Susan Rodriguez,susan.rodriguez4404@customer.net,US,2020-10-22,Standard,15728.36
4405,Sarah Jackson,sarah.jackson4405@customer.net,MX,2023-09-23,Standard,46355.93
4406,Michael Gonzalez,michael.gonzalez4406@mail.com,US,2018-04-26,Standard,27110.05
4407,Jessica Perez,jessica.perez4407@mail.com,IN,2020-07-18,Basic,42162.66
4408,Sophia Lopez,sophia.lopez4408@mail.com,DE,2024-08-29,Premium,33099.89
4409,Jennifer Thomas,jennifer.thomas4409@example.com,IN,2021-09-12,Basic,11230.40
4410,John Johnson,john.johnson4410@shop.io,US,2022-03-25,Basic,46838.40
4411,Robert Jackson,robert.jackson4411@example.com,UK,2024-02-04,Standard,8599.91
4412,Thomas Garcia,thomas.garcia4412@shop.io,JP,2019-05-24,Basic,9709.72
4413,John Moore,john.moore4413@example.com,JP,2024-07-17,Standard,32634.97
4414,Jessica Hernandez,jessica.hernandez4414@customer.net,BR,2024-11-15,Basic,39523.92
4415,Noah Taylor,noah.taylor4415@shop.io,MX,2023-05-09,Standard,29123.60
4416,Joseph Martin,joseph.martin4416@example.com,AU,2019-10-23,Premium,5412.13
4417,Patricia Brown,patricia.brown4417@shop.io,BR,2022-08-04,Standard,49393.44
4418,Barbara Taylor,barbara.taylor4418@example.com,BR,2024-12-13,Basic,33179.18
4419,James Wilson,james.wilson4419@example.com,JP,2020-05-15,Basic,40059.35
4420,Ava Hernandez,ava.hernandez4420@customer.net,FR,2019-01-23,Standard,10085.80
4421,Patricia Garcia,patricia.garcia4421@customer.net,AU,2021-12-14,Standard,40917.00
4422,Noah Wilson,noah.wilson4422@example.com,IN,2024-09-10,Standard,30479.23
4423,Michael Thomas,michael.thomas4423@example.com,UK,2024-06-08,Premium,26325.23
4424,Ava Thompson,ava.thompson4424@example.com,IN,2023-12-13,Premium,34915.19
4425,Patricia Miller,patricia.miller4425@example.com,JP,2018-11-11,Standard,49556.29
4426,Barbara Miller,barbara.miller4426@mail.com,UK,2022-05-13,Premium,40143.53
4427,Ava Miller,ava.miller4427@customer.net,UK,2020-09-18,Premium,23563.30
4428,Thomas Hernandez,thomas.hernandez4428@shop.io,MX,2018-05-31,Premium,15592.56
4429,Karen Johnson,karen.johnson4429@mail.com,JP,2019-11-01,Basic,17927.13
4430,Elizabeth Lopez,elizabeth.lopez4430@shop.io,BR,2020-07-10,Standard,34772.74
4431,Linda Perez,linda.perez4431@example.com,DE,2023-05-28,Standard,49959.60
4432,Michael Martin,michael.martin4432@mail.com,DE,2021-08-12,Standard,5381.48
4433,William Williams,william.williams4433@mail.com,AU,2024-04-03,Premium,31504.57
4434,William Thomas,william.thomas4434@customer.net,DE,2019-03-12,Basic,49573.73
4435,Ava Miller,ava.miller4435@customer.net,US,2019-05-13,Basic,27145.79
4436,Linda Jackson,linda.jackson4436@shop.io,AU,2020-11-23,Premium,41258.24
4437,Noah Moore,noah.moore4437@shop.io,AU,2020-08-15,Premium,15766.17
4438,Michael Johnson,michael.johnson4438@mail.com,US,2023-04-11,Basic,20057.14
4439,Oliver Hernandez,oliver.hernandez4439@example.com,MX,2022-10-22,Basic,33113.93
4440,Barbara Jackson,barbara.jackson4440@customer.net,DE,2025-01-22,Standard,45741.85
4441,Mary Moore,mary.moore4441@mail.com,UK,2023-03-03,Standard,31838.95
4442,Michael Hernandez,michael.hernandez4442@example.com,IN,2022-06-29,Basic,3312.16
4443,Michael Miller,michael.miller4443@customer.net,FR,2022-10-23,Standard,1536.26
4444,Ava Jones,ava.jones4444@example.com,JP,2025-05-14,Premium,35359.95
4445,James Thompson,james.thompson4445@mail.com,CA,2019-06-28,Basic,8665.38
4446,Jennifer Rodriguez,jennifer.rodriguez4446@example.com,MX,2023-11-22,Basic,11553.75
4447,Mary Wilson,mary.wilson4447@mail.com,DE,2020-08-19,Standard,15702.29
4448,James Brown,james.brown4448@example.com,CA,2021-04-03,Standard,8492.97
4449,Sophia Moore,sophia.moore4449@shop.io,DE,2025-06-29,Premium,7951.36
4450,William Davis,william.davis4450@shop.io,US,2024-09-27,Standard,22016.99
4451,Barbara Thompson,barbara.thompson4451@example.com,UK,2025-06-30,Basic,25786.21
4452,Oliver Williams,oliver.williams4452@shop.io,IN,2021-01-27,Premium,30673.15
4453,Charles Martinez,charles.martinez4453@example.com,CA,2023-07-21,Standard,9701.03
4454,Sarah Martin,sarah.martin4454@example.com,FR,2023-03-30,Premium,16063.95
4455,Emma Jones,emma.jones4455@shop.io,AU,2019-01-18,Basic,31708.54
4456,Mary Taylor,mary.taylor4456@mail.com,IN,2018-11-08,Basic,45100.70
4457,Sophia Williams,sophia.williams4457@example.com,FR,2021-07-27,Standard,16044.29
4458,William Garcia,william.garcia4458@mail.com,US,2025-02-10,Premium,12168.91
4459,Richard Thompson,richard.thompson4459@customer.net,IN,2024-07-16,Basic,46833.41
4460,Susan Martin,susan.martin4460@mail.com,DE,2024-05-23,Standard,11763.01
4461,Sarah Gonzalez,sarah.gonzalez4461@example.com,MX,2020-10-21,Premium,41754.73
4462,Emma Moore,emma.moore4462@mail.com,MX,2018-03-08,Basic,39673.16
4463,Elizabeth Jones,elizabeth.jones4463@shop.io,DE,2021-04-19,Premium,18989.48
4464,Oliver Garcia,oliver.garcia4464@mail.com,CA,2022-08-07,Premium,10158.43
4465,Elizabeth Perez,elizabeth.perez4465@mail.com,FR,2020-11-20,Premium,23684.72
4466,Patricia Taylor,patricia.taylor4466@customer.net,IN,2024-11-12,Standard,36609.56
4467,Thomas Wilson,thomas.wilson4467@shop.io,CA,2019-12-21,Standard,12529.56
4468,Sarah Garcia,sarah.garcia4468@customer.net,MX,2019-07-02,Basic,16555.49
4469,James Anderson,james.anderson4469@shop.io,FR,2021-10-24,Premium,28923.12
4470,Barbara Garcia,barbara.garcia4470@shop.io,MX,2021-01-19,Standard,42192.04
4471,James Davis,james.davis4471@customer.net,MX,2022-09-25,Standard,16405.28
4472,David Martin,david.martin4472@example.com,JP,2022-07-17,Standard,2335.60
4473,Joseph Brown,joseph.brown4473@mail.com,US,2018-06-04,Basic,39928.66
4474,David Rodriguez,david.rodriguez4474@mail.com,BR,2023-09-15,Standard,10692.10
4475,William Martinez,william.martinez4475@customer.net,IN,2023-10-16,Standard,21542.00
4476,Charles Moore,charles.moore4476@shop.io,JP,2018-03-09,Standard,35069.72
4477,Joseph Thompson,joseph.thompson4477@example.com,IN,2024-07-21,Premium,4341.68
4478,William Martin,william.martin4478@customer.net,UK,2018-11-27,Premium,48172.35
4479,Michael Taylor,michael.taylor4479@shop.io,JP,2019-02-25,Standard,19670.23
4480,Barbara Wilson,barbara.wilson4480@customer.net,AU,2018-01-01,Basic,17001.45
4481,Sarah Taylor,sarah.taylor4481@customer.net,US,2019-01-28,Standard,24620.59
4482,Elizabeth Rodriguez,elizabeth.rodriguez4482@mail.com,FR,2021-03-09,Basic,10453.61
4483,Barbara Martin,barbara.martin4483@customer.net,MX,2023-10-20,Standard,1030.46
4484,William Hernandez,william.hernandez4484@example.com,AU,2022-08-03,Standard,42857.91
4485,Charles Davis,charles.davis4485@customer.net,AU,2021-06-27,Premium,6872.15
4486,Ava Rodriguez,ava.rodriguez4486@mail.com,BR,2022-11-16,Premium,23634.28
4487,Ava Moore,ava.moore4487@mail.com,AU,2022-12-31,Premium,15103.07
4488,Mary Jones,mary.jones4488@shop.io,US,2020-09-12,Basic,16253.93
4489,Ava Thomas,ava.thomas4489@customer.net,DE,2022-03-22,Standard,25756.69
4490,John Lee,john.lee4490@customer.net,FR,2023-10-20,Basic,14447.35
4491,Linda Wilson,linda.wilson4491@example.com,IN,2020-03-13,Standard,25656.23
4492,Linda Smith,linda.smith4492@example.com,US,2018-11-22,Premium,22019.82
4493,Charles Gonzalez,charles.gonzalez4493@shop.io,UK,2024-11-05,Basic,10498.97
4494,Sophia Martinez,sophia.martinez4494@shop.io,DE,2023-06-29,Standard,17578.88
4495,Richard Thomas,richard.thomas4495@example.com,FR,2022-05-06,Standard,20806.20
4496,Mary Miller,,FR,2020-11-05,Standard,34032.13
4497,Michael Lee,michael.lee4497@shop.io,IN,2023-09-15,Basic,18938.24
4498,Noah Thompson,noah.thompson4498@mail.com,FR,2019-03-06,Basic,3689.77
4499,Robert Miller,robert.miller4499@mail.com,AU,2022-12-07,Basic,21141.77
4500,Jessica Thompson,jessica.thompson4500@example.com,JP,2020-06-19,Premium,44306.84
4501,Elizabeth Rodriguez,elizabeth.rodriguez4501@shop.io,JP,2023-03-06,Standard,8735.66
4502,Susan Jones,susan.jones4502@customer.net,FR,2022-05-27,Standard,26955.31
4503,Ava Johnson,ava.johnson4503@customer.net,JP,2020-12-21,Standard,48312.80
4504,Barbara Martin,barbara.martin4504@shop.io,CA,2025-04-16,Premium,47053.35
4505,Thomas Thompson,thomas.thompson4505@shop.io,DE,2024-08-03,Standard,42437.23
4506,Joseph Anderson,joseph.anderson4506@shop.io,US,2020-09-10,Standard,19525.74
4507,Susan Moore,susan.moore4507@customer.net,CA,2018-04-13,Standard,43618.75
4508,James Thomas,james.thomas4508@customer.net,JP,2021-12-23,Premium,15475.45
4509,Joseph Lopez,joseph.lopez4509@mail.com,CA,2018-12-28,Premium,15922.79
4510,Jessica Miller,jessica.miller4510@mail.com,US,2024-12-22,Basic,3003.62
4511,Mary Lee,mary.lee4511@example.com,MX,2021-02-11,Basic,1771.51
4512,Susan Lopez,susan.lopez4512@customer.net,AU,2023-09-05,Premium,12184.19
4513,Elizabeth Rodriguez,elizabeth.rodriguez4513@shop.io,FR,2023-11-22,Standard,32769.23
4514,Susan Lopez,susan.lopez4514@mail.com,AU,2020-01-09,Premium,43259.46
4515,Robert Wilson,robert.wilson4515@customer.net,US,2025-01-29,Basic,45779.53
4516,Oliver Smith,oliver.smith4516@example.com,CA,2023-03-26,Premium,42787.80
4517,Charles Williams,charles.williams4517@example.com,US,2020-10-02,Standard,29287.22
4518,Sophia Perez,sophia.perez4518@shop.io,IN,2018-11-15,Premium,30040.35
4519,Sophia Martin,sophia.martin4519@customer.net,AU,2018-11-26,Premium,27426.16
4520,Oliver Hernandez,oliver.hernandez4520@mail.com,JP,2021-02-07,Standard,21376.62
4521,Elizabeth Martinez,elizabeth.martinez4521@customer.net,JP,2022-10-08,Premium,25585.26
4522,Sophia Lee,sophia.lee4522@customer.net,BR,2023-06-18,Basic,102.99
4523,Noah Anderson,noah.anderson4523@customer.net,IN,2025-04-20,Standard,27423.24
4524,Robert Thompson,robert.thompson4524@example.com,AU,2019-06-30,Standard,20265.39
4525,Karen Jackson,karen.jackson4525@shop.io,US,2023-11-28,Basic,30979.32
4526,William Thompson,william.thompson4526@mail.com,FR,2020-08-06,Premium,36526.74
4527,Charles Thompson,charles.thompson4527@mail.com,JP,2022-09-28,Standard,42782.73
4528,David Rodriguez,david.rodriguez4528@customer.net,FR,2024-12-27,Basic,21174.31
4529,Robert Williams,robert.williams4529@shop.io,US,2021-12-23,Premium,10892.44
4530,John Moore,john.moore4530@customer.net,IN,2018-05-13,Standard,24279.21
4531,Joseph Davis,joseph.davis4531@mail.com,BR,2024-08-16,Premium,12741.19
4532,Noah Taylor,noah.taylor4532@shop.io,DE,2020-12-05,Standard,15031.69
4533,Elizabeth Jones,elizabeth.jones4533@example.com,FR,2021-09-02,Basic,13196.53
4534,Patricia Smith,patricia.smith4534@mail.com,FR,2023-08-29,Standard,32292.46
4535,Barbara Williams,barbara.williams4535@customer.net,IN,2021-06-24,Standard,24005.39
4536,Patricia Miller,patricia.miller4536@example.com,FR,2022-02-10,Premium,25323.57
4537,Michael Smith,michael.smith4537@mail.com,AU,2023-10-07,Standard,9860.21
4538,Susan Hernandez,susan.hernandez4538@example.com,AU,2020-05-10,Basic,46789.67
4539,Sophia Moore,sophia.moore4539@shop.io,DE,2019-05-03,Standard,27563.82
4540,David Hernandez,david.hernandez4540@example.com,MX,2023-11-11,Standard,35323.50
4541,Oliver Williams,oliver.williams4541@mail.com,BR,2022-03-17,Standard,18114.19
4542,Thomas Brown,thomas.brown4542@customer.net,JP,2021-11-14,Basic,8972.94
4543,Sarah Miller,sarah.miller4543@example.com,MX,2020-06-21,Standard,26671.42
4544,Charles Williams,charles.williams4544@example.com,US,2020-03-14,Basic,3345.03
4545,William Gonzalez,william.gonzalez4545@mail.com,CA,2019-06-05,Basic,30374.34
4546,Jennifer Martinez,jennifer.martinez4546@mail.com,UK,2024-10-27,Standard,28754.24
4547,Noah Davis,noah.davis4547@example.com,MX,2019-02-21,Premium,3259.38
4548,David Jones,david.jones4548@customer.net,FR,2021-04-24,Premium,49508.29
4549,Elizabeth Gonzalez,elizabeth.gonzalez4549@example.com,FR,2020-10-18,Premium,16683.77
4550,Emma Lopez,emma.lopez4550@shop.io,FR,2018-08-10,Premium,16104.31
4551,Mary Miller,mary.miller4551@example.com,CA,2021-04-30,Premium,22544.03
4552,Sarah Williams,sarah.williams4552@example.com,US,2024-11-30,Basic,20422.62
4553,Karen Moore,karen.moore4553@shop.io,AU,2021-08-02,Standard,20398.18
4554,Ava Wilson,ava.wilson4554@mail.com,CA,2021-08-26,Standard,6072.00
4555,Sarah Garcia,sarah.garcia4555@example.com,DE,2022-07-24,Basic,42898.57
4556,Karen Rodriguez,karen.rodriguez4556@shop.io,DE,2018-08-14,Standard,15408.62
4557,John Martin,john.martin4557@example.com,US,2022-09-14,Premium,45894.12
4558,Noah Gonzalez,noah.gonzalez4558@customer.net,MX,2019-01-18,Premium,3037.78
4559,Sophia Thompson,sophia.thompson4559@mail.com,DE,2025-06-13,Standard,6786.48
4560,Noah Brown,noah.brown4560@customer.net,BR,2019-08-03,Standard,41228.91
4561,Robert Jones,robert.jones4561@example.com,JP,2021-12-28,Basic,20165.21
4562,Emma Gonzalez,emma.gonzalez4562@customer.net,DE,2018-05-05,Basic,9758.28
4563,William Thomas,william.thomas4563@example.com,US,2018-02-15,Standard,28478.28
4564,Robert Perez,robert.perez4564@shop.io,JP,2019-06-15,Premium,27608.28
4565,Joseph Johnson,joseph.johnson4565@mail.com,DE,2019-08-21,Premium,2426.66
4566,Emma Perez,emma.perez4566@customer.net,CA,2024-04-08,Standard,30822.66
4567,Noah Jones,noah.jones4567@shop.io,FR,2024-03-29,Standard,46969.84
4568,Robert Martin,robert.martin4568@shop.io,UK,2021-04-24,Standard,9394.69
4569,Ava Johnson,ava.johnson4569@shop.io,BR,2025-03-16,Premium,35354.20
4570,Robert Lee,robert.lee4570@customer.net,US,2022-04-06,Premium,14473.00
4571,James Garcia,james.garcia4571@mail.com,CA,2018-02-22,Standard,39180.46
4572,Elizabeth Thomas,elizabeth.thomas4572@shop.io,JP,2022-06-23,Basic,48988.53
4573,David Johnson,david.johnson4573@example.com,CA,2018-12-08,Basic,25183.55
4574,Noah Jackson,noah.jackson4574@shop.io,IN,2022-05-26,Basic,13053.30
4575,Mary Brown,mary.brown4575@customer.net,AU,2025-01-12,Standard,21627.61
4576,Robert Davis,robert.davis4576@customer.net,BR,2023-09-15,Basic,22195.59
4577,Richard Lopez,richard.lopez4577@customer.net,MX,2024-12-28,Premium,3796.04
4578,Richard Perez,richard.perez4578@example.com,IN,2025-04-04,Premium,44263.94
4579,Robert Jackson,robert.jackson4579@example.com,UK,2019-02-05,Basic,43419.99
4580,Sarah Gonzalez,sarah.gonzalez4580@example.com,CA,2023-05-29,Basic,13927.00
4581,Sophia Anderson,sophia.anderson4581@example.com,MX,2024-11-25,Premium,10794.52
4582,James Miller,james.miller4582@shop.io,UK,2020-11-16,Basic,29384.48
4583,Sophia Hernandez,sophia.hernandez4583@mail.com,BR,2019-11-22,Basic,28519.93
4584,Elizabeth Williams,elizabeth.williams4584@example.com,CA,2023-02-26,Basic,36580.73
4585,Barbara Davis,barbara.davis4585@shop.io,JP,2019-06-09,Basic,12044.49
4586,Barbara Williams,barbara.williams4586@customer.net,JP,2020-05-30,Basic,2909.14
4587,Charles Hernandez,charles.hernandez4587@mail.com,DE,2025-05-17,Basic,19752.77
4588,James Moore,james.moore4588@shop.io,BR,2023-10-19,Standard,40753.15
4589,Thomas Wilson,thomas.wilson4589@shop.io,IN,2025-05-30,Premium,29690.75
4590,Jennifer Lopez,jennifer.lopez4590@mail.com,DE,2023-11-23,Premium,35873.51
4591,James Brown,james.brown4591@mail.com,DE,2020-10-02,Standard,10562.46
4592,Susan Taylor,susan.taylor4592@shop.io,IN,2024-01-02,Basic,14971.50
4593,Susan Thomas,susan.thomas4593@customer.net,JP,2023-08-20,Premium,30579.50
4594,Richard Rodriguez,richard.rodriguez4594@shop.io,BR,2020-06-15,Standard,48680.93
4595,Noah Rodriguez,noah.rodriguez4595@shop.io,MX,2023-04-30,Standard,7413.31
4596,Linda Lopez,linda.lopez4596@mail.com,UK,2023-05-11,Standard,44871.42
4597,Oliver Thompson,oliver.thompson4597@shop.io,MX,2025-01-18,Premium,46195.90
4598,Ava Martin,ava.martin4598@customer.net,CA,2024-01-11,Basic,22921.96
4599,William Williams,william.williams4599@example.com,CA,2023-11-27,Standard,34226.81
4600,Jennifer Wilson,jennifer.wilson4600@customer.net,AU,2019-05-08,Basic,32630.49
4601,Karen Martin,karen.martin4601@customer.net,IN,2020-11-19,Standard,11278.58
4602,Karen Wilson,karen.wilson4602@shop.io,AU,2018-10-22,Standard,38954.61
4603,Susan Martinez,susan.martinez4603@example.com,MX,2022-07-10,Standard,26516.48
4604,Susan Davis,susan.davis4604@example.com,US,2024-05-06,Premium,17613.02
4605,Thomas Garcia,thomas.garcia4605@example.com,UK,2022-06-11,Premium,41872.46
4606,John Hernandez,john.hernandez4606@customer.net,DE,2019-12-08,Standard,7314.72
4607,Thomas Rodriguez,thomas.rodriguez4607@mail.com,CA,2025-06-07,Basic,8452.91
4608,Richard Wilson,richard.wilson4608@example.com,MX,2025-01-18,Basic,38337.97
4609,Susan Lee,susan.lee4609@example.com,UK,2025-02-08,Basic,48544.32
4610,William Smith,william.smith4610@mail.com,FR,2021-05-13,Basic,349.90
4611,David Davis,david.davis4611@customer.net,FR,2022-03-15,Basic,20016.68
4612,Noah Thomas,noah.thomas4612@example.com,AU,2021-08-29,Standard,13701.02
4613,James Lopez,james.lopez4613@mail.com,MX,2019-09-24,Standard,2141.05
4614,Susan Thomas,susan.thomas4614@shop.io,IN,2025-02-05,Basic,6975.53
4615,Robert Johnson,robert.johnson4615@shop.io,FR,2022-06-07,Basic,42643.04
4616,Elizabeth Martin,elizabeth.martin4616@example.com,UK,2024-09-20,Basic,7742.53
4617,Thomas Lopez,thomas.lopez4617@customer.net,JP,2025-01-10,Basic,7762.84
4618,Thomas Lopez,thomas.lopez4618@example.com,DE,2018-12-17,Standard,48495.50
4619,Noah Lee,noah.lee4619@mail.com,BR,2020-10-04,Premium,33711.52
4620,Joseph Hernandez,joseph.hernandez4620@shop.io,BR,2019-07-23,Premium,45717.86
4621,Richard Garcia,richard.garcia4621@customer.net,CA,2020-06-10,Basic,18601.94
4622,Jessica Lee,jessica.lee4622@shop.io,CA,2022-06-08,Premium,22345.97
4623,Karen Smith,karen.smith4623@customer.net,AU,2018-12-03,Basic,39085.69
4624,Charles Thompson,charles.thompson4624@example.com,MX,2023-08-30,Premium,22858.63
4625,Barbara Lopez,barbara.lopez4625@example.com,DE,2024-06-03,Basic,34430.81
4626,Elizabeth Brown,elizabeth.brown4626@shop.io,MX,2019-11-08,Standard,10379.83
4627,Patricia Wilson,patricia.wilson4627@shop.io,MX,2024-01-27,Premium,26048.67
4628,Oliver Davis,oliver.davis4628@shop.io,MX,2023-05-04,Standard,22054.74
4629,Susan Lopez,susan.lopez4629@customer.net,AU,2024-07-13,Premium,24122.29
4630,Barbara Hernandez,barbara.hernandez4630@shop.io,MX,2020-12-14,Basic,39710.19
4631,Michael Lee,michael.lee4631@shop.io,FR,2022-11-05,Basic,23590.45
4632,Jessica Brown,jessica.brown4632@shop.io,IN,2024-04-27,Premium,47542.39
4633,Noah Smith,noah.smith4633@shop.io,MX,2018-08-09,Standard,20305.27
4634,Ava Davis,ava.davis4634@shop.io,UK,2021-11-17,Premium,18061.10
4635,Joseph Anderson,joseph.anderson4635@example.com,US,2025-06-12,Premium,5578.51
4636,David Lee,david.lee4636@shop.io,JP,2023-02-07,Premium,38348.33
4637,Karen Rodriguez,karen.rodriguez4637@mail.com,UK,2025-05-24,Standard,34742.29
4638,Jessica Jones,jessica.jones4638@mail.com,AU,2022-02-05,Standard,48100.01
4639,David Gonzalez,david.gonzalez4639@shop.io,UK,2020-07-03,Standard,13591.14
4640,Noah Lee,noah.lee4640@customer.net,CA,2019-01-26,Standard,26744.96
4641,Emma Lopez,emma.lopez4641@customer.net,FR,2024-12-12,Basic,15772.28
4642,Linda Jones,linda.jones4642@shop.io,AU,2021-12-02,Basic,980.88
4643,Sophia Perez,sophia.perez4643@shop.io,JP,2024-09-14,Standard,41659.92
4644,Barbara Taylor,barbara.taylor4644@example.com,IN,2022-07-07,Premium,7853.66
4645,Thomas Rodriguez,thomas.rodriguez4645@example.com,FR,2022-08-09,Premium,11992.97
4646,Noah Lee,noah.lee4646@shop.io,JP,2018-01-08,Standard,1010.32
4647,Patricia Rodriguez,patricia.rodriguez4647@customer.net,MX,2022-12-27,Basic,35844.23
4648,William Thomas,william.thomas4648@customer.net,FR,2021-04-06,Premium,27842.95
4649,Ava Hernandez,ava.hernandez4649@shop.io,US,2023-10-24,Basic,10915.93
4650,Elizabeth Lopez,elizabeth.lopez4650@customer.net,US,2019-05-18,Standard,1367.37
4651,Karen Gonzalez,karen.gonzalez4651@example.com,US,2018-11-15,Standard,17461.93
4652,Oliver Smith,oliver.smith4652@example.com,UK,2022-12-01,Basic,1859.77
4653,Richard Anderson,richard.anderson4653@shop.io,MX,2018-05-17,Standard,27195.50
4654,Ava Martin,ava.martin4654@mail.com,BR,2021-07-04,Standard,34027.21
4655,Richard Thompson,richard.thompson4655@mail.com,UK,2022-02-04,Basic,40540.06
4656,Linda Perez,linda.perez4656@customer.net,JP,2022-07-04,Basic,12574.33
4657,Michael Wilson,michael.wilson4657@customer.net,FR,2022-02-16,Basic,39799.62
4658,Ava Taylor,ava.taylor4658@customer.net,US,2023-06-27,Premium,22777.28
4659,Robert Moore,robert.moore4659@mail.com,CA,2018-12-16,Premium,11601.15
4660,Barbara Brown,barbara.brown4660@mail.com,MX,2018-01-30,Premium,13678.03
4661,Mary Martin,mary.martin4661@customer.net,CA,2019-11-07,Standard,31799.11
4662,Karen Davis,karen.davis4662@customer.net,IN,2020-07-10,Standard,24041.22
4663,Sophia Jackson,sophia.jackson4663@customer.net,JP,2018-09-14,Basic,13474.70
4664,James Miller,james.miller4664@example.com,US,2023-02-12,Basic,36073.73
4665,Barbara Lee,barbara.lee4665@customer.net,AU,2024-04-15,Premium,19552.61
4666,James Taylor,james.taylor4666@mail.com,AU,2020-01-14,Basic,20812.52
4667,Noah Thomas,noah.thomas4667@shop.io,UK,2019-08-03,Basic,43212.76
4668,Thomas Gonzalez,thomas.gonzalez4668@customer.net,MX,2019-03-01,Premium,40531.36
4669,Oliver Jones,oliver.jones4669@mail.com,DE,2018-11-06,Standard,31368.48
4670,Jennifer Hernandez,jennifer.hernandez4670@mail.com,IN,2018-12-05,Premium,29320.48
4671,Emma Moore,emma.moore4671@mail.com,AU,2024-12-09,Standard,19776.29
4672,Sophia Hernandez,sophia.hernandez4672@customer.net,CA,2025-01-21,Basic,13715.13
4673,Barbara Thompson,barbara.thompson4673@mail.com,DE,2022-03-16,Basic,40966.70
4674,William Martinez,william.martinez4674@example.com,UK,2023-11-04,Premium,39884.89
4675,Ava Moore,ava.moore4675@shop.io,UK,2020-05-25,Standard,46076.17
4676,Michael Taylor,michael.taylor4676@example.com,AU,2019-08-15,Premium,10383.27
4677,Emma Lee,emma.lee4677@example.com,MX,2020-06-05,Standard,41891.31
4678,Noah Wilson,noah.wilson4678@shop.io,UK,2024-01-09,Standard,43111.56
4679,John Rodriguez,john.rodriguez4679@customer.net,DE,2019-11-11,Premium,47311.31
4680,William Perez,william.perez4680@mail.com,FR,2020-09-22,Standard,13421.45
4681,Mary Brown,mary.brown4681@example.com,DE,2022-12-20,Premium,27130.96
4682,Richard Smith,richard.smith4682@mail.com,US,2023-09-13,Standard,43934.63
4683,Richard Martinez,richard.martinez4683@customer.net,JP,2018-07-09,Basic,28693.19
4684,Susan Perez,susan.perez4684@customer.net,IN,2019-03-21,Basic,11938.19
4685,Joseph Gonzalez,joseph.gonzalez4685@mail.com,MX,2022-03-09,Premium,24210.82
4686,Emma Thomas,emma.thomas4686@example.com,IN,2020-01-30,Premium,24999.48
4687,Mary Martinez,mary.martinez4687@customer.net,BR,2018-07-22,Basic,15060.23
4688,Thomas Gonzalez,thomas.gonzalez4688@mail.com,US,2020-07-15,Basic,8175.58
4689,Elizabeth Lee,elizabeth.lee4689@shop.io,IN,2020-11-17,Basic,21527.04
4690,Elizabeth Brown,elizabeth.brown4690@example.com,IN,2018-06-01,Standard,35924.40
4691,Oliver Davis,oliver.davis4691@example.com,IN,2020-10-21,Basic,1756.20
4692,Charles Thompson,charles.thompson4692@customer.net,US,2020-07-28,Standard,6621.35
4693,Oliver Brown,oliver.brown4693@customer.net,US,2019-05-21,Basic,3550.65
4694,Barbara Moore,barbara.moore4694@example.com,FR,2022-06-15,Basic,7195.85
4695,Richard Anderson,richard.anderson4695@example.com,JP,2021-02-09,Premium,5981.50
4696,David Davis,david.davis4696@example.com,MX,2020-10-16,Basic,45076.27
4697,Noah Jones,noah.jones4697@shop.io,DE,2022-07-03,Premium,7115.72
4698,Patricia Wilson,patricia.wilson4698@example.com,BR,2023-09-21,Standard,18405.23
4699,William Taylor,william.taylor4699@example.com,DE,2024-10-07,Premium,10029.44
4700,Barbara Moore,barbara.moore4700@mail.com,BR,2021-05-05,Premium,34153.90
4701,Karen Lee,karen.lee4701@example.com,US,2022-07-31,Standard,22486.86
4702,David Williams,david.williams4702@customer.net,CA,2021-10-16,Standard,18931.35
4703,Michael Thompson,michael.thompson4703@shop.io,UK,2018-04-17,Premium,36746.78
4704,Elizabeth Johnson,elizabeth.johnson4704@example.com,DE,2024-02-03,Premium,9550.98
4705,Charles Hernandez,charles.hernandez4705@shop.io,BR,2025-02-13,Basic,35356.02
4706,Charles Jackson,charles.jackson4706@example.com,FR,2021-10-20,Basic,22744.41
4707,Jessica Thomas,jessica.thomas4707@example.com,JP,2018-04-20,Premium,1729.65
4708,Susan Taylor,susan.taylor4708@customer.net,US,2024-06-05,Standard,3778.32
4709,William Thompson,william.thompson4709@customer.net,US,2021-09-13,Premium,48162.49
4710,William Moore,william.moore4710@mail.com,BR,2024-08-16,Standard,10520.81
4711,Joseph Gonzalez,joseph.gonzalez4711@shop.io,UK,2024-04-01,Standard,38221.80
4712,Richard Anderson,richard.anderson4712@customer.net,IN,2018-09-06,Premium,19449.90
4713,Linda Martinez,linda.martinez4713@shop.io,MX,2023-02-07,Basic,31787.61
4714,Linda Williams,linda.williams4714@customer.net,FR,2018-07-02,Premium,11367.33
4715,William Jackson,william.jackson4715@customer.net,JP,2021-09-27,Standard,44817.23
4716,William Hernandez,william.hernandez4716@example.com,US,2021-05-22,Basic,14117.21
4717,Sarah Johnson,sarah.johnson4717@shop.io,JP,2020-06-08,Premium,27115.92
4718,Barbara Gonzalez,barbara.gonzalez4718@example.com,AU,2021-03-31,Premium,24234.07
4719,Joseph Martin,joseph.martin4719@shop.io,MX,2021-05-09,Standard,20736.47
4720,Patricia Brown,patricia.brown4720@example.com,US,2023-06-06,Basic,23685.55
4721,Elizabeth Anderson,elizabeth.anderson4721@shop.io,CA,2021-12-09,Standard,17136.88
4722,Robert Taylor,robert.taylor4722@customer.net,DE,2019-11-13,Standard,34187.85
4723,Michael Martinez,michael.martinez4723@shop.io,CA,2018-04-12,Premium,29040.50
4724,Karen Taylor,karen.taylor4724@shop.io,IN,2023-12-05,Standard,37107.98
4725,James Wilson,james.wilson4725@customer.net,MX,2024-09-13,Premium,46116.22
4726,Emma Thompson,emma.thompson4726@customer.net,UK,2020-06-13,Basic,6697.62
4727,Susan Moore,susan.moore4727@customer.net,US,2025-01-03,Standard,44169.27
4728,Joseph Anderson,joseph.anderson4728@shop.io,JP,2018-06-17,Basic,10335.52
4729,Charles Wilson,charles.wilson4729@mail.com,IN,2020-07-01,Standard,23474.94
4730,Jennifer Anderson,jennifer.anderson4730@example.com,UK,2018-08-14,Standard,37988.53
4731,Barbara Brown,barbara.brown4731@mail.com,BR,2024-09-11,Standard,8702.32
4732,Oliver Johnson,oliver.johnson4732@customer.net,BR,2025-04-29,Premium,14442.24
4733,Jennifer Davis,jennifer.davis4733@mail.com,FR,2018-08-01,Premium,10862.19
4734,Charles Davis,charles.davis4734@shop.io,CA,2022-04-02,Premium,39396.15
4735,Ava Smith,ava.smith4735@customer.net,MX,2020-11-25,Basic,11405.63
4736,James Gonzalez,james.gonzalez4736@shop.io,DE,2020-02-21,Standard,21938.53
4737,Richard Hernandez,richard.hernandez4737@mail.com,MX,2021-06-05,Premium,6913.35
4738,David Davis,david.davis4738@customer.net,US,2018-05-16,Standard,43088.14
4739,William Rodriguez,william.rodriguez4739@shop.io,CA,2023-12-18,Standard,39015.62
4740,David Davis,david.davis4740@example.com,UK,2024-06-28,Basic,37696.82
4741,Thomas Smith,thomas.smith4741@shop.io,DE,2022-01-23,Standard,48157.96
4742,Robert Taylor,robert.taylor4742@example.com,AU,2020-10-11,Standard,20568.83
4743,Elizabeth Jones,elizabeth.jones4743@shop.io,AU,2018-05-03,Standard,27900.82
4744,Susan Moore,susan.moore4744@customer.net,BR,2022-06-14,Premium,33968.90
4745,Mary Davis,mary.davis4745@mail.com,DE,2019-05-17,Premium,44396.91
4746,Jessica Johnson,jessica.johnson4746@example.com,MX,2021-08-28,Basic,20124.06
4747,Susan Miller,susan.miller4747@mail.com,BR,2023-04-18,Basic,26271.72
4748,Jessica Garcia,jessica.garcia4748@customer.net,FR,2018-11-09,Standard,40091.79
4749,Elizabeth Jackson,elizabeth.jackson4749@shop.io,IN,2019-12-13,Basic,40889.96
4750,Jessica Perez,jessica.perez4750@customer.net,CA,2021-05-15,Premium,21412.80
4751,Linda Miller,linda.miller4751@mail.com,BR,2024-03-30,Basic,430.80
4752,James Smith,james.smith4752@shop.io,UK,2018-06-19,Premium,26400.84
4753,Elizabeth Hernandez,elizabeth.hernandez4753@example.com,DE,2018-03-28,Premium,34087.16
4754,Noah Thompson,noah.thompson4754@example.com,UK,2023-06-27,Standard,14948.11
4755,William Williams,william.williams4755@customer.net,CA,2023-12-11,Standard,31013.74
4756,Oliver Thompson,oliver.thompson4756@example.com,US,2021-01-07,Standard,20811.11
4757,Joseph Hernandez,joseph.hernandez4757@example.com,UK,2021-12-27,Premium,20347.11
4758,Oliver Jackson,oliver.jackson4758@customer.net,CA,2021-02-03,Premium,41279.30
4759,Linda Gonzalez,linda.gonzalez4759@example.com,JP,2023-12-30,Standard,14688.49
4760,Sarah Miller,sarah.miller4760@mail.com,US,2024-06-04,Standard,25433.66
4761,Jessica Jones,jessica.jones4761@mail.com,BR,2020-06-04,Standard,26791.94
4762,Emma Smith,emma.smith4762@customer.net,US,2018-12-27,Standard,16845.09
4763,Karen Jones,karen.jones4763@mail.com,DE,2022-07-02,Standard,3866.32
4764,Noah Perez,noah.perez4764@shop.io,BR,2019-02-13,Basic,31749.96
4765,James Brown,james.brown4765@shop.io,US,2019-03-14,Basic,21671.04
4766,Karen Thomas,karen.thomas4766@mail.com,US,2024-12-03,Premium,17584.83
4767,Charles Jones,charles.jones4767@example.com,UK,2024-04-22,Premium,27530.46
4768,Noah Lopez,noah.lopez4768@mail.com,FR,2020-07-18,Basic,7554.79
4769,Charles Anderson,charles.anderson4769@example.com,CA,2024-06-14,Basic,42564.72
4770,Sophia Thomas,sophia.thomas4770@shop.io,BR,2019-10-24,Basic,45483.60
4771,David Moore,david.moore4771@shop.io,AU,2019-05-27,Premium,21524.88
4772,Michael Martin,michael.martin4772@customer.net,UK,2021-03-02,Basic,8327.20
4773,James Anderson,james.anderson4773@shop.io,JP,2021-05-24,Basic,42974.64
4774,Elizabeth Garcia,elizabeth.garcia4774@shop.io,BR,2023-03-31,Premium,29182.91
4775,Jennifer Gonzalez,jennifer.gonzalez4775@mail.com,AU,2024-09-28,Premium,25904.86
4776,Sarah Davis,sarah.davis4776@example.com,DE,2021-05-15,Basic,28797.72
4777,Jessica Anderson,jessica.anderson4777@mail.com,IN,2023-03-04,Standard,8675.37
4778,Sophia Rodriguez,sophia.rodriguez4778@shop.io,FR,2025-02-15,Standard,9957.89
4779,David Martinez,david.martinez4779@customer.net,BR,2023-07-23,Premium,30219.70
4780,Richard Lopez,richard.lopez4780@customer.net,UK,2021-10-14,Standard,37658.89
4781,Elizabeth Davis,elizabeth.davis4781@example.com,DE,2024-11-17,Basic,2439.07
4782,Linda Rodriguez,linda.rodriguez4782@example.com,CA,2019-05-29,Standard,23597.92
4783,Susan Johnson,susan.johnson4783@example.com,US,2024-05-13,Standard,573.24
4784,John Wilson,john.wilson4784@shop.io,JP,2020-07-23,Standard,20818.46
4785,Elizabeth Garcia,elizabeth.garcia4785@customer.net,IN,2019-07-21,Premium,18361.77
4786,Karen Jones,karen.jones4786@example.com,FR,2022-08-17,Basic,11623.35
4787,Karen Williams,karen.williams4787@shop.io,US,2019-02-15,Basic,16671.18
4788,Joseph Davis,joseph.davis4788@example.com,UK,2023-02-28,Premium,40997.65
4789,Richard Martinez,richard.martinez4789@example.com,CA,2023-07-06,Standard,21113.09
4790,James Smith,james.smith4790@example.com,BR,2020-12-25,Premium,45928.47
4791,Linda Miller,linda.miller4791@shop.io,MX,2023-12-01,Basic,13717.58
4792,Elizabeth Garcia,elizabeth.garcia4792@mail.com,MX,2024-01-16,Basic,12193.62
4793,Sophia Lee,sophia.lee4793@shop.io,MX,2022-09-06,Basic,20830.38
4794,Ava Thomas,ava.thomas4794@customer.net,UK,2021-12-16,Premium,43165.92
4795,James Garcia,james.garcia4795@mail.com,IN,2019-11-01,Basic,15129.62
4796,Noah Davis,noah.davis4796@customer.net,AU,2018-02-13,Premium,36013.17
4797,Robert Martin,robert.martin4797@example.com,MX,2018-06-05,Basic,48572.34
4798,Mary Wilson,mary.wilson4798@shop.io,JP,2022-07-24,Premium,43246.79
4799,Emma Martinez,emma.martinez4799@shop.io,DE,2023-01-24,Basic,24495.63
4800,Noah Thompson,noah.thompson4800@shop.io,AU,2020-11-30,Basic,46923.18
4801,Ava Martinez,ava.martinez4801@mail.com,FR,2019-05-27,Standard,31000.23
4802,Karen Jones,karen.jones4802@example.com,IN,2022-12-20,Standard,40590.09
4803,William Jackson,william.jackson4803@mail.com,MX,2020-03-15,Standard,47802.29
4804,Oliver Jackson,oliver.jackson4804@customer.net,MX,2018-03-20,Standard,16041.29
4805,Michael Perez,michael.perez4805@mail.com,AU,2019-12-16,Basic,23493.61
4806,Ava Davis,ava.davis4806@shop.io,JP,2020-03-22,Premium,41379.04
4807,Thomas Brown,thomas.brown4807@mail.com,FR,2018-03-22,Standard,11698.93
4808,David Davis,david.davis4808@mail.com,US,2020-01-11,Premium,21212.72
4809,Patricia Garcia,patricia.garcia4809@mail.com,CA,2023-05-03,Standard,1179.78
4810,Charles Moore,charles.moore4810@shop.io,FR,2023-02-22,Premium,2842.74
4811,Linda Lopez,linda.lopez4811@example.com,AU,2018-10-25,Standard,2505.07
4812,Linda Jones,linda.jones4812@shop.io,UK,2018-04-27,Standard,35464.21
4813,Barbara Lopez,barbara.lopez4813@shop.io,BR,2023-08-05,Premium,40218.19
4814,William Lee,william.lee4814@example.com,CA,2019-09-15,Premium,44778.50
4815,Oliver Perez,oliver.perez4815@shop.io,AU,2022-05-30,Standard,3653.20
4816,Charles Martin,charles.martin4816@mail.com,AU,2022-03-05,Premium,6666.63
4817,Linda Taylor,linda.taylor4817@example.com,JP,2023-10-19,Premium,29360.48
4818,Linda Lopez,linda.lopez4818@example.com,AU,2020-07-03,Basic,34460.31
4819,Karen Rodriguez,karen.rodriguez4819@example.com,MX,2023-04-11,Premium,16725.76
4820,Jessica Hernandez,jessica.hernandez4820@shop.io,JP,2019-05-12,Standard,21668.91
4821,Linda Garcia,linda.garcia4821@mail.com,CA,2022-08-05,Premium,970.73
4822,Susan Brown,susan.brown4822@customer.net,DE,2018-11-01,Basic,33513.77
4823,Sarah Perez,sarah.perez4823@shop.io,IN,2020-08-30,Standard,6658.02
4824,Sophia Smith,sophia.smith4824@customer.net,IN,2018-10-27,Standard,2172.62
4825,Robert Johnson,robert.johnson4825@shop.io,MX,2024-04-22,Basic,19332.07
4826,Barbara Perez,barbara.perez4826@customer.net,MX,2022-12-30,Standard,43875.49
4827,Elizabeth Miller,elizabeth.miller4827@mail.com,IN,2018-04-09,Basic,2197.44
4828,Sophia Jackson,sophia.jackson4828@example.com,UK,2018-06-30,Premium,45831.38
4829,Sophia Wilson,sophia.wilson4829@example.com,US,2020-06-05,Basic,7525.09
4830,Thomas Taylor,thomas.taylor4830@example.com,BR,2024-08-29,Premium,2009.42
4831,Richard Perez,richard.perez4831@example.com,IN,2020-09-22,Basic,26197.83
4832,Susan Taylor,susan.taylor4832@customer.net,BR,2021-12-14,Premium,26419.36
4833,Oliver Lopez,oliver.lopez4833@customer.net,MX,2018-07-07,Standard,31422.75
4834,Oliver Jackson,oliver.jackson4834@customer.net,AU,2022-06-28,Basic,26861.51
4835,Jennifer Gonzalez,jennifer.gonzalez4835@customer.net,DE,2023-11-17,Premium,700.37
4836,Robert Thompson,robert.thompson4836@customer.net,DE,2018-01-08,Basic,31952.09
4837,Sarah Brown,sarah.brown4837@shop.io,JP,2019-09-25,Basic,9738.45
4838,Michael Lopez,michael.lopez4838@customer.net,CA,2018-03-14,Standard,25836.67
4839,Noah Thompson,noah.thompson4839@example.com,BR,2020-06-28,Premium,38455.45
4840,Karen Anderson,karen.anderson4840@shop.io,UK,2025-03-12,Standard,17399.30
4841,Elizabeth Martin,elizabeth.martin4841@mail.com,IN,2023-03-06,Premium,13084.59
4842,Jessica Rodriguez,jessica.rodriguez4842@example.com,IN,2022-04-02,Basic,25803.59
4843,Susan Anderson,susan.anderson4843@shop.io,UK,2024-04-17,Standard,38166.78
4844,Patricia Williams,patricia.williams4844@customer.net,CA,2021-12-22,Standard,2367.15
4845,Oliver Martin,oliver.martin4845@shop.io,IN,2020-04-28,Standard,12522.29
4846,Sophia Williams,sophia.williams4846@example.com,JP,2020-05-08,Basic,46606.67
4847,James Johnson,james.johnson4847@mail.com,AU,2023-12-08,Standard,21483.26
4848,Sophia Miller,sophia.miller4848@mail.com,JP,2023-05-08,Standard,39750.63
4849,James Perez,james.perez4849@mail.com,UK,2022-03-31,Standard,34406.88
4850,Jessica Brown,jessica.brown4850@mail.com,IN,2019-03-18,Standard,14230.25
4851,Jessica Perez,jessica.perez4851@mail.com,US,2019-02-28,Premium,13204.79
4852,Mary Jones,mary.jones4852@shop.io,CA,2021-10-12,Standard,1286.38
4853,Mary Hernandez,mary.hernandez4853@shop.io,MX,2018-05-09,Basic,49677.03
4854,Noah Johnson,noah.johnson4854@mail.com,MX,2023-07-25,Standard,31591.75
4855,Linda Taylor,linda.taylor4855@customer.net,DE,2021-06-23,Standard,4960.10
4856,Michael Smith,michael.smith4856@mail.com,CA,2020-10-15,Basic,11065.97
4857,Oliver Johnson,oliver.johnson4857@example.com,US,2024-07-04,Premium,14623.38
4858,David Garcia,david.garcia4858@shop.io,MX,2020-07-14,Premium,24636.75
4859,Ava Rodriguez,ava.rodriguez4859@example.com,JP,2024-05-16,Basic,48092.51
4860,Susan Hernandez,susan.hernandez4860@shop.io,IN,2022-05-07,Premium,25648.03
4861,Jessica Thompson,jessica.thompson4861@mail.com,AU,2019-02-13,Basic,30321.20
4862,Richard Garcia,richard.garcia4862@mail.com,AU,2019-09-28,Standard,38921.65
4863,Emma Gonzalez,emma.gonzalez4863@example.com,US,2019-11-11,Premium,12565.60
4864,Robert Davis,robert.davis4864@shop.io,US,2022-03-05,Standard,37203.54
4865,Joseph Brown,joseph.brown4865@mail.com,AU,2018-11-19,Basic,18511.23
4866,Charles Johnson,charles.johnson4866@shop.io,UK,2023-10-17,Basic,8383.49
4867,Thomas Smith,thomas.smith4867@shop.io,UK,2022-08-18,Standard,21624.68
4868,Ava Moore,ava.moore4868@example.com,DE,2020-06-09,Basic,6441.78
4869,Thomas Moore,thomas.moore4869@shop.io,CA,2023-06-14,Basic,30749.14
4870,Charles Moore,charles.moore4870@customer.net,FR,2022-09-02,Premium,16386.61
4871,Jessica Gonzalez,jessica.gonzalez4871@shop.io,BR,2021-02-28,Standard,15216.25
4872,James Jones,james.jones4872@mail.com,CA,2024-03-24,Premium,12628.00
4873,Sarah Gonzalez,sarah.gonzalez4873@mail.com,UK,2020-09-27,Standard,11811.80
4874,John Martinez,john.martinez4874@shop.io,US,2020-07-16,Premium,41896.14
4875,Patricia Moore,patricia.moore4875@example.com,DE,2022-04-07,Basic,19094.35
4876,Charles Brown,charles.brown4876@shop.io,UK,2024-10-11,Premium,33509.85
4877,Susan Smith,susan.smith4877@customer.net,UK,2018-04-11,Standard,22764.58
4878,John Taylor,john.taylor4878@example.com,UK,2024-07-04,Basic,6347.21
4879,David Gonzalez,david.gonzalez4879@mail.com,CA,2023-06-15,Standard,28053.92
4880,Oliver Miller,oliver.miller4880@shop.io,UK,2018-07-05,Premium,13165.50
4881,William Williams,william.williams4881@mail.com,UK,2023-10-14,Premium,5632.13
4882,Sarah Lee,sarah.lee4882@example.com,CA,2018-02-09,Standard,46089.32
4883,Ava Thompson,ava.thompson4883@mail.com,DE,2021-07-13,Basic,5880.62
4884,Charles Perez,charles.perez4884@example.com,CA,2021-07-01,Standard,2023.76
4885,Barbara Wilson,barbara.wilson4885@example.com,MX,2021-01-30,Premium,40352.93
4886,Richard Anderson,richard.anderson4886@example.com,CA,2025-05-29,Basic,22992.68
4887,Michael Williams,michael.williams4887@example.com,FR,2019-03-05,Standard,40485.27
4888,Barbara Gonzalez,barbara.gonzalez4888@shop.io,AU,2023-04-25,Premium,47323.65
4889,Robert Anderson,robert.anderson4889@shop.io,JP,2024-09-22,Standard,39548.91
4890,Joseph Rodriguez,joseph.rodriguez4890@example.com,FR,2020-05-29,Standard,13349.68
4891,Karen Lee,karen.lee4891@customer.net,US,2024-10-11,Premium,12421.91
4892,Patricia Thompson,patricia.thompson4892@mail.com,IN,2024-11-23,Standard,4539.18
4893,Emma Gonzalez,emma.gonzalez4893@shop.io,UK,2018-01-18,Standard,944.38
4894,Jennifer Wilson,jennifer.wilson4894@customer.net,AU,2020-08-15,Premium,35170.86
4895,Sarah Johnson,,JP,2022-06-13,Premium,4470.70
4896,Mary Williams,mary.williams4896@example.com,BR,2024-10-04,Standard,32235.95
4897,Elizabeth Wilson,elizabeth.wilson4897@example.com,DE,2021-08-12,Premium,19868.62
4898,Richard Martinez,richard.martinez4898@example.com,US,2021-02-24,Standard,14600.59
4899,Thomas Gonzalez,thomas.gonzalez4899@customer.net,MX,2021-05-15,Basic,18990.69
4900,Emma Lee,emma.lee4900@shop.io,BR,2020-10-30,Basic,3559.88
4901,James Lee,james.lee4901@mail.com,IN,2019-03-13,Premium,49412.56
4902,Joseph Anderson,joseph.anderson4902@example.com,UK,2022-12-26,Standard,47489.23
4903,Sophia Davis,sophia.davis4903@customer.net,AU,2024-06-09,Standard,29816.36
4904,Michael Johnson,michael.johnson4904@customer.net,BR,2019-02-27,Premium,46585.70
4905,John Anderson,john.anderson4905@example.com,MX,2022-09-30,Premium,49635.74
4906,William Martin,william.martin4906@example.com,DE,2019-01-16,Standard,14402.04
4907,John Lopez,john.lopez4907@shop.io,MX,2022-09-29,Standard,14037.87
4908,Linda Davis,linda.davis4908@shop.io,MX,2022-07-26,Basic,46288.32
4909,Barbara Garcia,barbara.garcia4909@mail.com,MX,2019-03-23,Standard,38830.12
4910,James Miller,james.miller4910@mail.com,AU,2020-09-25,Premium,43834.05
4911,Sophia Johnson,sophia.johnson4911@shop.io,MX,2024-07-26,Basic,9087.60
4912,Emma Gonzalez,emma.gonzalez4912@shop.io,FR,2022-04-30,Basic,5672.24
4913,Noah Martin,noah.martin4913@customer.net,JP,2020-08-22,Premium,49723.03
4914,Michael Jackson,michael.jackson4914@shop.io,IN,2019-09-26,Standard,25377.68
4915,Ava Jones,ava.jones4915@mail.com,BR,2021-11-30,Basic,18868.17
4916,David Perez,david.perez4916@mail.com,MX,2019-09-21,Standard,32976.76
4917,Richard Moore,richard.moore4917@customer.net,UK,2020-12-04,Basic,4004.22
4918,Linda Rodriguez,linda.rodriguez4918@mail.com,UK,2023-05-27,Basic,19586.79
4919,Mary Wilson,mary.wilson4919@example.com,AU,2022-01-30,Basic,32090.08
4920,Jessica Davis,jessica.davis4920@shop.io,JP,2024-10-24,Premium,6010.27
4921,Ava Brown,ava.brown4921@customer.net,DE,2021-10-20,Premium,19720.75
4922,Charles Moore,charles.moore4922@mail.com,AU,2020-12-13,Standard,15182.75
4923,Michael Jackson,michael.jackson4923@customer.net,US,2019-02-21,Standard,33164.81
4924,Emma Lee,emma.lee4924@shop.io,AU,2023-06-14,Premium,42363.05
4925,Linda Martin,linda.martin4925@mail.com,CA,2025-06-02,Premium,23824.26
4926,Patricia Moore,patricia.moore4926@customer.net,IN,2024-07-16,Premium,18169.58
4927,Robert Martin,robert.martin4927@example.com,AU,2018-04-08,Basic,46203.43
4928,Richard Johnson,richard.johnson4928@example.com,US,2025-06-24,Premium,39210.20
4929,Patricia Perez,patricia.perez4929@example.com,UK,2021-08-31,Standard,3782.60
4930,John Jackson,john.jackson4930@customer.net,FR,2024-04-20,Standard,39410.28
4931,Sophia Martin,sophia.martin4931@example.com,DE,2018-12-26,Premium,160.25
4932,Oliver Moore,oliver.moore4932@mail.com,FR,2023-12-15,Standard,33333.86
4933,Richard Jackson,richard.jackson4933@example.com,BR,2022-07-17,Standard,6480.05
4934,Oliver Miller,oliver.miller4934@example.com,US,2020-12-16,Basic,13193.73
4935,Patricia Thomas,patricia.thomas4935@customer.net,FR,2025-01-16,Standard,42818.30
4936,Barbara Hernandez,barbara.hernandez4936@customer.net,UK,2024-10-17,Premium,6409.61
4937,John Taylor,john.taylor4937@mail.com,DE,2018-03-27,Standard,10744.81
4938,John Taylor,john.taylor4938@customer.net,CA,2019-05-13,Standard,19281.88
4939,Emma Lee,emma.lee4939@mail.com,US,2019-09-30,Premium,20731.65
4940,Sophia Brown,sophia.brown4940@customer.net,MX,2020-09-04,Standard,25386.47
4941,David Lee,david.lee4941@example.com,IN,2023-03-10,Standard,13768.36
4942,Linda Jones,linda.jones4942@mail.com,MX,2025-06-22,Premium,35679.54
4943,Noah Davis,noah.davis4943@mail.com,AU,2019-07-28,Basic,7544.33
4944,Emma Gonzalez,emma.gonzalez4944@customer.net,UK,2019-12-18,Standard,44414.36
4945,Linda Anderson,linda.anderson4945@shop.io,MX,2025-01-02,Basic,16111.82
4946,Jennifer Garcia,jennifer.garcia4946@shop.io,DE,2024-11-23,Standard,38104.35
4947,William Martinez,william.martinez4947@shop.io,FR,2025-01-23,Standard,38360.51
4948,Noah Moore,noah.moore4948@customer.net,BR,2019-04-08,Premium,3811.84
4949,Linda Davis,linda.davis4949@example.com,IN,2020-11-20,Premium,30289.48
4950,Thomas Smith,thomas.smith4950@shop.io,BR,2023-08-09,Standard,4350.13
4951,David Hernandez,david.hernandez4951@shop.io,MX,2025-05-27,Basic,2883.74
4952,Emma Gonzalez,emma.gonzalez4952@mail.com,JP,2023-12-14,Standard,46460.65
4953,Mary Garcia,mary.garcia4953@shop.io,MX,2019-02-06,Basic,7682.01
4954,Ava Rodriguez,ava.rodriguez4954@customer.net,FR,2023-04-01,Premium,5899.87
4955,Jennifer Gonzalez,jennifer.gonzalez4955@customer.net,US,2020-06-05,Premium,9594.06
4956,Thomas Martinez,thomas.martinez4956@example.com,BR,2018-01-28,Premium,31162.18
4957,Barbara Perez,barbara.perez4957@customer.net,JP,2020-07-20,Basic,22823.10
4958,Charles Miller,charles.miller4958@shop.io,JP,2024-06-29,Standard,38205.67
4959,John Jackson,john.jackson4959@mail.com,CA,2023-01-24,Standard,34141.26
4960,John Williams,john.williams4960@customer.net,FR,2022-05-23,Standard,691.29
4961,Ava Taylor,ava.taylor4961@customer.net,DE,2021-12-25,Standard,47896.29
4962,Joseph Wilson,joseph.wilson4962@example.com,UK,2019-10-19,Standard,47408.92
4963,Elizabeth Garcia,elizabeth.garcia4963@mail.com,FR,2018-05-06,Premium,27197.71
4964,Barbara Gonzalez,barbara.gonzalez4964@mail.com,US,2023-09-13,Basic,7393.03
4965,Jennifer Lee,jennifer.lee4965@shop.io,BR,2019-07-25,Basic,23370.24
4966,Jennifer Brown,jennifer.brown4966@example.com,JP,2023-11-07,Basic,10215.87
4967,Jennifer Lee,jennifer.lee4967@customer.net,FR,2022-10-15,Standard,38148.58
4968,Elizabeth Moore,elizabeth.moore4968@shop.io,DE,2020-01-24,Premium,23649.61
4969,James Williams,james.williams4969@customer.net,US,2024-03-04,Standard,6972.56
4970,Jessica Rodriguez,jessica.rodriguez4970@example.com,IN,2019-10-19,Standard,30692.29
4971,Susan Miller,susan.miller4971@customer.net,AU,2018-09-29,Premium,31272.80
4972,Noah Hernandez,noah.hernandez4972@shop.io,AU,2019-01-10,Basic,35497.78
4973,James Lopez,james.lopez4973@example.com,US,2023-10-04,Premium,30960.32
4974,Ava Moore,ava.moore4974@shop.io,DE,2019-06-12,Standard,43867.95
4975,Michael Thompson,michael.thompson4975@example.com,US,2020-05-09,Standard,635.69
4976,Joseph Jones,joseph.jones4976@mail.com,FR,2021-08-12,Premium,7761.68
4977,Emma Taylor,emma.taylor4977@mail.com,US,2020-02-19,Basic,13658.65
4978,Robert Lee,robert.lee4978@shop.io,FR,2023-02-15,Standard,40363.23
4979,Charles Brown,charles.brown4979@customer.net,MX,2019-08-03,Basic,1603.78
4980,Karen Brown,karen.brown4980@customer.net,IN,2020-06-24,Premium,21159.14
4981,Susan Martin,susan.martin4981@customer.net,BR,2023-04-15,Basic,33835.45
4982,James Davis,james.davis4982@mail.com,US,2020-11-07,Standard,13994.56
4983,William Williams,william.williams4983@example.com,IN,2019-02-12,Standard,19609.09
4984,Charles Anderson,charles.anderson4984@example.com,US,2024-02-17,Standard,14578.48
4985,Noah Hernandez,noah.hernandez4985@example.com,UK,2021-09-10,Basic,32828.81
4986,Jessica Wilson,jessica.wilson4986@shop.io,DE,2024-07-04,Standard,41523.76
4987,Jennifer Taylor,jennifer.taylor4987@example.com,MX,2019-06-15,Standard,4885.04
4988,Barbara Smith,barbara.smith4988@shop.io,US,2025-05-03,Basic,48219.74
4989,Susan Martin,susan.martin4989@customer.net,UK,2020-03-10,Premium,16561.82
4990,Jennifer Thompson,jennifer.thompson4990@shop.io,AU,2019-10-17,Basic,12302.66
4991,Jennifer Jones,jennifer.jones4991@example.com,AU,2023-08-24,Basic,9736.01
4992,Joseph Lee,joseph.lee4992@customer.net,CA,2020-08-20,Standard,46069.56
4993,Noah Johnson,noah.johnson4993@shop.io,JP,2022-07-16,Premium,46927.12
4994,Noah Perez,noah.perez4994@mail.com,MX,2022-01-31,Premium,38602.25
4995,John Brown,john.brown4995@shop.io,DE,2021-08-22,Standard,25376.46
4996,Susan Garcia,susan.garcia4996@customer.net,JP,2024-02-04,Basic,26961.31
4997,Richard Johnson,richard.johnson4997@mail.com,UK,2022-12-29,Standard,26623.05
4998,James Davis,james.davis4998@example.com,CA,2022-01-09,Basic,44555.60
4999,Thomas Smith,thomas.smith4999@customer.net,UK,2024-02-05,Standard,3463.61
5000,Elizabeth Jones,elizabeth.jones5000@mail.com,MX,2020-06-20,Standard,47868.18
5001,David Thompson,david.thompson5001@shop.io,AU,2024-09-08,Premium,2355.26
5002,Noah Lopez,noah.lopez5002@customer.net,JP,2021-08-08,Standard,24846.67
5003,Karen Williams,karen.williams5003@example.com,FR,2023-01-14,Basic,39894.29
5004,Linda Smith,linda.smith5004@shop.io,AU,2023-03-31,Standard,48581.13
5005,Joseph Rodriguez,joseph.rodriguez5005@shop.io,UK,2018-12-26,Standard,128.06
5006,Charles Lopez,charles.lopez5006@customer.net,US,2019-03-23,Standard,32998.94
5007,Jennifer Garcia,jennifer.garcia5007@example.com,FR,2020-04-05,Standard,35495.06
5008,Karen Gonzalez,karen.gonzalez5008@example.com,US,2023-10-07,Premium,13687.50
5009,Susan Perez,susan.perez5009@example.com,DE,2023-09-11,Basic,28930.57
5010,Thomas Jackson,thomas.jackson5010@mail.com,US,2023-07-24,Standard,19581.75
5011,Patricia Brown,patricia.brown5011@mail.com,MX,2024-10-11,Basic,24010.30
5012,Karen Jones,karen.jones5012@customer.net,UK,2025-02-07,Standard,34826.98
5013,Mary Davis,mary.davis5013@mail.com,BR,2023-06-13,Basic,27096.05
5014,Thomas Perez,thomas.perez5014@shop.io,DE,2023-10-04,Standard,36720.62
5015,Sarah Martin,sarah.martin5015@customer.net,BR,2025-04-24,Premium,27350.30
5016,Sophia Rodriguez,sophia.rodriguez5016@mail.com,MX,2023-03-30,Standard,34864.15
5017,Mary Thompson,mary.thompson5017@example.com,US,2023-04-11,Premium,24872.42
5018,Elizabeth Martin,elizabeth.martin5018@shop.io,CA,2021-07-04,Standard,34231.15
5019,Emma Perez,emma.perez5019@shop.io,CA,2021-02-09,Premium,42514.94
5020,Mary Anderson,mary.anderson5020@customer.net,MX,2019-11-29,Basic,21359.55
5021,Richard Lee,richard.lee5021@shop.io,CA,2025-05-03,Premium,14956.14
5022,Joseph Lopez,joseph.lopez5022@example.com,IN,2018-05-07,Basic,13029.86
5023,David Jackson,david.jackson5023@mail.com,MX,2023-10-14,Standard,47744.75
5024,Emma Thompson,emma.thompson5024@example.com,JP,2024-10-18,Basic,39162.51
5025,Susan Lopez,susan.lopez5025@shop.io,JP,2023-09-10,Premium,46104.44
5026,Jessica Hernandez,jessica.hernandez5026@customer.net,BR,2018-10-23,Standard,23899.87
5027,Elizabeth Miller,elizabeth.miller5027@shop.io,US,2023-06-26,Basic,10604.74
5028,Joseph Lee,joseph.lee5028@example.com,JP,2023-03-23,Standard,4786.58
5029,Oliver Lee,oliver.lee5029@mail.com,AU,2025-05-17,Premium,32131.73
5030,James Thomas,james.thomas5030@mail.com,IN,2024-07-19,Premium,7515.75
5031,Michael Thompson,michael.thompson5031@shop.io,CA,2018-02-25,Premium,45219.07
5032,Susan Jackson,susan.jackson5032@shop.io,DE,2024-03-20,Standard,34137.68
5033,Mary Garcia,mary.garcia5033@mail.com,UK,2019-07-21,Basic,40078.01
5034,David Miller,david.miller5034@mail.com,JP,2020-09-01,Standard,34748.35
5035,Ava Hernandez,ava.hernandez5035@example.com,CA,2024-12-27,Standard,7878.17
5036,Karen Thompson,karen.thompson5036@example.com,FR,2019-07-27,Premium,12358.78
5037,Jessica Thomas,jessica.thomas5037@example.com,CA,2022-10-03,Basic,16553.98
5038,Mary Jackson,mary.jackson5038@mail.com,AU,2021-07-09,Standard,17299.35
5039,Joseph Johnson,joseph.johnson5039@mail.com,US,2018-06-17,Standard,5765.95
5040,William Williams,william.williams5040@mail.com,IN,2021-06-20,Standard,46857.18
5041,Barbara Jackson,barbara.jackson5041@shop.io,JP,2022-05-24,Premium,38321.96
5042,Patricia Moore,patricia.moore5042@mail.com,MX,2019-01-17,Basic,7459.00
5043,Oliver Smith,oliver.smith5043@customer.net,AU,2018-05-02,Standard,36773.64
5044,Patricia Jones,patricia.jones5044@mail.com,DE,2024-01-26,Basic,11919.08
5045,Ava Lee,ava.lee5045@example.com,AU,2022-05-01,Standard,14235.84
5046,Sarah Thompson,sarah.thompson5046@shop.io,FR,2018-01-18,Standard,18611.82
5047,David Hernandez,david.hernandez5047@shop.io,US,2019-06-01,Standard,10691.07
5048,David Wilson,david.wilson5048@example.com,JP,2023-08-04,Standard,38431.19
5049,Karen Perez,karen.perez5049@shop.io,FR,2020-08-08,Basic,6931.23
5050,Susan Miller,susan.miller5050@example.com,CA,2022-08-11,Premium,1558.66
5051,Jennifer Thompson,jennifer.thompson5051@mail.com,IN,2024-05-05,Standard,36071.54
5052,Robert Wilson,robert.wilson5052@example.com,DE,2020-01-23,Premium,3197.24
5053,Joseph Lopez,joseph.lopez5053@shop.io,US,2022-06-29,Premium,22949.78
5054,Karen Johnson,karen.johnson5054@customer.net,JP,2018-04-08,Basic,3450.04
5055,David Perez,david.perez5055@example.com,DE,2018-06-08,Premium,10439.60
5056,Michael Rodriguez,michael.rodriguez5056@shop.io,MX,2018-05-16,Standard,21877.54
5057,Jessica Garcia,jessica.garcia5057@example.com,IN,2020-01-17,Basic,3786.90
5058,Emma Miller,emma.miller5058@mail.com,FR,2024-08-06,Basic,31796.13
5059,John Martin,john.martin5059@mail.com,MX,2022-03-28,Basic,30509.07
5060,Patricia Smith,patricia.smith5060@shop.io,FR,2018-04-12,Standard,4343.48
5061,Jennifer Wilson,jennifer.wilson5061@example.com,US,2024-04-09,Premium,44234.57
5062,Thomas Davis,thomas.davis5062@customer.net,JP,2021-02-19,Premium,22756.09
5063,Mary Hernandez,mary.hernandez5063@shop.io,MX,2024-04-11,Standard,24600.67
5064,Sarah Moore,sarah.moore5064@customer.net,DE,2024-02-21,Premium,3200.76
5065,Michael Jones,michael.jones5065@mail.com,BR,2018-04-16,Premium,49044.44
5066,Jennifer Wilson,jennifer.wilson5066@example.com,CA,2020-11-25,Standard,35214.05
5067,Barbara Taylor,barbara.taylor5067@shop.io,DE,2021-01-13,Standard,20476.75
5068,Charles Wilson,charles.wilson5068@example.com,IN,2020-12-22,Standard,7866.01
5069,Emma Rodriguez,emma.rodriguez5069@shop.io,DE,2022-01-21,Standard,10954.19
5070,Sarah Anderson,sarah.anderson5070@shop.io,JP,2023-07-20,Basic,45316.39
5071,William Smith,william.smith5071@customer.net,US,2024-10-18,Standard,20887.05
5072,Jessica Anderson,jessica.anderson5072@customer.net,US,2022-11-13,Premium,7199.73
5073,Karen Taylor,karen.taylor5073@customer.net,DE,2024-02-14,Standard,7837.65
5074,Thomas Johnson,thomas.johnson5074@mail.com,BR,2019-08-24,Standard,34382.16
5075,John Thompson,john.thompson5075@customer.net,CA,2019-05-05,Standard,1439.60
5076,David Miller,david.miller5076@customer.net,UK,2025-03-28,Basic,47081.15
5077,Mary Hernandez,mary.hernandez5077@customer.net,IN,2024-02-02,Basic,627.67
5078,Michael Williams,michael.williams5078@customer.net,IN,2021-06-05,Standard,48473.75
5079,Charles Lopez,charles.lopez5079@example.com,DE,2023-03-25,Basic,26232.46
5080,Patricia Garcia,patricia.garcia5080@shop.io,DE,2024-03-30,Basic,18112.09
5081,Barbara Perez,barbara.perez5081@shop.io,UK,2022-06-22,Premium,4328.57
5082,Karen Williams,karen.williams5082@shop.io,BR,2018-03-22,Basic,22055.60
5083,Ava Brown,ava.brown5083@customer.net,US,2023-10-09,Basic,34289.23
5084,Jessica Brown,jessica.brown5084@shop.io,DE,2018-06-11,Standard,23420.23
5085,Patricia Johnson,patricia.johnson5085@customer.net,CA,2018-08-27,Standard,11381.83
5086,Susan Moore,susan.moore5086@shop.io,JP,2024-09-11,Standard,22705.28
5087,Robert Lee,robert.lee5087@shop.io,IN,2018-12-07,Basic,2780.06
5088,John Williams,john.williams5088@example.com,MX,2018-01-03,Premium,33846.64
5089,Mary Brown,mary.brown5089@customer.net,BR,2022-01-23,Premium,36352.98
5090,James Lopez,james.lopez5090@example.com,DE,2021-11-26,Basic,14524.09
5091,Jessica Garcia,jessica.garcia5091@mail.com,MX,2019-12-21,Premium,4187.23
5092,Oliver Garcia,oliver.garcia5092@customer.net,AU,2025-01-01,Basic,23721.21
5093,Emma Anderson,emma.anderson5093@shop.io,FR,2024-09-20,Standard,16132.42
5094,Noah Anderson,noah.anderson5094@shop.io,CA,2019-11-16,Standard,7652.26
5095,Oliver Perez,oliver.perez5095@shop.io,DE,2018-08-19,Standard,4260.69
5096,Elizabeth Brown,elizabeth.brown5096@shop.io,FR,2022-12-11,Standard,2063.53
5097,Oliver Lopez,oliver.lopez5097@example.com,FR,2020-09-03,Standard,46877.84
5098,Karen Davis,karen.davis5098@customer.net,IN,2022-06-08,Basic,28714.09
5099,Oliver Martin,oliver.martin5099@customer.net,IN,2023-12-26,Premium,37202.75
5100,Richard Smith,richard.smith5100@shop.io,AU,2023-07-27,Premium,40435.88
5101,Joseph Martinez,joseph.martinez5101@example.com,AU,2023-11-04,Standard,30807.31
5102,Richard Taylor,richard.taylor5102@example.com,CA,2021-01-22,Basic,30652.49
5103,Thomas Johnson,thomas.johnson5103@mail.com,AU,2023-08-24,Standard,8628.68
5104,Noah Johnson,noah.johnson5104@shop.io,JP,2020-11-12,Standard,16601.98
5105,Charles Martin,charles.martin5105@customer.net,FR,2020-01-19,Standard,18756.88
5106,Linda Hernandez,linda.hernandez5106@mail.com,JP,2024-08-18,Premium,4948.84
5107,Patricia Williams,patricia.williams5107@example.com,BR,2022-03-04,Basic,43093.94
5108,Sarah Rodriguez,sarah.rodriguez5108@customer.net,IN,2023-09-27,Basic,27739.75
5109,Noah Hernandez,noah.hernandez5109@mail.com,DE,2018-11-09,Premium,17912.59
5110,Charles Wilson,charles.wilson5110@example.com,BR,2025-06-20,Premium,2710.53
5111,Oliver Anderson,oliver.anderson5111@mail.com,CA,2023-12-19,Premium,43891.45
5112,Mary Jones,mary.jones5112@mail.com,IN,2020-12-20,Premium,17373.65
5113,Jessica Perez,jessica.perez5113@mail.com,US,2021-10-03,Standard,14895.68
5114,Jennifer Jackson,jennifer.jackson5114@customer.net,BR,2019-02-22,Basic,30526.90
5115,John Martinez,john.martinez5115@customer.net,CA,2024-10-29,Basic,27037.63
5116,Joseph Martinez,joseph.martinez5116@customer.net,US,2021-04-22,Premium,29235.34
5117,Joseph Brown,joseph.brown5117@customer.net,BR,2020-10-29,Basic,23774.54
5118,Jennifer Williams,jennifer.williams5118@shop.io,IN,2018-11-18,Standard,9239.76
5119,David Moore,david.moore5119@example.com,CA,2021-11-10,Premium,31112.58
5120,Jennifer Wilson,jennifer.wilson5120@customer.net,IN,2024-12-13,Basic,25971.65
5121,Karen Anderson,karen.anderson5121@customer.net,JP,2021-09-16,Standard,14011.15
5122,Thomas Rodriguez,thomas.rodriguez5122@customer.net,CA,2018-10-11,Premium,13953.98
5123,Patricia Martin,patricia.martin5123@mail.com,MX,2020-05-22,Standard,49736.57
5124,James Thompson,james.thompson5124@shop.io,MX,2022-11-17,Premium,34799.43
5125,David Perez,david.perez5125@example.com,MX,2020-05-05,Standard,18906.15
5126,Linda Taylor,linda.taylor5126@example.com,UK,2019-09-20,Standard,42090.30
5127,Thomas Martinez,thomas.martinez5127@shop.io,JP,2024-10-10,Premium,21154.42
5128,Oliver Lopez,oliver.lopez5128@customer.net,UK,2018-10-14,Standard,20538.51
5129,Richard Jones,richard.jones5129@mail.com,FR,2018-09-12,Standard,1508.32
5130,Susan Hernandez,susan.hernandez5130@shop.io,BR,2018-05-04,Standard,48393.23
5131,Patricia Gonzalez,patricia.gonzalez5131@example.com,DE,2019-06-19,Standard,31819.71
5132,Elizabeth Davis,elizabeth.davis5132@mail.com,US,2020-05-23,Standard,48015.07
5133,Jennifer Lee,jennifer.lee5133@customer.net,UK,2024-01-09,Standard,31823.41
5134,Jennifer Martinez,jennifer.martinez5134@shop.io,JP,2021-12-13,Standard,9483.84
5135,John Brown,john.brown5135@mail.com,UK,2020-05-08,Basic,34956.57
5136,Jessica Moore,jessica.moore5136@mail.com,BR,2023-06-23,Basic,37938.97
5137,Mary Gonzalez,mary.gonzalez5137@customer.net,UK,2021-07-30,Basic,44112.01
5138,Barbara Martin,barbara.martin5138@shop.io,BR,2022-07-02,Standard,11659.17
5139,Susan Hernandez,susan.hernandez5139@shop.io,UK,2023-11-12,Premium,8345.84
5140,Sarah Perez,sarah.perez5140@mail.com,AU,2019-07-26,Premium,46913.26
5141,Oliver Taylor,oliver.taylor5141@customer.net,IN,2024-07-20,Premium,45575.47
5142,David Martin,david.martin5142@shop.io,IN,2024-08-10,Basic,30325.45
5143,Sophia Martinez,sophia.martinez5143@mail.com,BR,2023-08-17,Premium,49677.42
5144,Sarah Martinez,sarah.martinez5144@customer.net,US,2021-09-06,Premium,2318.35
5145,John Perez,john.perez5145@mail.com,DE,2024-12-01,Basic,27818.84
5146,Joseph Williams,joseph.williams5146@mail.com,FR,2019-10-15,Premium,10478.46
5147,Susan Gonzalez,susan.gonzalez5147@customer.net,CA,2019-06-04,Standard,46480.42
5148,Noah Thomas,noah.thomas5148@customer.net,DE,2022-10-17,Basic,35150.92
5149,Sophia Hernandez,sophia.hernandez5149@mail.com,JP,2019-08-13,Basic,23192.14
5150,Richard Smith,richard.smith5150@mail.com,DE,2018-01-26,Basic,49697.66
5151,Jessica Anderson,jessica.anderson5151@mail.com,CA,2022-11-28,Premium,47833.73
5152,James Wilson,james.wilson5152@mail.com,BR,2020-07-21,Premium,13371.39
5153,Emma Lopez,emma.lopez5153@shop.io,JP,2020-09-21,Standard,44546.29
5154,Jennifer Miller,jennifer.miller5154@mail.com,JP,2023-08-09,Basic,35720.46
5155,Mary Johnson,mary.johnson5155@shop.io,AU,2020-05-22,Standard,26583.95
5156,Ava Jackson,ava.jackson5156@customer.net,FR,2018-09-07,Premium,38819.85
5157,Linda Lee,linda.lee5157@mail.com,DE,2024-03-05,Standard,40809.15
5158,Joseph Smith,joseph.smith5158@shop.io,DE,2020-11-08,Premium,38188.77
5159,Robert Hernandez,robert.hernandez5159@shop.io,AU,2021-04-04,Standard,26108.25
5160,Noah Thompson,noah.thompson5160@mail.com,MX,2023-01-17,Standard,32497.02
5161,Elizabeth Brown,elizabeth.brown5161@example.com,IN,2023-05-07,Basic,26918.10
5162,John Lopez,john.lopez5162@customer.net,CA,2022-06-26,Basic,23065.71
5163,Thomas Gonzalez,thomas.gonzalez5163@shop.io,IN,2024-10-29,Premium,14921.29
5164,William Taylor,william.taylor5164@shop.io,IN,2023-08-08,Basic,11490.38
5165,Jennifer Thompson,jennifer.thompson5165@mail.com,MX,2018-10-16,Basic,8235.44
5166,Sarah Martin,sarah.martin5166@shop.io,AU,2023-12-30,Standard,45909.18
5167,Joseph Smith,joseph.smith5167@example.com,IN,2019-10-25,Premium,33901.76
5168,William Hernandez,william.hernandez5168@shop.io,DE,2022-09-24,Standard,1685.51
5169,Susan Smith,susan.smith5169@shop.io,FR,2018-08-31,Premium,6525.80
5170,Ava Johnson,ava.johnson5170@mail.com,FR,2024-06-16,Basic,1543.90
5171,Patricia Davis,patricia.davis5171@customer.net,UK,2022-03-20,Premium,27260.65
5172,Linda Lopez,linda.lopez5172@customer.net,BR,2025-01-02,Premium,16091.37
5173,Sarah Williams,sarah.williams5173@example.com,BR,2018-03-11,Premium,18362.16
5174,Michael Miller,michael.miller5174@customer.net,CA,2020-03-20,Standard,20244.64
5175,James Jones,james.jones5175@customer.net,JP,2019-11-10,Basic,38370.63
5176,John Hernandez,john.hernandez5176@customer.net,AU,2024-10-26,Standard,33036.50
5177,Barbara Anderson,barbara.anderson5177@shop.io,AU,2023-07-20,Standard,28460.46
5178,Karen Jackson,karen.jackson5178@shop.io,AU,2018-04-15,Standard,16278.08
5179,Emma Davis,emma.davis5179@customer.net,DE,2024-04-25,Basic,31613.90
5180,Joseph Brown,joseph.brown5180@shop.io,BR,2022-02-02,Standard,44888.76
5181,Sarah Davis,sarah.davis5181@shop.io,DE,2021-07-05,Premium,36979.51
5182,Oliver Lopez,oliver.lopez5182@mail.com,US,2023-01-31,Basic,38704.63
5183,Emma Taylor,emma.taylor5183@mail.com,UK,2022-06-04,Basic,15735.42
5184,John Martin,john.martin5184@mail.com,UK,2021-05-11,Standard,24622.15
5185,Ava Martinez,ava.martinez5185@shop.io,DE,2018-09-03,Premium,2113.97
5186,Oliver Jones,oliver.jones5186@customer.net,IN,2024-12-26,Standard,23215.14
5187,James Taylor,james.taylor5187@mail.com,CA,2018-08-21,Premium,41144.45
5188,Barbara Perez,barbara.perez5188@mail.com,DE,2019-01-11,Premium,36917.54
5189,Elizabeth Martinez,elizabeth.martinez5189@example.com,DE,2024-07-14,Premium,49933.54
5190,Susan Davis,susan.davis5190@shop.io,US,2024-06-16,Standard,4603.68
5191,Ava Williams,ava.williams5191@example.com,AU,2025-05-27,Premium,17743.73
5192,Charles Hernandez,charles.hernandez5192@example.com,US,2021-03-02,Standard,30428.32
5193,William Williams,william.williams5193@mail.com,FR,2019-09-23,Standard,15194.09
5194,James Williams,james.williams5194@example.com,UK,2020-04-15,Standard,37076.62
5195,Noah Davis,noah.davis5195@shop.io,BR,2022-02-11,Standard,3526.00
5196,Michael Martin,michael.martin5196@customer.net,DE,2023-03-07,Standard,27388.54
5197,John Garcia,john.garcia5197@customer.net,FR,2021-04-04,Premium,5887.13
5198,Patricia Jones,patricia.jones5198@example.com,DE,2024-12-11,Premium,44154.26
5199,Ava Miller,ava.miller5199@example.com,FR,2018-06-11,Premium,14570.95
5200,Elizabeth Moore,elizabeth.moore5200@example.com,DE,2024-12-06,Basic,47544.31
5201,Mary Moore,mary.moore5201@example.com,MX,2022-04-05,Basic,20667.21
5202,Barbara Garcia,barbara.garcia5202@mail.com,UK,2024-06-02,Premium,33837.40
5203,Charles Johnson,charles.johnson5203@mail.com,UK,2020-06-07,Premium,16114.58
5204,Sarah Thompson,sarah.thompson5204@mail.com,UK,2022-12-17,Premium,11751.88
5205,Susan Lee,susan.lee5205@customer.net,JP,2018-08-09,Standard,48692.57
5206,Ava Thompson,ava.thompson5206@example.com,JP,2018-12-15,Premium,42927.04
5207,Michael Thompson,michael.thompson5207@example.com,MX,2019-04-17,Basic,39679.85
5208,Jessica Martinez,jessica.martinez5208@example.com,AU,2018-05-04,Premium,12034.97
5209,Michael Garcia,michael.garcia5209@example.com,FR,2021-01-20,Standard,29662.44
5210,Susan Smith,susan.smith5210@customer.net,UK,2020-11-14,Basic,23789.98
5211,Richard Lopez,richard.lopez5211@example.com,JP,2023-02-02,Standard,37581.34
5212,Robert Lopez,robert.lopez5212@customer.net,DE,2020-07-15,Premium,41292.92
5213,Sophia Miller,sophia.miller5213@example.com,IN,2018-04-17,Premium,33140.63
5214,Emma Taylor,emma.taylor5214@example.com,UK,2025-04-25,Basic,37243.22
5215,Sophia Johnson,sophia.johnson5215@shop.io,JP,2018-05-07,Premium,38008.63
5216,Charles Martin,charles.martin5216@customer.net,FR,2018-09-05,Standard,20006.97
5217,Joseph Smith,joseph.smith5217@example.com,AU,2024-08-29,Basic,14118.67
5218,Karen Gonzalez,karen.gonzalez5218@customer.net,MX,2020-10-02,Basic,6932.55
5219,Sophia Davis,sophia.davis5219@mail.com,JP,2018-08-31,Premium,24708.29
5220,Noah Perez,noah.perez5220@shop.io,BR,2018-02-06,Premium,29041.88
5221,John Rodriguez,john.rodriguez5221@example.com,BR,2022-09-20,Premium,12557.39
5222,Michael Martinez,michael.martinez5222@mail.com,US,2022-07-22,Standard,44488.65
5223,Sophia Thomas,sophia.thomas5223@shop.io,CA,2024-01-28,Basic,26354.02
5224,Michael Martin,michael.martin5224@mail.com,FR,2023-04-02,Standard,30028.95
5225,James Jackson,james.jackson5225@customer.net,DE,2019-08-06,Basic,42560.80
5226,David Moore,david.moore5226@mail.com,AU,2024-03-04,Standard,37160.45
5227,Barbara Hernandez,barbara.hernandez5227@example.com,FR,2024-12-15,Premium,44718.84
5228,Susan Smith,susan.smith5228@mail.com,CA,2023-10-29,Premium,38936.44
5229,Linda Wilson,linda.wilson5229@customer.net,BR,2024-04-16,Premium,27435.42
5230,Jessica Miller,jessica.miller5230@customer.net,MX,2025-02-13,Premium,7353.97
5231,Linda Moore,linda.moore5231@example.com,US,2020-11-23,Basic,11845.74
5232,William Anderson,william.anderson5232@shop.io,BR,2021-06-28,Standard,21112.47
5233,William Taylor,william.taylor5233@customer.net,JP,2020-12-24,Premium,19705.45
5234,Jessica Williams,jessica.williams5234@mail.com,US,2022-06-28,Premium,5371.89
5235,David Lopez,david.lopez5235@mail.com,MX,2022-12-17,Standard,20041.83
5236,Patricia Rodriguez,patricia.rodriguez5236@shop.io,BR,2021-05-21,Premium,25692.26
5237,Patricia Rodriguez,patricia.rodriguez5237@shop.io,UK,2022-02-23,Standard,8995.30
5238,Patricia Thompson,patricia.thompson5238@shop.io,FR,2022-04-03,Premium,3727.31
5239,Sarah Gonzalez,sarah.gonzalez5239@example.com,UK,2021-06-11,Standard,45879.89
5240,Michael Gonzalez,michael.gonzalez5240@example.com,UK,2023-10-17,Basic,8402.66
5241,Noah Smith,noah.smith5241@shop.io,AU,2021-10-23,Basic,31566.56
5242,Richard Lopez,,DE,2022-06-20,Basic,48491.84
5243,Richard Taylor,richard.taylor5243@shop.io,FR,2023-08-10,Standard,4566.29
5244,William Smith,william.smith5244@mail.com,CA,2021-01-21,Basic,34330.68
5245,William Hernandez,william.hernandez5245@shop.io,IN,2022-10-03,Premium,542.45
5246,James Williams,james.williams5246@example.com,MX,2022-08-22,Basic,48972.95
5247,Robert Thomas,robert.thomas5247@mail.com,FR,2023-11-11,Standard,40013.10
5248,Jessica Rodriguez,jessica.rodriguez5248@mail.com,UK,2025-04-23,Basic,48298.67
5249,Joseph Miller,joseph.miller5249@customer.net,BR,2020-08-07,Basic,18445.76
5250,Mary Jackson,mary.jackson5250@shop.io,JP,2018-03-29,Basic,9764.56
5251,James Thompson,james.thompson5251@example.com,IN,2022-01-17,Premium,27225.42
5252,John Miller,john.miller5252@customer.net,CA,2018-03-20,Premium,13827.21
5253,Thomas Lee,thomas.lee5253@shop.io,BR,2021-01-19,Premium,43593.09
5254,Jessica Anderson,jessica.anderson5254@example.com,US,2022-09-17,Premium,40542.49
5255,Charles Hernandez,charles.hernandez5255@shop.io,UK,2021-06-02,Premium,29736.49
5256,Barbara Rodriguez,barbara.rodriguez5256@shop.io,MX,2022-05-05,Standard,28846.27
5257,Elizabeth Jones,elizabeth.jones5257@example.com,JP,2021-12-19,Standard,6608.49
5258,David Garcia,david.garcia5258@example.com,US,2019-04-05,Standard,48345.48
5259,Noah Thompson,noah.thompson5259@example.com,JP,2020-04-18,Standard,15371.04
5260,Charles Perez,charles.perez5260@shop.io,AU,2024-07-24,Premium,11788.32
5261,Oliver Brown,oliver.brown5261@customer.net,FR,2024-03-06,Premium,41183.27
5262,Susan Rodriguez,susan.rodriguez5262@customer.net,UK,2018-07-09,Premium,4615.82
5263,James Anderson,james.anderson5263@example.com,DE,2024-12-26,Standard,31849.27
5264,David Anderson,david.anderson5264@customer.net,UK,2020-09-07,Premium,42836.09
5265,Sophia Jackson,sophia.jackson5265@shop.io,BR,2021-02-28,Premium,34972.65
5266,Elizabeth Garcia,elizabeth.garcia5266@mail.com,AU,2021-12-07,Premium,39380.05
5267,Sarah Miller,sarah.miller5267@mail.com,JP,2019-11-24,Basic,26790.27
5268,Jessica Thompson,jessica.thompson5268@shop.io,IN,2025-05-20,Standard,28731.53
5269,Sarah Brown,sarah.brown5269@mail.com,US,2019-07-22,Standard,44274.48
5270,Richard Rodriguez,richard.rodriguez5270@customer.net,JP,2019-01-28,Premium,17148.40
5271,Sarah Jones,sarah.jones5271@example.com,BR,2023-04-04,Premium,33789.27
5272,Thomas Martin,thomas.martin5272@shop.io,UK,2018-01-09,Standard,36413.29
5273,Patricia Brown,patricia.brown5273@customer.net,UK,2018-11-08,Standard,46657.92
5274,William Rodriguez,william.rodriguez5274@customer.net,UK,2019-02-27,Basic,42827.30
5275,Linda Johnson,,AU,2021-05-27,Premium,36599.57
5276,Elizabeth Thomas,elizabeth.thomas5276@mail.com,BR,2024-02-17,Basic,38293.17
5277,Ava Garcia,ava.garcia5277@mail.com,JP,2023-06-01,Standard,28022.43
5278,Noah Thomas,noah.thomas5278@customer.net,US,2018-08-20,Standard,28059.84
5279,Patricia Lee,patricia.lee5279@mail.com,AU,2020-09-19,Premium,16783.28
5280,Patricia Garcia,patricia.garcia5280@example.com,BR,2018-05-07,Basic,48448.71
5281,Sophia Garcia,sophia.garcia5281@customer.net,JP,2024-05-30,Basic,3114.10
5282,Susan Perez,susan.perez5282@customer.net,IN,2018-03-21,Premium,27103.01
5283,Barbara Miller,barbara.miller5283@mail.com,MX,2025-04-02,Standard,23022.77
5284,Susan Martinez,susan.martinez5284@customer.net,BR,2019-07-02,Premium,38449.94
5285,James Smith,james.smith5285@mail.com,JP,2018-02-09,Basic,29726.99
5286,James Anderson,james.anderson5286@example.com,FR,2023-06-20,Basic,38857.92
5287,Thomas Lee,thomas.lee5287@customer.net,IN,2024-07-03,Premium,8294.64
5288,Jessica Thompson,jessica.thompson5288@example.com,MX,2023-10-10,Premium,13720.82
5289,William Martin,william.martin5289@mail.com,IN,2023-07-08,Basic,15292.97
5290,Joseph Wilson,joseph.wilson5290@mail.com,MX,2022-08-06,Standard,3057.33
5291,Jessica Martinez,jessica.martinez5291@shop.io,AU,2022-06-06,Standard,22137.92
5292,Susan Thomas,susan.thomas5292@customer.net,AU,2021-02-05,Premium,38693.36
5293,Thomas Garcia,thomas.garcia5293@example.com,JP,2024-07-28,Standard,24970.75
5294,Charles Lopez,charles.lopez5294@example.com,US,2020-03-04,Standard,16758.83
5295,Robert Jones,robert.jones5295@example.com,DE,2022-11-27,Premium,19920.37
5296,Linda Johnson,linda.johnson5296@mail.com,DE,2022-05-13,Basic,47606.55
5297,William Lopez,william.lopez5297@mail.com,AU,2022-12-21,Premium,12151.95
5298,Karen Thompson,karen.thompson5298@example.com,JP,2020-11-22,Premium,36648.79
5299,Linda Hernandez,linda.hernandez5299@example.com,IN,2023-10-11,Standard,7417.23
5300,Robert Rodriguez,robert.rodriguez5300@customer.net,IN,2023-05-15,Standard,6196.36
5301,David Thompson,david.thompson5301@mail.com,JP,2025-02-05,Basic,29718.37
5302,James Johnson,james.johnson5302@shop.io,FR,2022-06-25,Basic,46215.05
5303,Susan Martin,susan.martin5303@mail.com,FR,2019-07-12,Standard,21780.32
5304,Michael Rodriguez,michael.rodriguez5304@mail.com,DE,2023-12-23,Standard,34887.88
5305,Jennifer Taylor,jennifer.taylor5305@mail.com,JP,2019-07-27,Premium,24914.89
5306,Jennifer Garcia,jennifer.garcia5306@shop.io,MX,2020-05-01,Premium,1863.72
5307,Linda Thompson,linda.thompson5307@customer.net,US,2018-01-29,Basic,34677.02
5308,Elizabeth Jones,elizabeth.jones5308@mail.com,CA,2018-05-20,Premium,37178.87
5309,James Rodriguez,james.rodriguez5309@mail.com,FR,2020-08-13,Premium,34171.70
5310,Emma Lee,emma.lee5310@mail.com,BR,2021-02-24,Standard,19991.32
5311,Sophia Williams,sophia.williams5311@mail.com,AU,2025-03-29,Standard,44553.50
5312,Emma Smith,emma.smith5312@shop.io,JP,2020-06-16,Standard,5141.28
5313,Thomas Thompson,thomas.thompson5313@shop.io,UK,2023-05-10,Standard,28611.20
5314,Richard Moore,richard.moore5314@example.com,IN,2021-04-26,Standard,42223.11
5315,Barbara Martinez,barbara.martinez5315@shop.io,DE,2019-01-28,Standard,24524.43
5316,Ava Moore,ava.moore5316@mail.com,JP,2024-12-17,Basic,7951.36
5317,Elizabeth Smith,elizabeth.smith5317@shop.io,FR,2019-08-19,Basic,41212.99
5318,Michael Lee,michael.lee5318@customer.net,BR,2023-12-09,Standard,30875.34
5319,William Jones,william.jones5319@mail.com,MX,2018-06-05,Premium,30201.18
5320,Karen Martin,karen.martin5320@customer.net,BR,2020-06-10,Basic,10640.22
5321,Ava Lopez,ava.lopez5321@example.com,FR,2019-11-07,Premium,29733.75
5322,Barbara Jackson,barbara.jackson5322@customer.net,AU,2022-01-26,Premium,34078.67
5323,Noah Smith,noah.smith5323@mail.com,AU,2018-02-17,Standard,21852.00
5324,Noah Lee,noah.lee5324@customer.net,US,2022-07-10,Basic,22941.35
5325,Elizabeth Thomas,elizabeth.thomas5325@customer.net,JP,2019-01-19,Standard,41459.02
5326,Charles Perez,charles.perez5326@customer.net,FR,2019-08-06,Basic,29220.39
5327,Noah Martin,noah.martin5327@example.com,US,2020-08-04,Basic,16813.96
5328,Elizabeth Jones,elizabeth.jones5328@customer.net,IN,2019-11-23,Premium,5247.85
5329,Barbara Jackson,barbara.jackson5329@customer.net,FR,2022-12-15,Standard,10374.32
5330,Oliver Wilson,oliver.wilson5330@mail.com,MX,2024-10-08,Standard,30792.82
5331,Karen Martinez,karen.martinez5331@example.com,FR,2024-03-28,Basic,17458.53
5332,Noah Martinez,noah.martinez5332@customer.net,AU,2022-11-19,Basic,32680.61
5333,Michael Williams,michael.williams5333@customer.net,US,2023-10-05,Standard,10938.30
5334,Mary Jones,mary.jones5334@example.com,US,2025-06-05,Premium,36841.43
5335,Joseph Miller,joseph.miller5335@customer.net,IN,2020-06-26,Basic,37170.95
5336,Jennifer Lopez,jennifer.lopez5336@customer.net,JP,2020-04-19,Basic,35253.39
5337,Jennifer Garcia,jennifer.garcia5337@mail.com,CA,2023-08-31,Standard,13468.29
5338,Michael Martin,michael.martin5338@example.com,IN,2025-06-27,Standard,353.91
5339,Patricia Jackson,patricia.jackson5339@example.com,US,2024-10-06,Premium,15187.95
5340,Thomas Wilson,thomas.wilson5340@customer.net,US,2022-12-17,Premium,48810.51
5341,Noah Jones,noah.jones5341@customer.net,CA,2021-05-31,Standard,38700.11
5342,Sarah Jackson,sarah.jackson5342@mail.com,JP,2023-10-07,Standard,30740.48
5343,Emma Rodriguez,emma.rodriguez5343@example.com,JP,2022-10-31,Premium,39365.90
5344,Karen Perez,karen.perez5344@example.com,MX,2020-03-21,Standard,4926.70
5345,Susan Martinez,susan.martinez5345@shop.io,BR,2019-03-17,Premium,14349.65
5346,Sophia Thomas,sophia.thomas5346@mail.com,CA,2022-09-11,Standard,48072.16
5347,Elizabeth Rodriguez,elizabeth.rodriguez5347@customer.net,FR,2020-08-15,Basic,22079.94
5348,Sarah Johnson,sarah.johnson5348@shop.io,DE,2023-08-15,Basic,1596.72
5349,David Gonzalez,david.gonzalez5349@customer.net,AU,2018-12-26,Basic,9649.98
5350,Sarah Martinez,sarah.martinez5350@customer.net,JP,2019-01-06,Basic,26480.39
5351,Sophia Moore,sophia.moore5351@mail.com,JP,2021-01-25,Premium,40782.87
5352,Barbara Johnson,barbara.johnson5352@customer.net,BR,2021-07-30,Basic,10794.66
5353,Mary Gonzalez,mary.gonzalez5353@mail.com,AU,2018-08-25,Premium,12063.21
5354,Thomas Jackson,thomas.jackson5354@customer.net,CA,2022-05-30,Basic,47619.85
5355,Jennifer Rodriguez,jennifer.rodriguez5355@mail.com,CA,2020-08-09,Standard,12631.65
5356,Richard Martin,richard.martin5356@shop.io,DE,2019-04-05,Premium,41030.35
5357,Oliver Lopez,oliver.lopez5357@customer.net,US,2020-08-21,Basic,22648.48
5358,James Taylor,james.taylor5358@example.com,FR,2021-09-14,Standard,21038.41
5359,Elizabeth Gonzalez,elizabeth.gonzalez5359@customer.net,US,2021-05-12,Basic,40138.80
5360,Michael Thomas,michael.thomas5360@customer.net,CA,2022-12-13,Standard,23031.83
5361,Noah Jackson,noah.jackson5361@example.com,UK,2022-10-12,Premium,9394.51
5362,Patricia Hernandez,patricia.hernandez5362@example.com,FR,2024-06-11,Basic,20312.51
5363,David Lopez,david.lopez5363@customer.net,BR,2018-10-15,Basic,28195.14
5364,Emma Johnson,emma.johnson5364@example.com,CA,2019-05-18,Standard,26104.57
5365,Linda Miller,linda.miller5365@mail.com,AU,2019-06-21,Basic,20857.59
5366,Ava Perez,ava.perez5366@customer.net,US,2019-02-16,Premium,25829.68
5367,David Smith,david.smith5367@example.com,DE,2024-07-28,Standard,39291.67
5368,Jessica Miller,jessica.miller5368@example.com,UK,2018-05-08,Premium,9299.53
5369,Elizabeth Lopez,elizabeth.lopez5369@customer.net,UK,2024-01-29,Premium,45569.90
5370,Sarah Johnson,sarah.johnson5370@customer.net,UK,2024-09-14,Standard,30418.51
5371,Sophia Jackson,sophia.jackson5371@example.com,FR,2022-07-02,Basic,39242.07
5372,Barbara Johnson,barbara.johnson5372@shop.io,AU,2019-05-10,Basic,4834.95
5373,Noah Jackson,noah.jackson5373@mail.com,MX,2022-08-14,Basic,21957.30
5374,Thomas Wilson,thomas.wilson5374@customer.net,UK,2023-06-02,Premium,26859.77
5375,Emma Martinez,emma.martinez5375@mail.com,MX,2020-04-15,Basic,8230.51
5376,Sarah Thompson,sarah.thompson5376@shop.io,US,2023-07-02,Basic,5160.52
5377,Susan Williams,susan.williams5377@mail.com,MX,2020-06-20,Premium,40657.73
5378,John Miller,john.miller5378@shop.io,MX,2021-12-16,Premium,48089.84
5379,Mary Jackson,mary.jackson5379@shop.io,US,2025-06-19,Premium,47189.09
5380,Michael Thomas,michael.thomas5380@example.com,JP,2023-07-25,Standard,26155.29
5381,Barbara Gonzalez,barbara.gonzalez5381@mail.com,JP,2020-11-10,Basic,444.56
5382,Richard Brown,richard.brown5382@example.com,DE,2022-08-25,Basic,6652.28
5383,Mary Lee,mary.lee5383@mail.com,US,2022-05-10,Basic,49832.37
5384,Barbara Williams,barbara.williams5384@customer.net,AU,2023-07-02,Basic,4755.79
5385,Patricia Brown,patricia.brown5385@customer.net,US,2025-03-19,Premium,27147.91
5386,Patricia Perez,patricia.perez5386@mail.com,FR,2024-11-22,Basic,46315.63
5387,Michael Johnson,michael.johnson5387@mail.com,AU,2022-01-02,Basic,43753.34
5388,Thomas Thomas,thomas.thomas5388@mail.com,US,2022-10-24,Premium,11135.97
5389,Elizabeth Perez,elizabeth.perez5389@shop.io,MX,2022-10-30,Basic,32939.45
5390,Thomas Thompson,thomas.thompson5390@example.com,US,2024-07-14,Basic,19406.46
5391,Patricia Jackson,patricia.jackson5391@customer.net,BR,2018-07-18,Standard,18029.58
5392,Barbara Garcia,barbara.garcia5392@example.com,UK,2019-08-01,Premium,42143.16
5393,Susan Smith,susan.smith5393@example.com,IN,2021-01-27,Premium,47077.09
5394,Sarah Smith,sarah.smith5394@shop.io,CA,2022-07-26,Premium,43834.49
5395,Ava Williams,ava.williams5395@customer.net,UK,2020-11-17,Premium,40241.66
5396,Sarah Davis,sarah.davis5396@shop.io,IN,2024-04-28,Standard,13254.24
5397,Charles Lopez,charles.lopez5397@example.com,IN,2018-02-17,Basic,34037.21
5398,Noah Hernandez,noah.hernandez5398@example.com,IN,2019-06-24,Basic,47238.75
5399,William Hernandez,william.hernandez5399@customer.net,IN,2024-08-30,Basic,11099.88
5400,Karen Lee,karen.lee5400@shop.io,MX,2025-05-02,Premium,24406.86
5401,Robert Martin,robert.martin5401@shop.io,UK,2021-06-03,Premium,33291.26
5402,Oliver Smith,oliver.smith5402@shop.io,MX,2022-01-10,Standard,46502.64
5403,Emma Anderson,emma.anderson5403@customer.net,DE,2021-07-19,Premium,33756.69
5404,Emma Moore,emma.moore5404@shop.io,JP,2022-07-22,Standard,30280.50
5405,Karen Lopez,karen.lopez5405@mail.com,US,2019-01-28,Standard,46913.92
5406,Elizabeth Thomas,elizabeth.thomas5406@mail.com,BR,2025-01-24,Standard,6260.79
5407,Elizabeth Perez,elizabeth.perez5407@customer.net,BR,2021-08-04,Basic,45341.16
5408,Robert Perez,robert.perez5408@customer.net,DE,2024-10-29,Standard,47870.00
5409,John Brown,john.brown5409@customer.net,IN,2019-07-16,Basic,27053.14
5410,Susan Smith,susan.smith5410@mail.com,CA,2024-09-10,Basic,6460.99
5411,Richard Moore,richard.moore5411@customer.net,JP,2025-04-18,Premium,6334.30
5412,Barbara Gonzalez,barbara.gonzalez5412@mail.com,JP,2023-07-05,Basic,14838.08
5413,Jennifer Williams,jennifer.williams5413@shop.io,JP,2019-06-26,Premium,4428.17
5414,Robert Hernandez,robert.hernandez5414@mail.com,CA,2020-01-05,Premium,17076.11
5415,David Gonzalez,david.gonzalez5415@example.com,US,2023-11-05,Standard,37281.72
5416,Thomas Martin,thomas.martin5416@shop.io,MX,2022-05-19,Premium,22685.54
5417,Patricia Lopez,patricia.lopez5417@example.com,AU,2019-09-08,Premium,31334.27
5418,Noah Davis,noah.davis5418@shop.io,FR,2018-12-26,Premium,35977.70
5419,Thomas Rodriguez,thomas.rodriguez5419@shop.io,IN,2018-03-10,Standard,30669.71
5420,Karen Davis,karen.davis5420@shop.io,DE,2020-09-19,Premium,6431.08
5421,Ava Thompson,ava.thompson5421@example.com,US,2024-10-12,Premium,44171.25
5422,Charles Rodriguez,charles.rodriguez5422@shop.io,FR,2019-03-23,Standard,45447.78
5423,Emma Williams,emma.williams5423@shop.io,US,2024-01-14,Standard,25648.48
5424,William Thompson,william.thompson5424@mail.com,JP,2023-05-28,Basic,38126.74
5425,Robert Thompson,robert.thompson5425@shop.io,US,2019-09-01,Premium,46405.71
5426,Susan Taylor,susan.taylor5426@mail.com,FR,2019-01-15,Premium,24655.10
5427,Charles Perez,charles.perez5427@example.com,BR,2019-03-23,Basic,873.08
5428,Mary Perez,mary.perez5428@customer.net,DE,2021-06-26,Premium,48673.85
5429,Barbara Anderson,barbara.anderson5429@customer.net,FR,2021-09-23,Standard,25246.34
5430,Joseph Martinez,joseph.martinez5430@shop.io,DE,2022-09-05,Premium,38385.50
5431,Elizabeth Taylor,elizabeth.taylor5431@mail.com,FR,2023-07-17,Basic,7539.78
5432,Elizabeth Martinez,elizabeth.martinez5432@mail.com,DE,2025-03-03,Standard,10209.69
5433,Patricia Williams,patricia.williams5433@customer.net,BR,2024-03-31,Premium,27721.57
5434,David Johnson,david.johnson5434@mail.com,CA,2021-10-09,Standard,11597.02
5435,Noah Taylor,noah.taylor5435@mail.com,BR,2023-04-17,Premium,455.06
5436,William Anderson,william.anderson5436@customer.net,JP,2022-11-18,Standard,45762.57
5437,Ava Johnson,ava.johnson5437@mail.com,BR,2024-02-15,Standard,15031.48
5438,Ava Thompson,ava.thompson5438@customer.net,UK,2025-06-17,Premium,2875.22
5439,Jessica Hernandez,jessica.hernandez5439@mail.com,UK,2020-05-31,Basic,45574.15
5440,Sarah Lopez,sarah.lopez5440@mail.com,UK,2022-03-02,Basic,6899.58
5441,Robert Brown,robert.brown5441@example.com,JP,2021-04-25,Basic,44934.04
5442,John Rodriguez,john.rodriguez5442@shop.io,FR,2018-01-16,Basic,40970.02
5443,James Gonzalez,james.gonzalez5443@example.com,CA,2021-03-18,Standard,7202.60
5444,Karen Gonzalez,karen.gonzalez5444@shop.io,AU,2023-03-05,Standard,13633.92
5445,Michael Miller,michael.miller5445@example.com,MX,2024-11-13,Standard,4924.56
5446,Patricia Perez,patricia.perez5446@shop.io,FR,2020-07-19,Premium,44369.48
5447,Charles Anderson,charles.anderson5447@mail.com,MX,2022-11-06,Basic,23423.41
5448,John Smith,john.smith5448@example.com,FR,2025-02-06,Standard,11391.70
5449,Elizabeth Martin,elizabeth.martin5449@customer.net,AU,2024-02-02,Basic,17861.64
5450,Sarah Thompson,sarah.thompson5450@customer.net,UK,2023-12-14,Basic,25378.75
5451,Jessica Taylor,jessica.taylor5451@customer.net,US,2019-06-20,Premium,18381.16
5452,Charles Jones,charles.jones5452@customer.net,MX,2020-11-11,Premium,22871.59
5453,Linda Taylor,linda.taylor5453@mail.com,JP,2021-03-27,Basic,43387.52
5454,Michael Miller,michael.miller5454@example.com,DE,2019-11-17,Premium,11532.68
5455,Karen Hernandez,karen.hernandez5455@shop.io,BR,2018-06-17,Standard,787.63
5456,Joseph Miller,joseph.miller5456@example.com,CA,2023-11-22,Premium,39898.03
5457,Sarah Anderson,sarah.anderson5457@shop.io,JP,2023-04-16,Basic,42939.27
5458,William Smith,william.smith5458@customer.net,US,2020-06-24,Standard,19311.29
5459,Sophia Lopez,,US,2018-01-16,Basic,48352.25
5460,Richard Thompson,richard.thompson5460@mail.com,DE,2024-03-01,Premium,6095.29
5461,Jennifer Perez,jennifer.perez5461@mail.com,UK,2024-07-07,Premium,42949.99
5462,Thomas Wilson,thomas.wilson5462@mail.com,JP,2024-03-25,Standard,38151.61
5463,Robert Wilson,robert.wilson5463@shop.io,FR,2024-09-18,Premium,9958.31
5464,James Martinez,james.martinez5464@shop.io,MX,2022-10-31,Basic,8388.38
5465,Sophia Johnson,sophia.johnson5465@customer.net,IN,2025-05-27,Standard,1719.83
5466,William Moore,william.moore5466@shop.io,FR,2019-01-23,Premium,10198.99
5467,Emma Rodriguez,emma.rodriguez5467@mail.com,AU,2023-11-05,Basic,13928.15
5468,Sarah Williams,sarah.williams5468@example.com,BR,2025-05-18,Standard,49074.19
5469,Susan Lopez,susan.lopez5469@example.com,DE,2020-12-06,Premium,6005.75
5470,Richard Davis,richard.davis5470@customer.net,BR,2018-12-28,Standard,37881.39
5471,James Martinez,james.martinez5471@mail.com,IN,2020-10-30,Basic,47489.55
5472,Patricia Williams,patricia.williams5472@customer.net,AU,2024-07-01,Standard,46293.24
5473,Noah Moore,noah.moore5473@shop.io,MX,2020-11-22,Premium,3755.25
5474,Linda Thomas,linda.thomas5474@mail.com,UK,2020-05-04,Standard,9751.72
5475,Ava Gonzalez,ava.gonzalez5475@shop.io,MX,2023-07-27,Premium,24494.17
5476,Joseph Wilson,joseph.wilson5476@customer.net,JP,2023-06-23,Standard,28441.00
5477,Barbara Moore,barbara.moore5477@customer.net,UK,2020-05-04,Standard,4556.01
5478,William Martin,william.martin5478@example.com,MX,2021-11-18,Premium,38744.04
5479,Sarah Smith,sarah.smith5479@shop.io,DE,2022-11-06,Standard,42762.76
5480,Michael Miller,michael.miller5480@example.com,JP,2022-07-22,Premium,18229.64
5481,James Johnson,james.johnson5481@example.com,UK,2018-12-02,Premium,30528.49
5482,David Martinez,david.martinez5482@example.com,CA,2021-03-05,Premium,37494.24
5483,Susan Rodriguez,susan.rodriguez5483@customer.net,MX,2019-10-03,Premium,13151.27
5484,Charles Martin,charles.martin5484@example.com,UK,2018-01-11,Basic,26276.26
5485,Richard Brown,richard.brown5485@customer.net,CA,2023-03-01,Basic,30319.44
5486,Elizabeth Lee,elizabeth.lee5486@example.com,AU,2023-05-26,Premium,26562.74
5487,James Gonzalez,james.gonzalez5487@customer.net,MX,2024-06-02,Standard,23143.31
5488,Linda Gonzalez,linda.gonzalez5488@customer.net,DE,2018-05-30,Basic,33811.66
5489,Patricia Johnson,,FR,2023-02-20,Premium,21674.18
5490,Linda Perez,linda.perez5490@mail.com,US,2022-01-30,Basic,39942.08
5491,Charles Jackson,charles.jackson5491@customer.net,DE,2020-12-29,Standard,31060.44
5492,Jessica Brown,jessica.brown5492@shop.io,AU,2022-12-24,Basic,9853.91
5493,Sophia Thomas,sophia.thomas5493@customer.net,US,2019-05-01,Premium,34096.39
5494,Elizabeth Perez,elizabeth.perez5494@example.com,JP,2023-08-07,Premium,31304.98
5495,Jennifer Wilson,jennifer.wilson5495@example.com,MX,2022-10-03,Basic,17082.55
5496,Thomas Moore,thomas.moore5496@customer.net,UK,2018-05-24,Basic,17216.81
5497,Karen Thomas,karen.thomas5497@mail.com,AU,2023-08-14,Standard,49316.86
5498,Jessica Jackson,jessica.jackson5498@shop.io,FR,2020-03-07,Standard,13762.95
5499,Jessica Johnson,jessica.johnson5499@mail.com,IN,2020-04-02,Premium,24551.11
5500,Jessica Perez,jessica.perez5500@customer.net,AU,2024-09-01,Standard,40442.91
5501,William Hernandez,william.hernandez5501@customer.net,IN,2022-04-27,Basic,13038.22
5502,Charles Lee,charles.lee5502@shop.io,JP,2018-11-17,Standard,17743.80
5503,Emma Davis,emma.davis5503@shop.io,JP,2020-11-01,Standard,32423.94
5504,Ava Lee,,CA,2018-04-07,Standard,12142.74
5505,Jessica Garcia,jessica.garcia5505@example.com,BR,2021-01-22,Basic,41604.30
5506,Thomas Martin,thomas.martin5506@customer.net,AU,2020-07-18,Basic,31224.79
5507,David Smith,david.smith5507@mail.com,JP,2021-12-02,Standard,27742.88
5508,Mary Thomas,mary.thomas5508@example.com,AU,2020-07-29,Basic,10874.02
5509,Noah Moore,noah.moore5509@shop.io,IN,2024-07-05,Premium,9407.83
5510,Karen Brown,karen.brown5510@mail.com,IN,2024-09-27,Standard,15216.90
5511,Noah Taylor,noah.taylor5511@example.com,CA,2018-04-30,Standard,11148.40
5512,Michael Johnson,michael.johnson5512@shop.io,UK,2021-12-11,Premium,36113.36
5513,Richard Miller,richard.miller5513@mail.com,CA,2018-05-01,Standard,5257.65
5514,Noah Jones,noah.jones5514@customer.net,AU,2023-10-17,Premium,43480.52
5515,Joseph Lee,joseph.lee5515@customer.net,FR,2020-04-07,Standard,46233.80
5516,Joseph Rodriguez,joseph.rodriguez5516@customer.net,CA,2022-06-03,Standard,37303.79
5517,Linda Miller,linda.miller5517@mail.com,JP,2020-03-16,Basic,31004.62
5518,William Brown,william.brown5518@shop.io,MX,2019-08-24,Premium,35464.73
5519,Sophia Jackson,sophia.jackson5519@shop.io,UK,2018-08-07,Premium,1155.30
5520,Emma Thomas,emma.thomas5520@customer.net,US,2023-06-02,Basic,5597.73
5521,Karen Hernandez,karen.hernandez5521@example.com,IN,2021-05-09,Basic,13192.30
5522,Joseph Thomas,joseph.thomas5522@customer.net,FR,2023-10-25,Premium,49792.65
5523,James Wilson,james.wilson5523@example.com,CA,2020-10-27,Premium,44483.37
5524,Joseph Lee,joseph.lee5524@shop.io,CA,2023-04-22,Basic,29543.10
5525,David Smith,david.smith5525@shop.io,DE,2022-08-06,Premium,9367.90
5526,Joseph Smith,joseph.smith5526@customer.net,BR,2023-04-11,Standard,21692.38
5527,Jessica Johnson,jessica.johnson5527@customer.net,UK,2025-02-20,Basic,27133.39
5528,Patricia Garcia,patricia.garcia5528@mail.com,FR,2022-06-23,Premium,43148.49
5529,Charles Brown,charles.brown5529@mail.com,FR,2023-07-09,Standard,12752.32
5530,Karen Lee,karen.lee5530@shop.io,UK,2020-04-28,Premium,24961.64
5531,Thomas Anderson,thomas.anderson5531@example.com,AU,2023-08-31,Premium,24515.01
5532,John Johnson,john.johnson5532@customer.net,AU,2019-05-03,Premium,40951.62
5533,William Johnson,william.johnson5533@customer.net,US,2023-02-07,Basic,10328.75
5534,Sarah Perez,sarah.perez5534@shop.io,JP,2023-12-15,Basic,13518.34
5535,Michael Smith,michael.smith5535@mail.com,CA,2023-10-21,Standard,23175.76
5536,Susan Hernandez,susan.hernandez5536@shop.io,US,2021-04-07,Standard,31047.53
5537,Jessica Garcia,jessica.garcia5537@example.com,MX,2018-02-10,Premium,5972.43
5538,Joseph Moore,joseph.moore5538@mail.com,IN,2020-11-15,Premium,36993.91
5539,John Wilson,john.wilson5539@customer.net,BR,2021-08-26,Basic,31246.32
5540,William Rodriguez,william.rodriguez5540@shop.io,US,2024-03-06,Basic,32983.55
5541,David Jackson,david.jackson5541@mail.com,US,2020-03-29,Premium,48588.71
5542,Mary Anderson,mary.anderson5542@shop.io,IN,2018-01-21,Basic,41259.95
5543,Robert Wilson,robert.wilson5543@example.com,UK,2022-01-21,Premium,10415.46
5544,Emma Johnson,emma.johnson5544@mail.com,MX,2024-09-15,Basic,31160.28
5545,Richard Miller,richard.miller5545@mail.com,US,2024-09-25,Premium,45521.69
5546,Barbara Gonzalez,barbara.gonzalez5546@shop.io,CA,2018-01-14,Premium,1564.65
5547,Karen Lee,karen.lee5547@example.com,AU,2021-02-01,Premium,40235.09
5548,Oliver Anderson,oliver.anderson5548@mail.com,DE,2018-04-16,Premium,7383.88
5549,Emma Martin,emma.martin5549@shop.io,FR,2019-01-18,Basic,48821.96
5550,David Smith,david.smith5550@example.com,CA,2019-06-09,Premium,4011.46
5551,Sarah Jones,sarah.jones5551@example.com,IN,2023-10-20,Premium,40406.60
5552,Mary Martinez,mary.martinez5552@example.com,US,2024-05-09,Premium,45511.37
5553,Mary Lopez,mary.lopez5553@shop.io,BR,2021-03-25,Basic,22469.54
5554,Thomas Lopez,thomas.lopez5554@customer.net,JP,2024-09-23,Standard,44260.31
5555,Charles Taylor,charles.taylor5555@mail.com,CA,2021-09-11,Basic,34027.46
5556,Linda Taylor,linda.taylor5556@example.com,AU,2018-12-13,Basic,7925.02
5557,Robert Perez,robert.perez5557@mail.com,BR,2019-07-20,Standard,46596.69
5558,Robert Jackson,robert.jackson5558@shop.io,UK,2023-08-29,Standard,9314.83
5559,Barbara Lopez,barbara.lopez5559@customer.net,IN,2023-12-03,Basic,33103.02
5560,John Hernandez,john.hernandez5560@shop.io,MX,2018-06-18,Premium,2776.52
5561,Thomas Brown,thomas.brown5561@customer.net,MX,2021-09-06,Standard,13163.91
5562,Thomas Anderson,thomas.anderson5562@customer.net,UK,2021-10-18,Premium,41245.39
5563,Sophia Martinez,sophia.martinez5563@shop.io,MX,2019-04-17,Basic,42280.80
5564,Noah Smith,noah.smith5564@mail.com,CA,2021-03-26,Standard,35621.08
5565,Mary Davis,mary.davis5565@shop.io,US,2022-12-23,Standard,29823.41
5566,Barbara Lopez,barbara.lopez5566@shop.io,MX,2020-05-11,Standard,43061.03
5567,Thomas Taylor,thomas.taylor5567@example.com,US,2023-09-11,Basic,6791.80
5568,Robert Anderson,robert.anderson5568@customer.net,AU,2021-05-13,Standard,38405.19
5569,Joseph Lee,joseph.lee5569@customer.net,JP,2021-01-17,Standard,28763.75
5570,Jennifer Lopez,jennifer.lopez5570@shop.io,UK,2019-06-01,Premium,25764.28
5571,Robert Martinez,robert.martinez5571@mail.com,JP,2024-09-07,Standard,30823.17
5572,James Thomas,james.thomas5572@example.com,CA,2021-09-17,Standard,30032.28
5573,Elizabeth Moore,elizabeth.moore5573@shop.io,MX,2022-09-01,Standard,44829.76
5574,Noah Brown,noah.brown5574@customer.net,IN,2019-06-28,Premium,33919.44
5575,David Wilson,david.wilson5575@customer.net,UK,2019-09-23,Standard,18264.28
5576,Linda Hernandez,linda.hernandez5576@example.com,DE,2023-01-19,Standard,22392.89
5577,Karen Smith,karen.smith5577@customer.net,CA,2019-05-23,Premium,45572.19
5578,Robert Thomas,robert.thomas5578@mail.com,JP,2022-06-16,Standard,9947.48
5579,John Martinez,john.martinez5579@shop.io,UK,2025-01-14,Premium,13887.62
5580,Jessica Lee,jessica.lee5580@example.com,US,2021-10-20,Standard,48023.07
5581,David Moore,david.moore5581@mail.com,CA,2021-12-17,Standard,31162.10
5582,David Lopez,david.lopez5582@customer.net,DE,2019-05-19,Standard,49605.92
5583,Oliver Miller,oliver.miller5583@mail.com,AU,2025-05-19,Standard,34997.83
5584,Sophia Wilson,sophia.wilson5584@customer.net,BR,2018-08-10,Basic,41036.56
5585,Karen Lopez,karen.lopez5585@example.com,CA,2024-07-05,Premium,1595.47
5586,Susan Thompson,susan.thompson5586@example.com,CA,2020-04-02,Premium,23735.10
5587,Barbara Hernandez,barbara.hernandez5587@customer.net,BR,2021-08-08,Premium,4765.14
5588,Ava Jackson,ava.jackson5588@customer.net,MX,2020-08-06,Premium,19609.35
5589,Richard Johnson,richard.johnson5589@mail.com,UK,2025-06-30,Basic,21069.67
5590,Thomas Jackson,thomas.jackson5590@shop.io,US,2018-12-27,Premium,18490.83
5591,Sophia Moore,sophia.moore5591@mail.com,MX,2018-11-17,Premium,5490.54
5592,Michael Garcia,michael.garcia5592@example.com,DE,2022-07-21,Standard,2519.53
5593,Karen Thompson,karen.thompson5593@mail.com,FR,2020-06-08,Basic,21728.11
5594,Jessica Jackson,jessica.jackson5594@example.com,DE,2018-01-10,Basic,33488.64
5595,Linda Moore,linda.moore5595@customer.net,BR,2019-11-26,Basic,49714.71
5596,John Moore,john.moore5596@mail.com,BR,2021-05-02,Standard,47634.31
5597,Joseph Taylor,joseph.taylor5597@example.com,IN,2023-01-29,Standard,20268.61
5598,Noah Rodriguez,noah.rodriguez5598@mail.com,US,2024-02-05,Premium,15018.98
5599,Ava Williams,ava.williams5599@mail.com,CA,2020-02-03,Basic,38319.64
5600,Susan Martinez,susan.martinez5600@customer.net,CA,2019-09-02,Basic,40826.98
5601,Elizabeth Rodriguez,elizabeth.rodriguez5601@example.com,CA,2023-03-12,Basic,27984.38
5602,Sophia Perez,sophia.perez5602@mail.com,JP,2024-09-20,Standard,20382.60
5603,Joseph Martin,joseph.martin5603@shop.io,BR,2019-01-16,Basic,34683.52
5604,Jessica Anderson,jessica.anderson5604@shop.io,CA,2024-11-01,Basic,8521.36
5605,Richard Taylor,richard.taylor5605@customer.net,UK,2021-06-07,Standard,19262.70
5606,Karen Miller,karen.miller5606@shop.io,FR,2019-01-12,Standard,16581.03
5607,Susan Gonzalez,susan.gonzalez5607@shop.io,DE,2020-03-13,Basic,14029.52
5608,Robert Lee,robert.lee5608@customer.net,MX,2018-02-15,Basic,46943.25
5609,Richard Rodriguez,richard.rodriguez5609@customer.net,IN,2022-09-10,Basic,49800.37
5610,Thomas Williams,thomas.williams5610@example.com,BR,2020-01-16,Premium,28869.27
5611,Robert Davis,robert.davis5611@mail.com,CA,2022-04-21,Basic,24583.20
5612,Jennifer Johnson,jennifer.johnson5612@mail.com,JP,2020-05-01,Premium,24349.92
5613,Sarah Rodriguez,sarah.rodriguez5613@example.com,IN,2018-09-21,Premium,25782.58
5614,Jessica Martinez,jessica.martinez5614@shop.io,JP,2023-08-16,Premium,2667.74
5615,William Hernandez,william.hernandez5615@shop.io,MX,2022-04-27,Basic,40024.13
5616,David Perez,david.perez5616@customer.net,IN,2025-04-23,Basic,45811.15
5617,Barbara Anderson,barbara.anderson5617@customer.net,BR,2018-01-09,Premium,44345.94
5618,David Williams,david.williams5618@mail.com,IN,2025-02-22,Basic,24000.97
5619,Susan Rodriguez,susan.rodriguez5619@shop.io,MX,2020-12-17,Premium,48408.94
5620,Linda Garcia,linda.garcia5620@customer.net,US,2022-02-14,Standard,5457.81
5621,Susan Lopez,susan.lopez5621@mail.com,CA,2020-11-03,Premium,2211.32
5622,Elizabeth Jones,elizabeth.jones5622@example.com,BR,2022-11-02,Standard,12577.99
5623,Ava Brown,ava.brown5623@shop.io,DE,2018-07-27,Premium,16357.27
5624,Emma Jackson,emma.jackson5624@example.com,MX,2023-12-02,Standard,33566.42
5625,Oliver Smith,oliver.smith5625@shop.io,IN,2022-03-13,Basic,5153.96
5626,Linda Hernandez,linda.hernandez5626@shop.io,US,2024-02-04,Premium,31332.80
5627,Michael Garcia,michael.garcia5627@mail.com,MX,2023-08-13,Standard,44962.23
5628,Susan Thompson,susan.thompson5628@mail.com,DE,2023-06-30,Basic,29593.08
5629,Ava Johnson,ava.johnson5629@shop.io,DE,2020-04-28,Premium,27443.56
5630,James Gonzalez,james.gonzalez5630@example.com,BR,2024-11-26,Premium,36860.25
5631,Jessica Johnson,jessica.johnson5631@example.com,AU,2019-09-11,Premium,30196.62
5632,Thomas Rodriguez,thomas.rodriguez5632@shop.io,JP,2025-05-04,Standard,29060.90
5633,Sophia Wilson,sophia.wilson5633@shop.io,MX,2024-09-17,Premium,16754.24
5634,Robert Thomas,robert.thomas5634@example.com,DE,2021-12-10,Basic,31059.78
5635,Patricia Brown,patricia.brown5635@shop.io,FR,2021-07-20,Basic,41099.38
5636,Mary Martinez,mary.martinez5636@example.com,JP,2023-05-17,Basic,44852.80
5637,Noah Lopez,noah.lopez5637@example.com,FR,2018-06-14,Standard,3932.85
5638,Karen Jones,karen.jones5638@mail.com,UK,2022-07-03,Basic,29424.93
5639,Elizabeth Hernandez,elizabeth.hernandez5639@mail.com,JP,2019-03-28,Standard,49917.28
5640,Linda Jones,linda.jones5640@example.com,CA,2020-10-03,Premium,30518.49
5641,Joseph Martinez,joseph.martinez5641@mail.com,UK,2020-01-06,Standard,21306.75
5642,Barbara Gonzalez,barbara.gonzalez5642@example.com,DE,2020-06-26,Premium,20145.13
5643,Susan Lopez,susan.lopez5643@shop.io,BR,2018-04-01,Standard,38165.45
5644,William Anderson,william.anderson5644@shop.io,AU,2021-10-17,Premium,21107.22
5645,Robert Johnson,robert.johnson5645@mail.com,IN,2025-01-20,Standard,37394.74
5646,Robert Anderson,robert.anderson5646@shop.io,UK,2018-02-01,Premium,44474.03
5647,Barbara Perez,barbara.perez5647@customer.net,BR,2023-06-20,Premium,21370.67
5648,James Hernandez,james.hernandez5648@customer.net,UK,2018-10-18,Premium,4253.13
5649,Thomas Williams,thomas.williams5649@customer.net,JP,2024-09-18,Premium,40528.62
5650,Linda Lopez,linda.lopez5650@mail.com,MX,2020-07-29,Basic,45960.25
5651,James Lee,james.lee5651@shop.io,CA,2023-12-10,Standard,36730.38
5652,Ava Hernandez,ava.hernandez5652@example.com,IN,2021-09-17,Standard,40903.20
5653,Joseph Jackson,joseph.jackson5653@shop.io,FR,2019-08-19,Premium,35342.55
5654,Linda Johnson,linda.johnson5654@mail.com,CA,2019-12-25,Standard,34201.86
5655,Susan Taylor,susan.taylor5655@shop.io,AU,2019-03-29,Basic,1325.04
5656,Noah Johnson,noah.johnson5656@shop.io,UK,2025-04-26,Premium,16217.39
5657,Elizabeth Moore,elizabeth.moore5657@example.com,AU,2019-02-08,Premium,30378.90
5658,Michael Martinez,michael.martinez5658@customer.net,AU,2020-10-12,Premium,49028.00
5659,Michael Davis,michael.davis5659@example.com,AU,2023-05-29,Basic,38635.07
5660,Ava Martinez,ava.martinez5660@mail.com,JP,2018-08-05,Premium,28924.18
5661,Sarah Martinez,sarah.martinez5661@example.com,IN,2020-12-15,Premium,22596.77
5662,Joseph Johnson,joseph.johnson5662@mail.com,UK,2023-03-10,Premium,41439.86
5663,Noah Rodriguez,noah.rodriguez5663@customer.net,US,2019-04-01,Premium,17116.35
5664,Ava Martin,ava.martin5664@mail.com,BR,2020-07-06,Premium,46029.23
5665,Emma Jackson,emma.jackson5665@customer.net,UK,2023-01-14,Basic,42044.32
5666,Sarah Lopez,sarah.lopez5666@customer.net,BR,2019-03-21,Standard,18991.70
5667,Joseph Lopez,joseph.lopez5667@example.com,AU,2024-10-11,Premium,24729.67
5668,Noah Davis,noah.davis5668@mail.com,US,2018-10-11,Premium,34312.99
5669,Noah Lopez,noah.lopez5669@example.com,IN,2024-10-20,Basic,9541.30
5670,Ava Lee,ava.lee5670@example.com,JP,2024-08-08,Premium,49751.76
5671,Richard Martinez,richard.martinez5671@customer.net,US,2023-10-28,Basic,35698.04
5672,William Martinez,william.martinez5672@example.com,IN,2021-12-06,Basic,35897.03
5673,Emma Martinez,emma.martinez5673@shop.io,DE,2021-09-30,Basic,10211.33
5674,Barbara Anderson,barbara.anderson5674@example.com,JP,2022-04-15,Standard,434.65
5675,William Gonzalez,william.gonzalez5675@mail.com,US,2023-04-05,Basic,44048.73
5676,David Wilson,david.wilson5676@mail.com,DE,2023-01-18,Premium,29090.23
5677,Jennifer Wilson,jennifer.wilson5677@example.com,DE,2025-01-30,Basic,19212.94
5678,Noah Williams,noah.williams5678@example.com,BR,2022-11-22,Basic,43050.97
5679,James Brown,james.brown5679@example.com,MX,2020-06-21,Standard,41938.01
5680,Charles Lee,charles.lee5680@example.com,MX,2021-02-14,Basic,274.06
5681,Sarah Williams,sarah.williams5681@customer.net,US,2018-07-20,Premium,49733.71
5682,Jessica Thompson,jessica.thompson5682@customer.net,DE,2023-12-01,Premium,17301.81
5683,Oliver Perez,oliver.perez5683@customer.net,JP,2023-07-04,Standard,39266.24
5684,John Rodriguez,john.rodriguez5684@customer.net,DE,2022-04-29,Basic,6559.16
5685,Patricia Brown,patricia.brown5685@shop.io,IN,2025-04-06,Basic,38668.12
5686,Karen Gonzalez,karen.gonzalez5686@shop.io,IN,2018-04-26,Standard,22534.94
5687,Emma Hernandez,emma.hernandez5687@shop.io,IN,2024-04-24,Basic,5692.22
5688,Charles Garcia,charles.garcia5688@mail.com,US,2021-12-21,Premium,48549.62
5689,Barbara Gonzalez,barbara.gonzalez5689@mail.com,MX,2025-06-08,Standard,39874.31
5690,Noah Taylor,noah.taylor5690@mail.com,AU,2018-07-03,Premium,24849.85
5691,Patricia Wilson,patricia.wilson5691@customer.net,CA,2023-11-21,Standard,31984.21
5692,Michael Lopez,michael.lopez5692@example.com,BR,2019-06-20,Basic,5738.98
5693,Noah Thomas,noah.thomas5693@shop.io,BR,2023-01-15,Standard,25006.39
5694,Karen Davis,karen.davis5694@shop.io,MX,2024-12-26,Basic,33936.89
5695,David Lee,david.lee5695@shop.io,FR,2024-01-09,Premium,18704.90
5696,Karen Jackson,karen.jackson5696@customer.net,UK,2019-12-28,Standard,7315.31
5697,Mary Williams,mary.williams5697@mail.com,US,2022-04-06,Standard,21346.70
5698,Charles Brown,charles.brown5698@mail.com,IN,2023-07-04,Premium,28908.79
5699,Charles Wilson,charles.wilson5699@mail.com,FR,2022-02-22,Premium,33944.36
5700,Michael Lee,michael.lee5700@example.com,FR,2024-03-23,Standard,27884.88
5701,Mary Hernandez,mary.hernandez5701@customer.net,BR,2019-06-28,Basic,39912.33
5702,Noah Thomas,noah.thomas5702@shop.io,FR,2020-08-22,Standard,42170.81
5703,Jennifer Wilson,jennifer.wilson5703@mail.com,US,2019-07-11,Basic,33809.28
5704,Sophia Moore,sophia.moore5704@customer.net,CA,2023-05-21,Basic,6282.11
5705,Jennifer Moore,jennifer.moore5705@mail.com,IN,2024-08-17,Basic,29502.76
5706,Elizabeth Lopez,elizabeth.lopez5706@example.com,JP,2020-08-03,Basic,48680.36
5707,Robert Jones,robert.jones5707@mail.com,UK,2022-12-10,Basic,23058.49
5708,Susan Hernandez,susan.hernandez5708@example.com,FR,2024-05-14,Basic,13917.46
5709,Noah Anderson,noah.anderson5709@shop.io,US,2021-07-19,Standard,48275.25
5710,Ava Perez,ava.perez5710@customer.net,JP,2024-04-23,Premium,22988.13
5711,Michael Williams,michael.williams5711@mail.com,CA,2020-05-17,Standard,32072.87
5712,Michael Lopez,michael.lopez5712@mail.com,BR,2018-11-10,Premium,34527.71
5713,Jessica Lopez,jessica.lopez5713@example.com,MX,2019-07-31,Standard,7980.26
5714,Karen Rodriguez,karen.rodriguez5714@example.com,FR,2022-04-08,Basic,35121.28
5715,Barbara Anderson,barbara.anderson5715@shop.io,IN,2020-02-03,Basic,12903.44
5716,Michael Jackson,michael.jackson5716@example.com,IN,2024-01-04,Standard,44506.61
5717,Joseph Smith,joseph.smith5717@shop.io,AU,2018-03-09,Standard,28674.23
5718,William Davis,william.davis5718@shop.io,CA,2019-03-11,Premium,39313.88
5719,John Smith,john.smith5719@shop.io,DE,2023-06-17,Basic,29690.92
5720,William Martin,william.martin5720@mail.com,AU,2021-02-14,Basic,7597.66
5721,James Brown,james.brown5721@example.com,BR,2024-02-14,Basic,30786.13
5722,Karen Martin,karen.martin5722@example.com,FR,2019-09-30,Basic,29352.55
5723,Barbara Anderson,barbara.anderson5723@shop.io,FR,2023-12-06,Standard,39849.06
5724,Emma Williams,emma.williams5724@example.com,UK,2021-08-23,Basic,25024.27
5725,Michael Martinez,michael.martinez5725@customer.net,AU,2022-06-09,Premium,32186.98
5726,Susan Martinez,susan.martinez5726@mail.com,IN,2020-02-07,Standard,41625.26
5727,David Hernandez,david.hernandez5727@shop.io,IN,2019-10-29,Premium,45610.42
5728,Patricia Davis,patricia.davis5728@shop.io,CA,2022-05-14,Basic,35488.83
5729,Jennifer Jones,jennifer.jones5729@mail.com,MX,2021-03-11,Premium,24560.55
5730,John Anderson,john.anderson5730@mail.com,CA,2020-07-27,Standard,19307.56
5731,Mary Martin,mary.martin5731@shop.io,CA,2023-04-19,Basic,2574.41
5732,Oliver Johnson,oliver.johnson5732@customer.net,US,2020-10-20,Basic,26321.92
5733,John Johnson,john.johnson5733@customer.net,MX,2022-01-04,Premium,19620.02
5734,David Jones,david.jones5734@example.com,CA,2025-02-03,Basic,4361.84
5735,Jennifer Smith,jennifer.smith5735@mail.com,DE,2021-04-07,Basic,5424.03
5736,David Gonzalez,david.gonzalez5736@example.com,IN,2023-10-09,Premium,45281.75
5737,David Wilson,david.wilson5737@shop.io,UK,2023-12-06,Basic,47718.03
5738,David Rodriguez,david.rodriguez5738@example.com,FR,2020-06-13,Basic,9933.23
5739,Richard Lopez,richard.lopez5739@example.com,DE,2023-10-23,Standard,49028.13
5740,Karen Williams,karen.williams5740@shop.io,IN,2021-08-01,Basic,5916.98
5741,Emma Martin,emma.martin5741@example.com,AU,2023-04-24,Basic,8604.73
5742,Mary Thompson,mary.thompson5742@shop.io,DE,2021-05-30,Basic,8996.24
5743,John Jackson,john.jackson5743@example.com,UK,2025-04-18,Standard,8085.61
5744,Charles Martin,charles.martin5744@shop.io,BR,2019-04-08,Standard,5596.91
5745,James Williams,james.williams5745@mail.com,BR,2022-01-22,Basic,35193.28
5746,Charles Jackson,charles.jackson5746@mail.com,MX,2019-05-11,Standard,42750.55
5747,Susan Hernandez,susan.hernandez5747@mail.com,US,2019-05-10,Premium,41057.46
5748,James Brown,james.brown5748@customer.net,CA,2018-06-25,Premium,2676.89
5749,Thomas Lee,thomas.lee5749@shop.io,CA,2022-11-21,Basic,48986.65
5750,Thomas Taylor,thomas.taylor5750@customer.net,IN,2022-01-30,Basic,14935.02
5751,John Thompson,john.thompson5751@mail.com,JP,2020-02-04,Basic,6318.75
5752,Oliver Gonzalez,oliver.gonzalez5752@customer.net,AU,2024-10-20,Premium,45665.72
5753,Elizabeth Rodriguez,elizabeth.rodriguez5753@example.com,AU,2020-02-23,Premium,35994.21
5754,Sarah Lee,sarah.lee5754@example.com,UK,2019-02-07,Premium,3175.65
5755,David Jones,david.jones5755@mail.com,UK,2022-01-11,Standard,41458.18
5756,Sarah Garcia,sarah.garcia5756@mail.com,CA,2020-01-20,Basic,12610.21
5757,Ava Smith,ava.smith5757@mail.com,DE,2020-10-28,Standard,8790.35
5758,Richard Thomas,richard.thomas5758@example.com,FR,2019-10-10,Premium,49750.04
5759,David Davis,david.davis5759@shop.io,DE,2020-09-17,Basic,21253.20
5760,Mary Anderson,mary.anderson5760@customer.net,IN,2018-05-02,Standard,38660.61
5761,Karen Miller,karen.miller5761@customer.net,IN,2022-06-07,Standard,15188.96
5762,Sarah Thompson,sarah.thompson5762@customer.net,JP,2019-07-04,Premium,2081.89
5763,Emma Hernandez,emma.hernandez5763@mail.com,CA,2018-08-01,Premium,12130.99
5764,Michael Thompson,michael.thompson5764@example.com,AU,2018-10-27,Premium,34427.33
5765,Sophia Martin,sophia.martin5765@customer.net,DE,2021-03-07,Standard,40235.91
5766,Robert Lopez,robert.lopez5766@shop.io,DE,2022-11-06,Standard,14538.05
5767,John Wilson,john.wilson5767@mail.com,MX,2019-12-30,Standard,49904.64
5768,Susan Thompson,susan.thompson5768@mail.com,MX,2024-03-06,Standard,34995.86
5769,Linda Moore,linda.moore5769@example.com,BR,2019-11-25,Basic,28870.25
5770,Richard Lee,richard.lee5770@mail.com,DE,2023-02-25,Basic,32580.40
5771,Thomas Smith,thomas.smith5771@customer.net,US,2021-01-28,Premium,32570.60
5772,Linda Lopez,linda.lopez5772@customer.net,FR,2018-11-20,Basic,30748.38
5773,Barbara Jackson,barbara.jackson5773@mail.com,UK,2018-11-27,Basic,21376.43
5774,Charles Jackson,charles.jackson5774@mail.com,UK,2025-04-19,Premium,16005.55
5775,Elizabeth Thompson,elizabeth.thompson5775@customer.net,US,2021-11-18,Premium,40773.27
5776,Emma Smith,emma.smith5776@customer.net,JP,2022-03-16,Premium,36188.38
5777,Sarah Martinez,sarah.martinez5777@shop.io,MX,2024-11-01,Basic,39639.19
5778,Richard Miller,richard.miller5778@shop.io,JP,2022-03-28,Basic,20865.81
5779,Susan Jones,susan.jones5779@example.com,FR,2024-02-18,Premium,40612.14
5780,Charles Lopez,charles.lopez5780@example.com,MX,2020-11-19,Basic,14045.73
5781,Barbara Rodriguez,barbara.rodriguez5781@mail.com,DE,2022-02-27,Basic,16707.26
5782,Patricia Miller,patricia.miller5782@mail.com,US,2021-09-03,Basic,3459.31
5783,Elizabeth Brown,elizabeth.brown5783@customer.net,FR,2025-05-25,Basic,17783.92
5784,Noah Thompson,noah.thompson5784@example.com,US,2024-09-09,Standard,24944.42
5785,David Brown,david.brown5785@mail.com,IN,2020-07-28,Standard,37839.85
5786,Noah Martin,noah.martin5786@example.com,AU,2018-05-05,Standard,3337.79
5787,Linda Thomas,linda.thomas5787@mail.com,DE,2020-08-29,Standard,6801.98
5788,Ava Thomas,ava.thomas5788@customer.net,US,2020-03-24,Basic,8707.21
5789,Emma Moore,emma.moore5789@example.com,DE,2023-10-15,Premium,22123.28
5790,Thomas Martin,thomas.martin5790@mail.com,AU,2021-06-12,Basic,22211.70
5791,Oliver Hernandez,oliver.hernandez5791@mail.com,UK,2018-10-17,Premium,22117.66
5792,David Jackson,david.jackson5792@customer.net,FR,2023-08-02,Premium,3609.48
5793,Elizabeth Martin,elizabeth.martin5793@mail.com,FR,2019-03-07,Premium,49815.94
5794,Thomas Gonzalez,thomas.gonzalez5794@mail.com,FR,2018-08-09,Standard,36626.96
5795,David Jackson,david.jackson5795@shop.io,US,2018-04-20,Premium,40720.54
5796,Sarah Brown,sarah.brown5796@example.com,FR,2022-09-07,Standard,27402.36
5797,Barbara Thompson,barbara.thompson5797@example.com,US,2018-07-02,Premium,3479.34
5798,Robert Martinez,robert.martinez5798@example.com,CA,2018-04-08,Basic,4453.47
5799,Mary Jones,mary.jones5799@shop.io,IN,2018-09-14,Standard,31756.92
5800,Jessica Moore,jessica.moore5800@customer.net,FR,2020-01-23,Premium,14149.29
5801,Karen Jackson,karen.jackson5801@customer.net,US,2020-05-08,Basic,6505.12
5802,James Rodriguez,james.rodriguez5802@mail.com,CA,2025-06-13,Standard,12865.06
5803,Noah Miller,noah.miller5803@shop.io,CA,2019-06-16,Premium,2265.05
5804,Barbara Williams,barbara.williams5804@example.com,US,2021-04-20,Standard,197.02
5805,James Lee,james.lee5805@shop.io,UK,2020-03-27,Premium,11797.20
5806,Barbara Hernandez,barbara.hernandez5806@customer.net,MX,2021-05-27,Premium,2461.52
5807,Jessica Jones,jessica.jones5807@mail.com,FR,2024-09-10,Standard,21220.83
5808,Ava Anderson,ava.anderson5808@mail.com,UK,2023-06-27,Standard,39766.05
5809,John Thompson,john.thompson5809@customer.net,BR,2023-02-03,Standard,21233.61
5810,Noah Anderson,noah.anderson5810@shop.io,UK,2020-06-10,Basic,24071.11
5811,Oliver Williams,oliver.williams5811@mail.com,FR,2024-10-20,Basic,4292.83
5812,Charles Davis,charles.davis5812@customer.net,DE,2018-06-20,Standard,25383.27
5813,Linda Johnson,linda.johnson5813@shop.io,AU,2019-04-24,Basic,12720.34
5814,David Taylor,david.taylor5814@customer.net,BR,2018-12-13,Basic,36853.57
5815,Joseph Davis,joseph.davis5815@shop.io,UK,2024-01-15,Basic,44951.53
5816,James Thomas,james.thomas5816@customer.net,CA,2018-06-14,Premium,31356.28
5817,Patricia Lopez,patricia.lopez5817@customer.net,AU,2023-09-20,Standard,31028.83
5818,Charles Brown,charles.brown5818@shop.io,FR,2025-06-03,Standard,36042.60
5819,Mary Lopez,mary.lopez5819@shop.io,CA,2024-09-27,Premium,38383.64
5820,Charles Garcia,charles.garcia5820@customer.net,UK,2024-04-27,Standard,12657.96
5821,Susan Davis,susan.davis5821@shop.io,IN,2023-02-12,Premium,7099.60
5822,Mary Anderson,mary.anderson5822@example.com,AU,2020-03-18,Standard,27990.21
5823,William Garcia,william.garcia5823@example.com,AU,2022-01-10,Basic,32479.15
5824,Noah Hernandez,noah.hernandez5824@mail.com,AU,2020-12-29,Standard,46854.79
5825,Mary Anderson,mary.anderson5825@customer.net,JP,2023-04-01,Basic,48387.52
5826,Thomas Moore,thomas.moore5826@mail.com,DE,2019-03-10,Premium,37039.33
5827,Joseph Jones,joseph.jones5827@example.com,CA,2018-03-30,Basic,15586.75
5828,Sophia Williams,sophia.williams5828@example.com,DE,2021-04-23,Standard,5371.93
5829,Joseph Lopez,joseph.lopez5829@customer.net,BR,2018-03-05,Standard,4829.44
5830,James Thompson,james.thompson5830@shop.io,BR,2022-10-18,Standard,24225.42
5831,Thomas Wilson,thomas.wilson5831@shop.io,CA,2019-09-03,Standard,6391.54
5832,Elizabeth Martinez,elizabeth.martinez5832@customer.net,US,2020-11-25,Basic,27475.83
5833,Jessica Williams,jessica.williams5833@example.com,US,2019-04-27,Basic,23212.97
5834,Sophia Smith,sophia.smith5834@mail.com,FR,2019-10-06,Standard,23215.87
5835,Mary Thompson,mary.thompson5835@shop.io,CA,2020-07-07,Premium,23232.68
5836,Robert Martinez,robert.martinez5836@customer.net,IN,2023-12-12,Basic,49594.68
5837,Jessica Perez,jessica.perez5837@shop.io,MX,2018-09-03,Premium,31990.45
5838,Mary Rodriguez,mary.rodriguez5838@mail.com,BR,2019-02-19,Standard,22171.29
5839,Karen Taylor,karen.taylor5839@mail.com,CA,2022-07-13,Basic,8126.11
5840,Joseph Smith,joseph.smith5840@shop.io,BR,2019-05-12,Premium,46461.65
5841,Oliver Miller,oliver.miller5841@example.com,UK,2023-09-27,Standard,38413.40
5842,Elizabeth Davis,elizabeth.davis5842@mail.com,FR,2018-12-09,Standard,46124.10
5843,Ava Gonzalez,ava.gonzalez5843@shop.io,UK,2023-09-21,Premium,8385.95
5844,Barbara Martin,barbara.martin5844@example.com,JP,2018-08-21,Premium,12361.95
5845,Linda Anderson,linda.anderson5845@shop.io,FR,2019-09-26,Standard,44426.13
5846,Oliver Thomas,oliver.thomas5846@shop.io,US,2021-09-16,Premium,19059.13
5847,David Williams,david.williams5847@mail.com,FR,2019-05-21,Premium,41098.78
5848,William Brown,william.brown5848@example.com,UK,2024-08-21,Premium,32039.87
5849,James Gonzalez,james.gonzalez5849@example.com,JP,2019-02-24,Premium,36876.56
5850,Emma Jackson,emma.jackson5850@mail.com,US,2018-05-16,Standard,43570.04
5851,Jennifer Williams,jennifer.williams5851@shop.io,CA,2019-11-03,Basic,43243.99
5852,Joseph Lee,joseph.lee5852@mail.com,AU,2020-03-30,Basic,13349.16
5853,Robert Hernandez,robert.hernandez5853@customer.net,UK,2019-05-22,Standard,5522.52
5854,Oliver Hernandez,oliver.hernandez5854@shop.io,CA,2019-08-04,Standard,39626.09
5855,John Moore,john.moore5855@shop.io,AU,2021-07-12,Premium,21985.55
5856,Sophia Hernandez,sophia.hernandez5856@mail.com,IN,2023-12-11,Premium,36019.84
5857,Karen Lopez,karen.lopez5857@example.com,BR,2019-03-13,Standard,42590.56
5858,Charles Perez,charles.perez5858@shop.io,US,2020-01-20,Premium,6764.96
5859,Barbara Moore,barbara.moore5859@shop.io,MX,2020-07-31,Standard,25607.68
5860,Ava Miller,ava.miller5860@shop.io,DE,2023-09-12,Basic,1609.97
5861,James Thomas,james.thomas5861@shop.io,US,2023-07-30,Basic,33316.07
5862,John Jackson,john.jackson5862@customer.net,FR,2022-01-17,Standard,39439.28
5863,Elizabeth Jones,elizabeth.jones5863@shop.io,DE,2021-02-22,Basic,35091.46
5864,Jessica Thomas,jessica.thomas5864@customer.net,CA,2021-03-14,Standard,28318.13
5865,William Jackson,william.jackson5865@mail.com,US,2021-06-07,Standard,14187.35
5866,Mary Johnson,mary.johnson5866@customer.net,US,2022-05-03,Basic,26650.43
5867,Thomas Jones,thomas.jones5867@customer.net,CA,2024-02-16,Standard,6382.71
5868,Noah Perez,noah.perez5868@customer.net,AU,2022-02-04,Premium,24892.27
5869,Charles Davis,charles.davis5869@shop.io,CA,2025-04-29,Standard,1132.82
5870,Patricia Jones,patricia.jones5870@example.com,US,2020-11-07,Premium,23442.64
5871,Barbara Rodriguez,barbara.rodriguez5871@shop.io,FR,2024-10-06,Standard,2271.82
5872,Sophia Wilson,sophia.wilson5872@example.com,MX,2024-11-21,Premium,7152.64
5873,Emma Rodriguez,emma.rodriguez5873@customer.net,US,2022-12-09,Basic,7251.86
5874,Robert Lopez,robert.lopez5874@example.com,JP,2021-04-30,Premium,6306.32
5875,Richard Johnson,richard.johnson5875@mail.com,DE,2022-03-03,Premium,32489.33
5876,Linda Perez,linda.perez5876@shop.io,FR,2025-02-12,Basic,25474.92
5877,Thomas Rodriguez,thomas.rodriguez5877@shop.io,DE,2023-02-27,Basic,28703.04
5878,Robert Perez,robert.perez5878@mail.com,IN,2019-01-07,Standard,29617.36
5879,William Jackson,william.jackson5879@customer.net,CA,2021-10-08,Standard,30264.39
5880,Noah Lopez,noah.lopez5880@shop.io,JP,2023-09-08,Premium,8747.70
5881,Noah Miller,noah.miller5881@example.com,JP,2021-03-25,Basic,36421.21
5882,Oliver Jones,oliver.jones5882@customer.net,UK,2023-12-08,Premium,6722.86
5883,Robert Perez,robert.perez5883@shop.io,US,2019-10-24,Premium,30025.09
5884,Michael Gonzalez,michael.gonzalez5884@mail.com,JP,2022-05-07,Premium,23137.31
5885,William Thompson,william.thompson5885@example.com,CA,2018-06-15,Standard,36447.20
5886,Richard Hernandez,richard.hernandez5886@shop.io,UK,2018-11-27,Premium,27666.32
5887,Linda Taylor,linda.taylor5887@example.com,UK,2018-03-07,Standard,426.83
5888,Robert Thompson,robert.thompson5888@mail.com,BR,2024-10-06,Premium,1989.27
5889,Sophia Lee,sophia.lee5889@shop.io,AU,2024-08-04,Standard,8568.43
5890,Thomas Thompson,thomas.thompson5890@mail.com,JP,2022-09-17,Standard,24127.80
5891,William Garcia,william.garcia5891@mail.com,MX,2020-05-10,Standard,34990.67
5892,Michael Davis,michael.davis5892@customer.net,FR,2019-06-30,Basic,22079.25
5893,Michael Martin,michael.martin5893@customer.net,MX,2020-02-06,Premium,41261.09
5894,Barbara Brown,barbara.brown5894@example.com,US,2019-07-20,Standard,170.62
5895,Joseph Garcia,joseph.garcia5895@example.com,CA,2020-03-04,Basic,31369.35
5896,Ava Taylor,ava.taylor5896@customer.net,MX,2025-06-22,Standard,48565.40
5897,David Miller,david.miller5897@customer.net,UK,2022-01-19,Standard,23872.49
5898,Patricia Smith,patricia.smith5898@shop.io,DE,2018-01-18,Basic,28432.95
5899,Michael Williams,michael.williams5899@customer.net,FR,2018-05-05,Basic,40514.00
5900,Barbara Johnson,barbara.johnson5900@customer.net,MX,2020-05-08,Premium,23406.92
5901,Linda Brown,linda.brown5901@mail.com,MX,2023-05-06,Premium,44465.50
5902,William Williams,william.williams5902@shop.io,BR,2021-10-24,Premium,44696.79
5903,Sophia Garcia,sophia.garcia5903@customer.net,AU,2024-10-20,Basic,41489.87
5904,Ava Smith,ava.smith5904@mail.com,IN,2024-02-07,Basic,1025.01
5905,Karen Johnson,karen.johnson5905@customer.net,DE,2019-12-09,Premium,28082.67
5906,Emma Thomas,emma.thomas5906@example.com,DE,2019-05-12,Basic,29258.72
5907,Sophia Rodriguez,sophia.rodriguez5907@shop.io,DE,2020-10-01,Basic,49798.70
5908,Ava Hernandez,ava.hernandez5908@customer.net,US,2019-06-23,Premium,10564.28
5909,David Martin,david.martin5909@customer.net,AU,2019-04-16,Standard,18102.84
5910,Karen Smith,karen.smith5910@mail.com,DE,2020-03-16,Premium,40970.65
5911,Sarah Taylor,sarah.taylor5911@example.com,IN,2018-01-13,Basic,14222.17
5912,John Anderson,john.anderson5912@shop.io,US,2019-11-25,Basic,14055.82
5913,Linda Smith,linda.smith5913@example.com,JP,2023-10-04,Basic,27358.35
5914,Jessica Lee,jessica.lee5914@shop.io,BR,2023-06-08,Standard,17099.69
5915,Sarah Hernandez,sarah.hernandez5915@example.com,MX,2021-10-19,Basic,37677.53
5916,Elizabeth Hernandez,elizabeth.hernandez5916@example.com,CA,2024-12-08,Standard,8881.18
5917,Linda Gonzalez,linda.gonzalez5917@customer.net,MX,2021-04-08,Basic,19727.97
5918,Joseph Garcia,joseph.garcia5918@customer.net,AU,2019-03-04,Basic,45572.46
5919,Elizabeth Thompson,elizabeth.thompson5919@mail.com,US,2021-06-17,Premium,32599.91
5920,William Perez,william.perez5920@shop.io,US,2020-11-27,Standard,7397.20
5921,Jessica Gonzalez,jessica.gonzalez5921@shop.io,FR,2021-04-26,Basic,43503.97
5922,Charles Martinez,charles.martinez5922@example.com,IN,2022-03-27,Standard,12894.84
5923,Mary Anderson,mary.anderson5923@customer.net,MX,2023-09-24,Basic,41714.21
5924,Ava Lopez,ava.lopez5924@shop.io,JP,2021-01-13,Basic,3861.28
5925,Sophia Williams,sophia.williams5925@example.com,IN,2025-03-29,Standard,22940.73
5926,Robert Wilson,robert.wilson5926@shop.io,UK,2023-08-27,Standard,31278.22
5927,Emma Jackson,emma.jackson5927@customer.net,BR,2024-11-08,Standard,10909.65
5928,Jessica Johnson,jessica.johnson5928@example.com,DE,2021-02-15,Basic,10716.78
5929,Patricia Wilson,patricia.wilson5929@shop.io,AU,2024-09-13,Basic,49917.27
5930,William Davis,william.davis5930@customer.net,BR,2018-03-01,Standard,22075.75
5931,Elizabeth Johnson,elizabeth.johnson5931@customer.net,MX,2020-04-02,Standard,17293.57
5932,Thomas Anderson,thomas.anderson5932@shop.io,IN,2024-07-03,Premium,49288.93
5933,Ava Jackson,ava.jackson5933@mail.com,US,2020-06-22,Basic,48454.48
5934,Noah Garcia,noah.garcia5934@customer.net,FR,2021-11-03,Standard,5978.71
5935,Barbara Gonzalez,barbara.gonzalez5935@customer.net,DE,2018-10-24,Premium,42646.48
5936,James Smith,james.smith5936@shop.io,JP,2025-05-26,Basic,43139.88
5937,Barbara Jackson,barbara.jackson5937@example.com,AU,2020-08-16,Premium,35311.40
5938,Jennifer Hernandez,jennifer.hernandez5938@customer.net,IN,2018-03-22,Premium,29058.65
5939,Noah Smith,noah.smith5939@shop.io,JP,2024-01-12,Premium,20422.49
5940,Karen Johnson,karen.johnson5940@mail.com,US,2020-04-08,Standard,3751.42
5941,Linda Lee,linda.lee5941@customer.net,AU,2025-05-03,Premium,6337.99
5942,Thomas Hernandez,thomas.hernandez5942@customer.net,BR,2020-12-29,Basic,44512.25
5943,Karen Anderson,karen.anderson5943@customer.net,US,2023-08-04,Premium,21366.89
5944,James Thomas,james.thomas5944@shop.io,IN,2019-02-11,Standard,39380.25
5945,Linda Anderson,linda.anderson5945@example.com,US,2021-02-11,Basic,29603.52
5946,Noah Perez,noah.perez5946@customer.net,CA,2021-03-08,Premium,19437.21
5947,Joseph Williams,joseph.williams5947@customer.net,FR,2023-08-26,Basic,22975.73
5948,Jennifer Williams,jennifer.williams5948@shop.io,JP,2023-06-30,Standard,41639.20
5949,Noah Hernandez,noah.hernandez5949@shop.io,AU,2023-08-17,Standard,21511.21
5950,Thomas Jones,thomas.jones5950@shop.io,BR,2023-08-08,Standard,3446.72
5951,Jennifer Thomas,jennifer.thomas5951@shop.io,FR,2025-01-15,Premium,12609.56
5952,Noah Martin,noah.martin5952@customer.net,DE,2022-09-10,Premium,35469.21
5953,Oliver Jackson,oliver.jackson5953@mail.com,UK,2025-02-05,Premium,6904.01
5954,Ava Davis,ava.davis5954@mail.com,UK,2021-07-10,Basic,39295.47
5955,James Anderson,james.anderson5955@example.com,FR,2019-07-22,Basic,34832.39
5956,Elizabeth Thompson,elizabeth.thompson5956@shop.io,BR,2020-11-25,Standard,21053.48
5957,Jessica Williams,jessica.williams5957@shop.io,CA,2019-03-29,Basic,47535.68
5958,Emma Thompson,emma.thompson5958@customer.net,IN,2018-01-29,Standard,15850.97
5959,Sarah Jackson,sarah.jackson5959@mail.com,MX,2018-12-13,Premium,20153.28
5960,Noah Martinez,noah.martinez5960@shop.io,JP,2025-04-28,Standard,24628.35
5961,Oliver Anderson,oliver.anderson5961@customer.net,AU,2023-04-25,Basic,21707.87
5962,Richard Rodriguez,richard.rodriguez5962@customer.net,IN,2018-07-11,Basic,17704.15
5963,James Taylor,james.taylor5963@shop.io,DE,2024-07-28,Standard,15611.47
5964,David Garcia,david.garcia5964@example.com,JP,2022-01-29,Premium,14447.15
5965,Karen Moore,karen.moore5965@customer.net,BR,2019-07-05,Basic,27959.75
5966,Jessica Jones,jessica.jones5966@customer.net,AU,2021-05-10,Basic,13866.11
5967,Jennifer Smith,jennifer.smith5967@customer.net,UK,2024-03-19,Standard,34647.84
5968,Susan Martin,susan.martin5968@mail.com,MX,2024-01-06,Standard,39203.45
5969,Linda Lee,linda.lee5969@customer.net,CA,2018-05-23,Premium,19057.18
5970,Jessica Jones,jessica.jones5970@shop.io,IN,2022-11-04,Premium,29249.39
5971,Linda Garcia,linda.garcia5971@example.com,CA,2020-10-09,Premium,9779.63
5972,Sarah Thompson,sarah.thompson5972@mail.com,MX,2020-09-06,Premium,41057.78
5973,John Brown,john.brown5973@example.com,BR,2020-12-12,Basic,1170.47
5974,Barbara Rodriguez,barbara.rodriguez5974@shop.io,AU,2023-11-13,Standard,16057.15
5975,Robert Thompson,robert.thompson5975@shop.io,AU,2019-09-21,Basic,19695.50
5976,David Williams,david.williams5976@shop.io,FR,2022-08-15,Basic,22927.20
5977,William Lopez,william.lopez5977@customer.net,BR,2020-05-14,Standard,3735.61
5978,Joseph Jackson,joseph.jackson5978@mail.com,BR,2023-02-12,Basic,46278.86
5979,Oliver Davis,oliver.davis5979@shop.io,AU,2022-06-16,Standard,45701.97
5980,Susan Davis,susan.davis5980@mail.com,BR,2024-06-13,Standard,35558.48
5981,Noah Moore,noah.moore5981@customer.net,CA,2018-10-07,Standard,32700.98
5982,Robert Hernandez,robert.hernandez5982@customer.net,US,2019-05-18,Basic,30774.91
5983,Charles Brown,charles.brown5983@customer.net,DE,2020-12-16,Standard,46720.14
5984,Elizabeth Lee,elizabeth.lee5984@customer.net,IN,2019-11-20,Basic,9876.72
5985,Oliver Moore,oliver.moore5985@shop.io,DE,2022-11-03,Basic,43014.28
5986,Patricia Thomas,patricia.thomas5986@customer.net,FR,2022-11-14,Standard,28273.01
5987,Karen Johnson,karen.johnson5987@example.com,US,2019-06-22,Basic,49403.65
5988,Jessica Williams,jessica.williams5988@example.com,MX,2021-07-05,Basic,37086.17
5989,Robert Smith,robert.smith5989@mail.com,BR,2025-05-29,Standard,8026.39
5990,Robert Brown,robert.brown5990@shop.io,UK,2024-06-01,Premium,31732.18
5991,Barbara Gonzalez,barbara.gonzalez5991@mail.com,CA,2021-01-13,Standard,34462.53
5992,Robert Johnson,robert.johnson5992@example.com,IN,2021-10-10,Standard,20460.91
5993,Emma Davis,emma.davis5993@mail.com,AU,2018-05-30,Basic,7867.38
5994,Michael Jones,michael.jones5994@customer.net,DE,2021-08-16,Premium,33712.46
5995,John Rodriguez,john.rodriguez5995@example.com,FR,2018-08-08,Basic,24776.34
5996,David Martin,david.martin5996@shop.io,UK,2021-01-25,Premium,3158.29
5997,Elizabeth Taylor,elizabeth.taylor5997@shop.io,FR,2021-11-20,Premium,24444.17
5998,Barbara Smith,barbara.smith5998@mail.com,FR,2020-01-25,Basic,2799.99
5999,Charles Lee,charles.lee5999@customer.net,US,2019-07-27,Standard,13564.50
6000,Elizabeth Miller,elizabeth.miller6000@example.com,US,2024-12-13,Premium,23456.05
6001,Patricia Perez,patricia.perez6001@mail.com,FR,2021-09-07,Basic,34504.03
6002,Robert Thomas,robert.thomas6002@customer.net,FR,2023-06-29,Standard,17794.49
6003,William Anderson,william.anderson6003@customer.net,UK,2022-11-28,Premium,22246.27
6004,Jessica Davis,jessica.davis6004@shop.io,AU,2021-06-23,Basic,46344.93
6005,Elizabeth Anderson,elizabeth.anderson6005@example.com,DE,2022-05-15,Standard,21456.73
6006,David Perez,david.perez6006@mail.com,MX,2020-06-08,Basic,37274.26
6007,Robert Martin,robert.martin6007@shop.io,DE,2023-03-11,Basic,2645.11
6008,Robert Williams,robert.williams6008@shop.io,US,2025-03-13,Premium,10463.93
6009,William Davis,william.davis6009@mail.com,MX,2018-07-27,Standard,7964.11
6010,Karen Moore,karen.moore6010@shop.io,BR,2020-01-12,Standard,40636.56
6011,Jessica Miller,jessica.miller6011@mail.com,MX,2018-10-14,Premium,30190.75
6012,Karen Johnson,karen.johnson6012@mail.com,JP,2019-04-04,Basic,30065.65
6013,Robert Anderson,robert.anderson6013@shop.io,MX,2020-09-19,Basic,34871.19
6014,Barbara Hernandez,barbara.hernandez6014@customer.net,UK,2021-03-24,Premium,4305.36
6015,Noah Williams,noah.williams6015@customer.net,DE,2019-12-28,Premium,41678.33
6016,Ava Gonzalez,ava.gonzalez6016@shop.io,MX,2018-12-30,Premium,292.38
6017,William Rodriguez,william.rodriguez6017@mail.com,IN,2020-10-25,Premium,19675.57
6018,Elizabeth Rodriguez,elizabeth.rodriguez6018@mail.com,DE,2024-04-26,Standard,29453.14
6019,William Jones,william.jones6019@mail.com,US,2025-01-30,Premium,23223.08
6020,Robert Garcia,robert.garcia6020@customer.net,IN,2023-08-11,Premium,16025.09
6021,Joseph Taylor,joseph.taylor6021@example.com,BR,2023-01-01,Basic,16048.42
6022,Jessica Brown,jessica.brown6022@example.com,MX,2020-06-13,Premium,27066.31
6023,Barbara Miller,barbara.miller6023@example.com,US,2018-06-28,Basic,2265.03
6024,Mary Perez,mary.perez6024@customer.net,FR,2025-02-10,Premium,17171.11
6025,Noah Wilson,noah.wilson6025@customer.net,JP,2021-09-16,Standard,20184.11
6026,Sarah Wilson,sarah.wilson6026@example.com,JP,2019-11-10,Basic,32937.69
6027,Joseph Lee,joseph.lee6027@example.com,FR,2021-03-30,Standard,40190.92
6028,Emma Miller,emma.miller6028@mail.com,DE,2021-03-21,Standard,17749.98
6029,Sophia Perez,sophia.perez6029@customer.net,BR,2021-03-13,Premium,16775.82
6030,Noah Wilson,noah.wilson6030@mail.com,AU,2019-05-11,Standard,15699.17
6031,Michael Hernandez,michael.hernandez6031@example.com,BR,2022-02-09,Premium,39401.63
6032,Jessica Gonzalez,jessica.gonzalez6032@customer.net,AU,2024-05-08,Standard,45664.64
6033,Susan Hernandez,susan.hernandez6033@customer.net,US,2018-06-21,Basic,46085.23
6034,Linda Thompson,linda.thompson6034@mail.com,JP,2021-07-13,Premium,9198.68
6035,Richard Rodriguez,richard.rodriguez6035@shop.io,DE,2018-12-28,Premium,28241.28
6036,Jennifer Jones,jennifer.jones6036@shop.io,UK,2020-12-23,Standard,17721.01
6037,Charles Lee,charles.lee6037@shop.io,FR,2023-01-31,Basic,6610.04
6038,Jessica Gonzalez,jessica.gonzalez6038@customer.net,US,2021-01-23,Premium,14308.53
6039,Susan Martinez,susan.martinez6039@mail.com,US,2020-01-28,Basic,42328.07
6040,Mary Moore,mary.moore6040@example.com,FR,2023-06-17,Premium,9029.00
6041,Sarah Jones,sarah.jones6041@example.com,US,2024-12-14,Premium,18149.01
6042,Sophia Jones,sophia.jones6042@shop.io,FR,2024-10-18,Premium,8393.16
6043,Emma Lopez,emma.lopez6043@example.com,UK,2025-06-25,Standard,28431.51
6044,Robert Moore,robert.moore6044@shop.io,US,2023-03-03,Standard,33875.86
6045,Oliver Jackson,oliver.jackson6045@shop.io,FR,2024-10-07,Premium,46065.27
6046,Joseph Moore,joseph.moore6046@mail.com,CA,2023-08-06,Standard,22949.57
6047,Karen Smith,karen.smith6047@example.com,JP,2023-09-03,Premium,15604.12
6048,Richard Wilson,richard.wilson6048@customer.net,IN,2024-10-24,Standard,34422.86
6049,Linda Wilson,,MX,2025-02-08,Standard,10597.04
6050,Susan Taylor,susan.taylor6050@mail.com,AU,2018-03-09,Basic,16416.26
6051,Charles Garcia,charles.garcia6051@shop.io,IN,2019-11-08,Basic,23888.53
6052,Jennifer Gonzalez,jennifer.gonzalez6052@customer.net,MX,2019-08-23,Premium,40378.97
6053,Sophia Jones,sophia.jones6053@shop.io,JP,2019-10-13,Standard,12327.87
6054,Elizabeth Thompson,elizabeth.thompson6054@customer.net,BR,2024-10-17,Basic,8365.78
6055,Mary Perez,mary.perez6055@shop.io,JP,2019-12-26,Premium,39069.76
6056,Oliver Davis,oliver.davis6056@shop.io,CA,2022-10-30,Standard,19948.10
6057,Mary Lopez,mary.lopez6057@example.com,CA,2024-09-21,Basic,37207.94
6058,John Moore,john.moore6058@example.com,IN,2023-10-04,Standard,8523.44
6059,Sarah Gonzalez,sarah.gonzalez6059@customer.net,MX,2019-11-25,Standard,48595.97
6060,Karen Rodriguez,karen.rodriguez6060@example.com,FR,2025-04-16,Basic,45462.96
6061,Barbara Williams,barbara.williams6061@customer.net,MX,2021-08-20,Standard,40020.10
6062,Linda Perez,linda.perez6062@shop.io,CA,2018-07-12,Basic,48753.33
6063,Linda Thompson,linda.thompson6063@mail.com,UK,2024-02-09,Premium,27268.32
6064,Patricia Gonzalez,patricia.gonzalez6064@mail.com,CA,2023-04-05,Standard,29322.28
6065,Robert Lee,robert.lee6065@mail.com,JP,2023-07-16,Basic,48475.23
6066,Linda Lee,linda.lee6066@example.com,UK,2019-10-09,Premium,46525.95
6067,James Williams,james.williams6067@customer.net,FR,2019-01-28,Basic,38242.66
6068,Jennifer Smith,jennifer.smith6068@example.com,DE,2020-09-11,Basic,5060.37
6069,Robert Miller,robert.miller6069@example.com,FR,2020-09-19,Standard,31894.26
6070,Oliver Miller,oliver.miller6070@example.com,CA,2018-01-20,Basic,27710.32
6071,John Garcia,john.garcia6071@customer.net,US,2020-01-22,Premium,6197.44
6072,Karen Wilson,karen.wilson6072@customer.net,DE,2018-05-24,Premium,9228.33
6073,Barbara Martin,barbara.martin6073@example.com,FR,2019-02-05,Basic,38686.83
6074,Jessica Lee,jessica.lee6074@shop.io,IN,2024-06-14,Basic,34493.97
6075,James Thompson,james.thompson6075@example.com,UK,2025-05-11,Basic,31978.82
6076,Sophia Williams,sophia.williams6076@customer.net,IN,2021-11-04,Premium,41059.35
6077,Jennifer Martinez,jennifer.martinez6077@shop.io,BR,2020-09-03,Standard,49560.26
6078,Thomas Thomas,thomas.thomas6078@example.com,AU,2018-10-25,Standard,14305.44
6079,Jessica Martinez,jessica.martinez6079@customer.net,MX,2019-04-18,Premium,23313.28
6080,Emma Johnson,emma.johnson6080@customer.net,US,2019-07-01,Standard,7117.51
6081,Jennifer Johnson,jennifer.johnson6081@shop.io,US,2018-07-10,Basic,11947.03
6082,Noah Taylor,noah.taylor6082@example.com,BR,2020-04-07,Standard,31392.26
6083,Charles Lee,charles.lee6083@example.com,DE,2020-04-19,Premium,5751.47
6084,Oliver Perez,oliver.perez6084@example.com,US,2022-03-15,Basic,43534.68
6085,Michael Garcia,michael.garcia6085@shop.io,UK,2024-02-16,Premium,7027.73
6086,Noah Lopez,noah.lopez6086@mail.com,JP,2022-04-24,Premium,18111.20
6087,Emma Johnson,emma.johnson6087@mail.com,UK,2020-06-21,Premium,5026.53
6088,Joseph Jackson,joseph.jackson6088@shop.io,CA,2019-11-10,Basic,47732.95
6089,Noah Miller,noah.miller6089@mail.com,IN,2023-07-17,Basic,1425.96
6090,Noah Williams,noah.williams6090@customer.net,JP,2023-09-02,Premium,5735.69
6091,Susan Anderson,susan.anderson6091@customer.net,DE,2024-09-14,Premium,9057.97
6092,Patricia Hernandez,patricia.hernandez6092@mail.com,BR,2022-06-15,Standard,37725.21
6093,Susan Anderson,susan.anderson6093@mail.com,US,2019-11-30,Premium,2135.71
6094,Charles Martinez,charles.martinez6094@example.com,JP,2021-10-16,Premium,32071.75
6095,James Martinez,james.martinez6095@example.com,AU,2020-03-19,Premium,30455.88
6096,William Williams,william.williams6096@example.com,AU,2018-04-23,Standard,16185.36
6097,David Smith,david.smith6097@shop.io,BR,2021-08-03,Premium,27432.65
6098,Susan Thomas,susan.thomas6098@customer.net,US,2020-08-11,Standard,25259.96
6099,Susan Anderson,susan.anderson6099@customer.net,US,2018-01-29,Basic,32787.03
6100,Linda Smith,linda.smith6100@customer.net,IN,2021-01-21,Basic,14776.35
6101,Mary Hernandez,mary.hernandez6101@mail.com,AU,2021-09-04,Basic,44800.31
6102,John Thomas,john.thomas6102@mail.com,JP,2019-11-16,Standard,32097.91
6103,Joseph Davis,joseph.davis6103@mail.com,BR,2020-02-07,Basic,1387.36
6104,Ava Moore,ava.moore6104@mail.com,DE,2018-02-14,Standard,5486.21
6105,Sophia Garcia,sophia.garcia6105@example.com,FR,2020-11-13,Premium,21416.16
6106,Michael Gonzalez,michael.gonzalez6106@example.com,UK,2024-12-06,Basic,2073.06
6107,James Garcia,james.garcia6107@shop.io,US,2022-07-02,Standard,3304.38
6108,Oliver Thomas,oliver.thomas6108@shop.io,JP,2018-11-15,Basic,4526.90
6109,Mary Perez,mary.perez6109@customer.net,CA,2024-01-24,Standard,46964.09
6110,Joseph Jackson,joseph.jackson6110@customer.net,BR,2024-03-27,Standard,47611.21
6111,Emma Perez,emma.perez6111@example.com,DE,2020-11-08,Premium,22446.76
6112,Oliver Martin,oliver.martin6112@example.com,CA,2025-02-12,Standard,27196.93
6113,John Davis,john.davis6113@example.com,MX,2018-09-13,Premium,5079.94
6114,Sophia Rodriguez,sophia.rodriguez6114@shop.io,IN,2023-08-10,Basic,20165.64
6115,Joseph Wilson,joseph.wilson6115@example.com,MX,2021-10-17,Premium,13471.92
6116,Richard Smith,richard.smith6116@example.com,JP,2018-06-09,Basic,7748.60
6117,Patricia Anderson,patricia.anderson6117@customer.net,CA,2021-09-18,Premium,46606.10
6118,Jessica Anderson,jessica.anderson6118@example.com,DE,2019-09-17,Basic,10361.22
6119,James Rodriguez,james.rodriguez6119@shop.io,FR,2021-06-04,Standard,25289.59
6120,Jennifer Anderson,jennifer.anderson6120@customer.net,DE,2021-08-14,Premium,36453.56
6121,Mary Martin,mary.martin6121@shop.io,MX,2025-03-24,Basic,9211.05
6122,William Taylor,william.taylor6122@customer.net,FR,2022-01-17,Basic,25151.36
6123,Jennifer Anderson,jennifer.anderson6123@mail.com,MX,2024-10-25,Premium,10826.52
6124,Noah Hernandez,noah.hernandez6124@customer.net,US,2019-11-01,Basic,45066.96
6125,James Martin,james.martin6125@mail.com,MX,2023-08-23,Standard,33332.31
6126,Michael Thompson,michael.thompson6126@shop.io,IN,2021-03-18,Basic,14371.28
6127,Robert Perez,robert.perez6127@customer.net,FR,2024-07-26,Basic,11702.68
6128,Noah Gonzalez,noah.gonzalez6128@shop.io,DE,2020-09-09,Basic,3964.29
6129,Noah Moore,noah.moore6129@customer.net,JP,2022-07-18,Premium,39472.79
6130,Robert Thomas,robert.thomas6130@mail.com,AU,2020-07-13,Premium,42858.68
6131,James Gonzalez,james.gonzalez6131@mail.com,US,2019-03-04,Standard,21263.92
6132,Linda Rodriguez,linda.rodriguez6132@example.com,UK,2020-12-08,Basic,43888.61
6133,John Lopez,john.lopez6133@customer.net,FR,2020-11-12,Basic,49248.95
6134,Jennifer Wilson,jennifer.wilson6134@mail.com,IN,2019-12-03,Basic,27874.57
6135,Jennifer Miller,jennifer.miller6135@mail.com,AU,2023-02-25,Premium,14237.28
6136,William Lopez,william.lopez6136@shop.io,UK,2025-04-26,Standard,10248.95
6137,Elizabeth Jones,elizabeth.jones6137@example.com,UK,2019-03-08,Standard,17042.74
6138,Charles Rodriguez,charles.rodriguez6138@shop.io,MX,2021-09-23,Standard,32113.09
6139,Jennifer Williams,jennifer.williams6139@shop.io,DE,2025-01-05,Standard,18990.41
6140,Thomas Brown,thomas.brown6140@shop.io,UK,2019-10-24,Basic,5651.05
6141,Susan Rodriguez,susan.rodriguez6141@customer.net,MX,2019-12-13,Standard,33065.31
6142,Elizabeth Garcia,elizabeth.garcia6142@customer.net,DE,2020-11-03,Standard,36449.15
6143,David Miller,david.miller6143@customer.net,AU,2025-03-27,Basic,40617.90
6144,Barbara Davis,barbara.davis6144@example.com,US,2023-03-19,Standard,40495.09
6145,William Lopez,william.lopez6145@example.com,BR,2020-06-21,Standard,24057.33
6146,Charles Garcia,charles.garcia6146@mail.com,US,2021-10-23,Standard,40657.07
6147,Sarah Garcia,sarah.garcia6147@shop.io,AU,2020-03-16,Premium,1382.98
6148,Thomas Williams,thomas.williams6148@mail.com,CA,2022-07-15,Standard,45214.03
6149,Linda Thomas,linda.thomas6149@customer.net,DE,2021-06-17,Premium,37264.37
6150,Emma Williams,emma.williams6150@shop.io,IN,2018-02-24,Standard,21093.84
6151,Noah Jackson,noah.jackson6151@customer.net,UK,2018-04-19,Standard,40469.22
6152,Karen Lee,karen.lee6152@customer.net,FR,2023-01-01,Standard,30396.08
6153,Robert Williams,robert.williams6153@customer.net,MX,2025-01-19,Premium,19349.29
6154,James Wilson,james.wilson6154@example.com,CA,2022-11-29,Premium,17564.81
6155,James Brown,james.brown6155@example.com,DE,2021-07-28,Premium,7025.78
6156,Michael Williams,michael.williams6156@customer.net,US,2018-01-07,Standard,38100.83
6157,Jennifer Thomas,jennifer.thomas6157@mail.com,BR,2024-12-18,Basic,20839.63
6158,Thomas Davis,thomas.davis6158@mail.com,UK,2019-12-09,Premium,27753.79
6159,John Rodriguez,john.rodriguez6159@shop.io,DE,2022-03-04,Premium,42538.29
6160,Karen Gonzalez,karen.gonzalez6160@customer.net,MX,2024-10-12,Basic,37647.35
6161,Joseph Taylor,joseph.taylor6161@shop.io,DE,2018-05-13,Premium,32401.83
6162,Elizabeth Williams,elizabeth.williams6162@shop.io,CA,2019-07-13,Standard,19673.60
6163,Emma Thomas,emma.thomas6163@mail.com,JP,2019-11-26,Premium,35307.27
6164,Sarah Wilson,sarah.wilson6164@example.com,AU,2024-06-28,Standard,8565.89
6165,Ava Hernandez,ava.hernandez6165@shop.io,JP,2021-08-18,Basic,23579.84
6166,Susan Miller,susan.miller6166@customer.net,MX,2023-08-26,Premium,29692.36
6167,James Hernandez,james.hernandez6167@shop.io,JP,2023-05-12,Basic,23514.52
6168,Karen Lee,karen.lee6168@mail.com,IN,2022-12-22,Standard,891.87
6169,Elizabeth Lee,elizabeth.lee6169@example.com,US,2022-02-20,Basic,10999.06
6170,William Perez,william.perez6170@example.com,AU,2018-01-19,Standard,40883.66
6171,Linda Jackson,linda.jackson6171@example.com,FR,2021-10-28,Standard,37129.52
6172,Robert Taylor,robert.taylor6172@shop.io,BR,2025-02-04,Standard,30986.71
6173,Richard Wilson,richard.wilson6173@example.com,MX,2022-09-13,Premium,17925.59
6174,Oliver Anderson,oliver.anderson6174@customer.net,US,2023-06-15,Standard,42278.49
6175,Jennifer Williams,jennifer.williams6175@example.com,UK,2023-08-12,Standard,6563.58
6176,Jennifer Perez,jennifer.perez6176@mail.com,IN,2021-06-27,Basic,14357.04
6177,Patricia Taylor,patricia.taylor6177@example.com,DE,2021-02-10,Standard,29163.14
6178,Mary Taylor,mary.taylor6178@shop.io,MX,2025-02-06,Premium,16150.35
6179,Barbara Davis,barbara.davis6179@shop.io,DE,2021-02-06,Basic,12284.18
6180,Sophia Anderson,sophia.anderson6180@shop.io,US,2023-01-06,Basic,44736.01
6181,Oliver Lopez,oliver.lopez6181@shop.io,JP,2020-07-04,Standard,43786.62
6182,William Moore,william.moore6182@shop.io,DE,2021-09-14,Premium,8606.12
6183,David Moore,david.moore6183@shop.io,IN,2023-02-19,Basic,42300.52
6184,Mary Williams,mary.williams6184@customer.net,AU,2019-11-27,Premium,42610.70
6185,Charles Lee,charles.lee6185@mail.com,MX,2021-01-26,Basic,34314.05
6186,Susan Hernandez,susan.hernandez6186@mail.com,FR,2024-12-31,Standard,24867.91
6187,Oliver Jackson,oliver.jackson6187@example.com,DE,2018-09-04,Premium,33272.19
6188,David Rodriguez,david.rodriguez6188@example.com,JP,2018-01-04,Premium,28057.50
6189,Sophia Williams,sophia.williams6189@shop.io,MX,2018-12-03,Premium,14215.14
6190,Susan Jackson,susan.jackson6190@shop.io,JP,2021-08-04,Premium,41874.11
6191,Sarah Hernandez,sarah.hernandez6191@example.com,FR,2024-10-27,Standard,18818.29
6192,Linda Hernandez,linda.hernandez6192@mail.com,MX,2021-03-10,Standard,3609.12
6193,Robert Wilson,robert.wilson6193@mail.com,US,2021-01-15,Premium,25604.98
6194,Robert Smith,robert.smith6194@customer.net,FR,2020-04-17,Standard,44268.67
6195,John Williams,john.williams6195@customer.net,BR,2023-07-25,Premium,22496.29
6196,Thomas Garcia,thomas.garcia6196@customer.net,AU,2024-10-06,Premium,32984.68
6197,Ava Taylor,ava.taylor6197@example.com,CA,2019-02-24,Basic,47726.97
6198,John Thomas,john.thomas6198@example.com,IN,2018-07-17,Premium,10196.39
6199,Noah Perez,noah.perez6199@mail.com,US,2023-08-29,Standard,14664.58
6200,John Taylor,john.taylor6200@shop.io,FR,2022-09-15,Basic,40236.57
6201,Susan Johnson,susan.johnson6201@mail.com,US,2025-01-26,Basic,45909.70
6202,John Davis,john.davis6202@customer.net,BR,2024-01-23,Premium,36584.94
6203,Oliver Williams,oliver.williams6203@example.com,MX,2020-09-11,Standard,24327.59
6204,Noah Wilson,noah.wilson6204@customer.net,JP,2023-03-15,Standard,12084.39
6205,Susan Hernandez,susan.hernandez6205@customer.net,IN,2021-06-28,Standard,17494.83
6206,David Martin,david.martin6206@example.com,FR,2020-10-21,Basic,5630.25
6207,David Thompson,david.thompson6207@shop.io,FR,2022-01-07,Basic,36123.64
6208,Patricia Johnson,patricia.johnson6208@mail.com,IN,2024-12-31,Premium,28752.49
6209,Barbara Miller,barbara.miller6209@mail.com,US,2024-01-11,Basic,36606.01
6210,Robert Miller,robert.miller6210@mail.com,FR,2025-04-27,Premium,10368.17
6211,Oliver Williams,oliver.williams6211@shop.io,BR,2021-07-13,Standard,37360.92
6212,James Anderson,james.anderson6212@example.com,DE,2022-03-23,Standard,966.46
6213,Robert Wilson,robert.wilson6213@example.com,IN,2022-12-08,Standard,35893.33
6214,David Lee,david.lee6214@example.com,CA,2021-06-06,Basic,23927.84
6215,Jennifer Brown,jennifer.brown6215@customer.net,CA,2024-04-22,Premium,36764.54
6216,William Perez,william.perez6216@mail.com,JP,2024-06-29,Standard,12537.48
6217,Jennifer Jackson,jennifer.jackson6217@shop.io,US,2022-11-25,Basic,16426.85
6218,Jessica Garcia,jessica.garcia6218@shop.io,DE,2025-06-23,Premium,7968.39
6219,Noah Lopez,noah.lopez6219@mail.com,JP,2023-03-08,Premium,8124.32
6220,Sarah Garcia,sarah.garcia6220@shop.io,BR,2024-04-10,Basic,44711.17
6221,Charles Perez,charles.perez6221@shop.io,MX,2022-01-07,Premium,19266.24
6222,Noah Hernandez,noah.hernandez6222@example.com,MX,2021-02-05,Standard,41826.92
6223,Richard Perez,richard.perez6223@shop.io,CA,2022-11-07,Standard,38396.01
6224,Robert Davis,robert.davis6224@example.com,US,2020-11-22,Premium,48429.87
6225,Jennifer Martinez,jennifer.martinez6225@mail.com,BR,2022-03-19,Standard,26963.41
6226,David Rodriguez,david.rodriguez6226@customer.net,US,2018-10-11,Basic,29437.32
6227,Sophia Thomas,sophia.thomas6227@shop.io,US,2019-05-27,Basic,15132.93
6228,Joseph Johnson,joseph.johnson6228@mail.com,IN,2023-07-01,Premium,37962.64
6229,David Johnson,david.johnson6229@mail.com,BR,2018-04-25,Premium,39893.09
6230,Elizabeth Perez,elizabeth.perez6230@example.com,JP,2023-06-04,Basic,1719.35
6231,Emma Thomas,emma.thomas6231@mail.com,CA,2022-10-01,Premium,33678.74
6232,Patricia Wilson,patricia.wilson6232@example.com,FR,2025-06-11,Standard,727.58
6233,Jessica Jackson,jessica.jackson6233@mail.com,UK,2022-04-28,Standard,17567.50
6234,David Garcia,david.garcia6234@customer.net,AU,2021-03-28,Basic,9041.19
6235,Thomas Thompson,thomas.thompson6235@mail.com,DE,2024-04-19,Standard,24545.30
6236,Thomas Hernandez,thomas.hernandez6236@example.com,AU,2018-08-02,Standard,45372.75
6237,Richard Taylor,richard.taylor6237@example.com,AU,2022-01-08,Basic,23457.99
6238,Ava Hernandez,ava.hernandez6238@shop.io,IN,2022-09-02,Premium,42994.24
6239,Susan Moore,susan.moore6239@shop.io,US,2024-05-05,Premium,21086.83
6240,Noah Davis,noah.davis6240@customer.net,CA,2022-07-27,Basic,806.13
6241,Charles Lopez,charles.lopez6241@shop.io,UK,2022-08-20,Premium,43194.56
6242,John Davis,john.davis6242@mail.com,MX,2021-09-30,Standard,49209.35
6243,Jennifer Jones,jennifer.jones6243@shop.io,AU,2018-11-02,Basic,7514.67
6244,Richard Martin,richard.martin6244@customer.net,UK,2024-08-27,Premium,4168.06
6245,Robert Lee,robert.lee6245@customer.net,MX,2023-01-22,Basic,44609.86
6246,Sarah Thompson,sarah.thompson6246@customer.net,MX,2023-06-15,Basic,15278.21
6247,Jessica Jackson,jessica.jackson6247@customer.net,FR,2018-12-16,Basic,21300.38
6248,Linda Johnson,linda.johnson6248@shop.io,DE,2023-07-20,Basic,2642.42
6249,Ava Miller,ava.miller6249@customer.net,MX,2020-01-21,Premium,38119.69
6250,Charles Williams,charles.williams6250@customer.net,CA,2019-06-30,Premium,315.79
6251,Patricia Jones,patricia.jones6251@customer.net,CA,2022-07-19,Basic,45844.04
6252,Sophia Smith,sophia.smith6252@example.com,JP,2022-05-19,Premium,48654.02
6253,Sophia Martin,sophia.martin6253@example.com,MX,2023-08-20,Standard,12261.48
6254,Oliver Lee,oliver.lee6254@example.com,BR,2022-01-26,Basic,17360.33
6255,Richard Smith,richard.smith6255@customer.net,DE,2019-12-13,Premium,702.34
6256,Michael Lopez,michael.lopez6256@customer.net,JP,2020-04-24,Basic,36871.67
6257,Jessica Anderson,jessica.anderson6257@shop.io,IN,2024-12-15,Basic,14537.63
6258,Sophia Martin,sophia.martin6258@shop.io,UK,2018-01-08,Standard,44005.63
6259,Ava Johnson,ava.johnson6259@mail.com,DE,2023-04-05,Premium,1021.46
6260,Sophia Jones,sophia.jones6260@shop.io,BR,2019-12-15,Basic,22280.01
6261,Ava Gonzalez,ava.gonzalez6261@mail.com,AU,2019-06-06,Basic,36258.91
6262,David Wilson,david.wilson6262@example.com,UK,2024-03-30,Basic,34556.04
6263,Robert Smith,robert.smith6263@mail.com,BR,2018-01-14,Basic,42169.11
6264,Oliver Thompson,oliver.thompson6264@shop.io,BR,2025-06-21,Standard,48332.51
6265,Oliver Williams,oliver.williams6265@shop.io,FR,2025-04-14,Basic,43743.59
6266,Ava Brown,ava.brown6266@example.com,DE,2023-08-21,Premium,23384.97
6267,Karen Smith,karen.smith6267@mail.com,IN,2022-10-03,Standard,19722.87
6268,Richard Lee,richard.lee6268@shop.io,JP,2019-12-19,Basic,3774.52
6269,Linda Garcia,linda.garcia6269@customer.net,AU,2024-07-09,Basic,14066.06
6270,James Miller,james.miller6270@mail.com,JP,2024-11-08,Premium,35884.55
6271,Oliver Perez,oliver.perez6271@shop.io,US,2020-07-10,Standard,18125.22
6272,Barbara Lee,barbara.lee6272@mail.com,UK,2025-05-27,Premium,7849.49
6273,William Hernandez,william.hernandez6273@mail.com,JP,2021-09-13,Standard,22636.23
6274,Patricia Jackson,patricia.jackson6274@shop.io,US,2020-10-19,Premium,18520.76
6275,Thomas Anderson,thomas.anderson6275@example.com,JP,2018-10-02,Premium,35080.33
6276,Sophia Gonzalez,sophia.gonzalez6276@shop.io,DE,2021-03-09,Basic,14676.28
6277,Sarah Martin,sarah.martin6277@example.com,BR,2021-12-27,Premium,39986.18
6278,Karen Taylor,karen.taylor6278@mail.com,BR,2023-08-22,Premium,45475.20
6279,Ava Williams,ava.williams6279@shop.io,UK,2021-02-06,Basic,23393.57
6280,Jessica Wilson,jessica.wilson6280@shop.io,MX,2019-01-01,Premium,20057.94
6281,John Wilson,john.wilson6281@shop.io,JP,2022-08-23,Standard,6969.54
6282,Jennifer Jones,jennifer.jones6282@customer.net,UK,2024-05-13,Basic,16456.69
6283,William Thompson,william.thompson6283@example.com,DE,2024-04-23,Standard,28138.75
6284,William Jackson,william.jackson6284@shop.io,FR,2020-11-14,Basic,42932.88
6285,Joseph Thomas,joseph.thomas6285@customer.net,IN,2018-11-11,Basic,44082.38
6286,Sarah Moore,,AU,2025-01-05,Standard,921.14
6287,Noah Johnson,noah.johnson6287@example.com,AU,2024-08-31,Standard,36041.11
6288,Noah Anderson,noah.anderson6288@mail.com,DE,2020-05-03,Basic,34878.60
6289,Noah Lopez,noah.lopez6289@mail.com,IN,2018-03-04,Premium,29000.75
6290,Elizabeth Williams,elizabeth.williams6290@mail.com,JP,2018-05-06,Standard,19204.79
6291,Sarah Hernandez,sarah.hernandez6291@mail.com,IN,2018-05-21,Basic,26599.54
6292,Sarah Johnson,sarah.johnson6292@customer.net,DE,2018-01-03,Basic,7078.75
6293,Linda Lee,linda.lee6293@mail.com,BR,2024-02-28,Premium,47180.79
6294,Jennifer Smith,jennifer.smith6294@customer.net,IN,2023-05-07,Standard,48927.22
6295,Joseph Garcia,joseph.garcia6295@example.com,FR,2025-04-03,Standard,11254.90
6296,Sophia Rodriguez,sophia.rodriguez6296@mail.com,IN,2022-01-21,Standard,24202.35
6297,Joseph Lee,joseph.lee6297@example.com,MX,2025-01-20,Basic,225.27
6298,Richard Perez,richard.perez6298@shop.io,JP,2021-03-21,Premium,29488.76
6299,Jessica Thomas,jessica.thomas6299@example.com,AU,2020-12-03,Standard,40953.16
6300,Michael Martin,michael.martin6300@mail.com,UK,2022-05-27,Standard,36317.57
6301,James Jackson,james.jackson6301@shop.io,CA,2022-10-10,Basic,32724.74
6302,Jessica Davis,jessica.davis6302@example.com,AU,2023-10-21,Basic,21494.87
6303,Patricia Johnson,patricia.johnson6303@mail.com,AU,2020-05-19,Premium,6916.26
6304,Charles Garcia,charles.garcia6304@customer.net,IN,2019-06-08,Standard,13678.88
6305,Jessica Taylor,jessica.taylor6305@example.com,US,2024-04-27,Standard,25832.46
6306,Elizabeth Smith,elizabeth.smith6306@example.com,CA,2022-05-01,Premium,41615.93
6307,Karen Anderson,karen.anderson6307@example.com,US,2018-04-15,Premium,45826.60
6308,Oliver Johnson,oliver.johnson6308@example.com,JP,2020-05-08,Basic,25372.74
6309,David Rodriguez,david.rodriguez6309@customer.net,JP,2020-08-07,Basic,15520.60
6310,Jessica Martinez,jessica.martinez6310@mail.com,IN,2024-06-02,Premium,41032.03
6311,Emma Johnson,emma.johnson6311@shop.io,UK,2020-05-12,Premium,28761.41
6312,David Jackson,david.jackson6312@customer.net,JP,2018-10-05,Basic,11029.85
6313,Patricia Miller,patricia.miller6313@example.com,AU,2021-04-18,Premium,46632.47
6314,Sarah Lee,sarah.lee6314@shop.io,DE,2022-01-08,Basic,3481.42
6315,John Jackson,john.jackson6315@example.com,FR,2021-12-18,Basic,15081.55
6316,Noah Smith,noah.smith6316@shop.io,DE,2025-06-03,Basic,14206.08
6317,Jennifer Hernandez,jennifer.hernandez6317@customer.net,MX,2025-01-03,Basic,41039.70
6318,Mary Perez,mary.perez6318@mail.com,DE,2020-10-08,Basic,27157.84
6319,Joseph Perez,joseph.perez6319@customer.net,JP,2022-05-14,Standard,1910.06
6320,Emma Gonzalez,emma.gonzalez6320@mail.com,BR,2024-06-22,Standard,44824.00
6321,John Miller,john.miller6321@shop.io,US,2025-04-06,Premium,28252.33
6322,Jessica Moore,jessica.moore6322@mail.com,BR,2023-03-04,Standard,14580.81
6323,Ava Lee,ava.lee6323@mail.com,US,2023-12-03,Premium,25575.61
6324,Susan Davis,susan.davis6324@mail.com,MX,2025-06-14,Premium,31718.58
6325,Oliver Anderson,oliver.anderson6325@example.com,DE,2022-04-26,Standard,12193.55
6326,Jennifer Smith,jennifer.smith6326@customer.net,UK,2021-11-27,Standard,28006.09
6327,Sarah Hernandez,sarah.hernandez6327@example.com,FR,2020-07-03,Premium,3976.18
6328,Jessica Taylor,jessica.taylor6328@customer.net,US,2021-10-29,Standard,41477.49
6329,Richard Anderson,richard.anderson6329@customer.net,UK,2024-08-25,Premium,49378.15
6330,Oliver Moore,oliver.moore6330@mail.com,US,2020-07-21,Premium,46101.17
6331,Thomas Anderson,thomas.anderson6331@shop.io,JP,2021-01-10,Premium,17940.33
6332,Karen Garcia,karen.garcia6332@mail.com,US,2020-05-06,Standard,746.68
6333,Joseph Thomas,joseph.thomas6333@customer.net,UK,2024-09-01,Basic,8570.41
6334,Sophia Martin,sophia.martin6334@customer.net,DE,2022-03-29,Standard,17146.02
6335,Joseph Williams,joseph.williams6335@mail.com,IN,2021-02-28,Basic,42092.22
6336,Jessica Rodriguez,jessica.rodriguez6336@shop.io,UK,2021-06-20,Standard,11521.08
6337,Barbara Garcia,barbara.garcia6337@shop.io,JP,2021-05-15,Standard,33928.34
6338,Thomas Moore,thomas.moore6338@mail.com,AU,2019-07-26,Basic,21021.12
6339,Karen Jackson,karen.jackson6339@example.com,UK,2023-11-03,Standard,47419.11
6340,Sophia Brown,sophia.brown6340@example.com,AU,2022-11-08,Standard,44668.41
6341,Linda Moore,linda.moore6341@shop.io,UK,2021-08-02,Standard,21448.46
6342,Noah Wilson,noah.wilson6342@customer.net,US,2025-04-12,Standard,3108.20
6343,Susan Moore,susan.moore6343@example.com,MX,2024-02-09,Premium,25249.84
6344,Michael Williams,michael.williams6344@mail.com,CA,2022-11-13,Standard,35157.13
6345,Jennifer Thomas,jennifer.thomas6345@shop.io,BR,2022-10-21,Premium,12506.34
6346,Emma Martinez,emma.martinez6346@shop.io,IN,2020-04-10,Basic,12128.14
6347,Michael Moore,michael.moore6347@mail.com,FR,2021-05-16,Basic,48581.27
6348,Barbara Jones,barbara.jones6348@shop.io,AU,2023-01-26,Premium,17016.19
6349,David Hernandez,david.hernandez6349@customer.net,BR,2025-02-26,Premium,20181.18
6350,Sarah Moore,sarah.moore6350@example.com,FR,2019-11-12,Standard,49768.96
6351,Noah Jones,noah.jones6351@customer.net,UK,2022-03-27,Premium,33288.11
6352,Noah Perez,noah.perez6352@customer.net,DE,2023-09-26,Basic,18953.89
6353,Joseph Rodriguez,joseph.rodriguez6353@customer.net,IN,2020-01-07,Premium,31666.50
6354,James Miller,james.miller6354@shop.io,CA,2023-04-08,Basic,37895.47
6355,Sophia Thompson,sophia.thompson6355@mail.com,IN,2023-11-27,Premium,28582.80
6356,Michael Brown,michael.brown6356@mail.com,DE,2024-05-31,Standard,4604.79
6357,Ava Garcia,ava.garcia6357@mail.com,DE,2023-09-22,Basic,148.72
6358,Sophia Gonzalez,sophia.gonzalez6358@mail.com,AU,2020-09-12,Basic,29030.29
6359,Noah Brown,noah.brown6359@shop.io,CA,2021-10-31,Standard,13982.41
6360,Sarah Martin,sarah.martin6360@mail.com,AU,2024-01-16,Basic,44402.06
6361,Linda Williams,linda.williams6361@shop.io,US,2018-07-29,Premium,17423.10
6362,Linda Smith,linda.smith6362@mail.com,DE,2023-08-31,Premium,21611.51
6363,Michael Hernandez,michael.hernandez6363@shop.io,MX,2018-02-07,Standard,49194.30
6364,Charles Moore,charles.moore6364@customer.net,AU,2022-12-20,Premium,21388.95
6365,Thomas Jackson,thomas.jackson6365@customer.net,DE,2019-01-14,Premium,7473.18
6366,Noah Lopez,noah.lopez6366@example.com,BR,2022-09-08,Premium,42536.65
6367,Susan Moore,susan.moore6367@shop.io,IN,2021-04-11,Basic,10595.32
6368,Joseph Gonzalez,joseph.gonzalez6368@example.com,BR,2024-01-14,Premium,10623.93
6369,Charles Garcia,charles.garcia6369@shop.io,BR,2022-12-05,Premium,26081.19
6370,Emma Lee,emma.lee6370@shop.io,IN,2023-03-28,Basic,10752.07
6371,Michael Williams,michael.williams6371@customer.net,FR,2020-09-26,Premium,42611.31
6372,Elizabeth Gonzalez,elizabeth.gonzalez6372@example.com,UK,2023-04-06,Premium,37236.56
6373,Robert Taylor,robert.taylor6373@example.com,FR,2020-04-29,Basic,44538.44
6374,Elizabeth Martin,elizabeth.martin6374@example.com,BR,2021-03-09,Basic,25030.52
6375,Charles Williams,charles.williams6375@example.com,IN,2020-09-08,Standard,42676.34
6376,Ava Davis,ava.davis6376@example.com,FR,2019-01-25,Premium,35695.14
6377,Ava Brown,ava.brown6377@customer.net,IN,2020-08-20,Standard,21633.48
6378,Sophia Jones,sophia.jones6378@shop.io,AU,2021-07-27,Standard,3711.29
6379,Sophia Smith,sophia.smith6379@shop.io,JP,2024-11-25,Standard,7697.95
6380,Charles Lopez,charles.lopez6380@example.com,UK,2025-02-09,Premium,25621.36
6381,Thomas Wilson,thomas.wilson6381@example.com,US,2022-04-17,Basic,49123.20
6382,Susan Johnson,susan.johnson6382@example.com,DE,2022-05-15,Premium,14880.09
6383,Charles Smith,charles.smith6383@example.com,JP,2020-12-08,Basic,33040.10
6384,Michael Taylor,michael.taylor6384@example.com,IN,2019-07-04,Standard,13945.07
6385,James Wilson,james.wilson6385@customer.net,JP,2024-02-14,Basic,14465.72
6386,Jessica Davis,jessica.davis6386@mail.com,UK,2022-10-30,Standard,2893.32
6387,Jennifer Perez,jennifer.perez6387@shop.io,DE,2020-05-16,Basic,28654.54
6388,Barbara Rodriguez,barbara.rodriguez6388@shop.io,US,2023-03-03,Premium,40032.61
6389,Emma Smith,emma.smith6389@customer.net,DE,2024-11-30,Basic,18805.63
6390,Jennifer Davis,jennifer.davis6390@example.com,AU,2025-03-01,Basic,1618.52
6391,Susan Wilson,susan.wilson6391@customer.net,UK,2020-10-31,Basic,17056.92
6392,Linda Perez,linda.perez6392@mail.com,UK,2023-08-09,Premium,12810.75
6393,Charles Hernandez,charles.hernandez6393@shop.io,CA,2018-09-28,Premium,28189.04
6394,Sarah Thompson,sarah.thompson6394@mail.com,CA,2024-06-29,Premium,7915.04
6395,Jennifer Taylor,jennifer.taylor6395@example.com,AU,2025-05-01,Premium,2473.18
6396,Charles Perez,charles.perez6396@shop.io,DE,2019-03-30,Standard,43659.67
6397,Sarah Smith,sarah.smith6397@example.com,DE,2022-09-05,Basic,21562.55
6398,David Johnson,david.johnson6398@shop.io,US,2023-05-09,Basic,11475.85
6399,Ava Jones,ava.jones6399@shop.io,MX,2018-09-17,Premium,44381.31
6400,Elizabeth Davis,elizabeth.davis6400@example.com,FR,2019-11-23,Standard,2386.79
6401,Sophia Garcia,sophia.garcia6401@customer.net,CA,2024-09-25,Standard,40722.77
6402,Linda Moore,linda.moore6402@mail.com,BR,2021-02-27,Standard,2458.92
6403,Oliver Davis,oliver.davis6403@customer.net,IN,2021-12-24,Standard,10603.28
6404,Charles Jackson,charles.jackson6404@shop.io,DE,2024-04-21,Standard,36895.12
6405,James Miller,james.miller6405@mail.com,US,2023-11-12,Standard,32064.22
6406,Patricia Martinez,patricia.martinez6406@customer.net,FR,2019-06-09,Basic,32477.58
6407,Thomas Hernandez,thomas.hernandez6407@example.com,AU,2018-08-23,Standard,46873.95
6408,Thomas Thomas,thomas.thomas6408@example.com,AU,2024-07-22,Premium,41829.75
6409,Patricia Moore,patricia.moore6409@mail.com,FR,2023-03-27,Standard,8602.73
6410,Mary Martin,mary.martin6410@example.com,JP,2020-11-02,Standard,12932.06
6411,Charles Thompson,charles.thompson6411@mail.com,MX,2019-03-16,Basic,3678.95
6412,Patricia Thomas,patricia.thomas6412@shop.io,US,2018-05-02,Premium,35530.25
6413,Barbara Gonzalez,barbara.gonzalez6413@shop.io,BR,2022-06-11,Standard,33742.99
6414,Jessica Miller,jessica.miller6414@customer.net,CA,2021-02-13,Basic,18980.19
6415,Richard Smith,richard.smith6415@customer.net,DE,2020-06-16,Standard,18984.43
6416,Mary Martinez,mary.martinez6416@customer.net,CA,2019-03-01,Premium,433.33
6417,Patricia Moore,patricia.moore6417@example.com,FR,2022-11-23,Basic,29751.18
6418,Thomas Lee,thomas.lee6418@mail.com,AU,2019-06-28,Basic,33951.19
6419,Charles Lee,charles.lee6419@shop.io,US,2021-06-07,Premium,29085.11
6420,Sophia Lopez,sophia.lopez6420@example.com,IN,2018-03-16,Premium,19856.59
6421,Sophia Thompson,sophia.thompson6421@shop.io,JP,2022-12-12,Standard,6706.69
6422,Susan Wilson,susan.wilson6422@shop.io,BR,2018-07-30,Premium,33355.32
6423,Patricia Wilson,patricia.wilson6423@mail.com,IN,2023-04-09,Basic,3567.93
6424,David Jones,david.jones6424@shop.io,BR,2018-10-02,Premium,16981.32
6425,Jessica Gonzalez,jessica.gonzalez6425@shop.io,DE,2024-11-02,Basic,11578.87
6426,Karen Davis,karen.davis6426@example.com,FR,2024-12-31,Standard,12092.43
6427,Barbara Jones,barbara.jones6427@customer.net,US,2023-11-08,Basic,26911.22
6428,Barbara Miller,barbara.miller6428@mail.com,MX,2024-04-08,Standard,43995.23
6429,Elizabeth Thompson,elizabeth.thompson6429@example.com,UK,2018-12-11,Standard,31008.12
6430,Karen Thomas,karen.thomas6430@shop.io,JP,2021-09-09,Standard,36402.94
6431,Michael Perez,michael.perez6431@customer.net,JP,2018-06-01,Standard,38066.46
6432,Karen Johnson,karen.johnson6432@customer.net,JP,2023-12-28,Premium,30197.41
6433,Barbara Gonzalez,barbara.gonzalez6433@shop.io,MX,2023-05-18,Standard,11727.41
6434,Richard Brown,richard.brown6434@example.com,FR,2020-10-24,Premium,17221.84
6435,Michael Gonzalez,michael.gonzalez6435@example.com,US,2023-10-27,Basic,1106.91
6436,Patricia Thompson,patricia.thompson6436@customer.net,AU,2022-10-25,Basic,31992.44
6437,Michael Johnson,michael.johnson6437@customer.net,DE,2019-03-03,Basic,25192.70
6438,Thomas Anderson,thomas.anderson6438@customer.net,UK,2022-10-05,Basic,29450.86
6439,Richard Hernandez,richard.hernandez6439@customer.net,DE,2020-08-06,Standard,12437.62
6440,Sophia Williams,sophia.williams6440@example.com,US,2020-12-16,Basic,42964.67
6441,Joseph Moore,joseph.moore6441@customer.net,JP,2019-03-29,Premium,19313.25
6442,Jessica Thompson,jessica.thompson6442@mail.com,BR,2018-10-01,Basic,48443.06
6443,Sophia Jackson,sophia.jackson6443@example.com,DE,2023-07-03,Basic,31227.25
6444,Sarah Taylor,sarah.taylor6444@shop.io,DE,2020-11-23,Basic,47768.63
6445,Charles Williams,charles.williams6445@customer.net,US,2025-02-26,Basic,14680.95
6446,Noah Thompson,noah.thompson6446@shop.io,BR,2021-10-03,Standard,9745.72
6447,Ava Davis,ava.davis6447@example.com,CA,2020-05-28,Standard,44970.13
6448,Michael Brown,michael.brown6448@shop.io,AU,2024-05-05,Standard,48550.04
6449,James Thomas,james.thomas6449@example.com,IN,2024-12-23,Standard,12837.92
6450,Ava Brown,ava.brown6450@shop.io,CA,2018-01-10,Premium,3049.58
6451,Noah Rodriguez,noah.rodriguez6451@example.com,JP,2022-02-22,Standard,2352.27
6452,Linda Brown,linda.brown6452@example.com,IN,2021-07-03,Premium,22282.19
6453,Karen Thomas,karen.thomas6453@mail.com,MX,2022-08-11,Basic,37055.15
6454,Jennifer Moore,jennifer.moore6454@shop.io,CA,2019-09-23,Standard,46204.15
6455,Noah Rodriguez,noah.rodriguez6455@shop.io,MX,2023-06-12,Basic,41159.37
6456,Karen Jones,karen.jones6456@shop.io,UK,2025-03-14,Basic,24073.98
6457,Michael Wilson,michael.wilson6457@customer.net,AU,2021-02-03,Standard,36664.92
6458,Barbara Taylor,barbara.taylor6458@customer.net,BR,2025-06-25,Basic,12245.04
6459,Oliver Thomas,oliver.thomas6459@example.com,US,2021-08-14,Premium,48698.54
6460,Noah Thompson,noah.thompson6460@mail.com,AU,2025-04-06,Basic,29545.53
6461,Susan Thompson,susan.thompson6461@customer.net,JP,2019-05-09,Basic,16258.24
6462,Ava Gonzalez,ava.gonzalez6462@example.com,UK,2023-05-02,Standard,46426.48
6463,Ava Smith,ava.smith6463@shop.io,US,2019-10-09,Standard,18913.33
6464,Mary Johnson,mary.johnson6464@shop.io,UK,2020-04-03,Premium,20509.53
6465,Richard Thomas,richard.thomas6465@customer.net,AU,2019-08-28,Standard,38842.90
6466,James Anderson,james.anderson6466@example.com,DE,2023-01-09,Basic,49644.80
6467,Noah Thompson,noah.thompson6467@customer.net,UK,2022-12-04,Standard,10728.24
6468,David Smith,david.smith6468@customer.net,CA,2020-01-01,Basic,22980.10
6469,Charles Martin,charles.martin6469@example.com,CA,2020-05-12,Basic,27433.12
6470,Patricia Thomas,patricia.thomas6470@customer.net,JP,2022-06-17,Premium,46652.83
6471,Jennifer Anderson,jennifer.anderson6471@example.com,DE,2021-11-25,Standard,12404.07
6472,John Gonzalez,john.gonzalez6472@mail.com,MX,2018-10-01,Standard,25562.72
6473,Susan Rodriguez,susan.rodriguez6473@customer.net,DE,2021-10-06,Standard,2803.53
6474,Elizabeth Gonzalez,elizabeth.gonzalez6474@customer.net,BR,2019-10-08,Basic,2335.68
6475,Michael Wilson,michael.wilson6475@example.com,IN,2019-03-17,Standard,35530.45
6476,Ava Lopez,ava.lopez6476@example.com,DE,2022-05-29,Premium,11954.15
6477,James Thompson,james.thompson6477@customer.net,FR,2019-01-19,Premium,7820.97
6478,Sophia Perez,sophia.perez6478@example.com,IN,2022-04-22,Standard,21827.80
6479,David Martinez,david.martinez6479@example.com,AU,2020-08-17,Basic,31782.75
6480,William Garcia,william.garcia6480@example.com,IN,2024-05-04,Standard,11140.60
6481,Linda Thompson,linda.thompson6481@mail.com,BR,2022-11-15,Premium,23371.45
6482,Oliver Smith,oliver.smith6482@shop.io,BR,2018-10-05,Premium,48802.28
6483,Thomas Johnson,thomas.johnson6483@shop.io,JP,2020-07-07,Premium,5875.65
6484,Richard Anderson,richard.anderson6484@customer.net,CA,2022-01-01,Standard,41624.72
6485,Robert Wilson,robert.wilson6485@example.com,AU,2019-05-04,Premium,22079.32
6486,Noah Lopez,noah.lopez6486@shop.io,JP,2018-02-04,Standard,48204.57
6487,Jennifer Martin,jennifer.martin6487@shop.io,US,2024-04-21,Standard,26626.97
6488,William Martinez,william.martinez6488@example.com,DE,2020-02-22,Standard,46426.47
6489,Charles Jackson,charles.jackson6489@customer.net,DE,2021-07-26,Basic,19917.59
6490,Robert Gonzalez,robert.gonzalez6490@mail.com,AU,2022-10-31,Premium,1846.09
6491,Emma Garcia,emma.garcia6491@shop.io,AU,2018-09-15,Standard,4460.88
6492,Sophia Jackson,sophia.jackson6492@customer.net,AU,2018-11-06,Basic,10117.73
6493,Thomas Rodriguez,thomas.rodriguez6493@shop.io,FR,2018-10-02,Premium,22771.68
6494,Michael Rodriguez,michael.rodriguez6494@shop.io,AU,2023-12-11,Basic,1092.71
6495,John Martin,john.martin6495@customer.net,IN,2019-10-16,Premium,9948.25
6496,William Wilson,william.wilson6496@example.com,IN,2021-02-09,Basic,18897.68
6497,David Jones,david.jones6497@customer.net,AU,2020-10-13,Premium,40639.14
6498,Robert Perez,robert.perez6498@shop.io,JP,2018-06-10,Basic,33857.74
6499,Patricia Smith,patricia.smith6499@example.com,CA,2023-12-03,Basic,5496.21
6500,Charles Anderson,charles.anderson6500@example.com,MX,2024-04-06,Basic,13696.23
6501,Sophia Moore,sophia.moore6501@shop.io,FR,2023-01-07,Standard,27734.78
6502,Sophia Lee,sophia.lee6502@example.com,DE,2022-07-04,Basic,5587.29
6503,Sophia Martin,sophia.martin6503@mail.com,US,2018-02-28,Basic,42598.69
6504,David Taylor,david.taylor6504@example.com,AU,2025-05-04,Basic,2185.84
6505,Patricia Rodriguez,patricia.rodriguez6505@example.com,FR,2020-06-06,Standard,35648.67
6506,James Hernandez,james.hernandez6506@example.com,BR,2019-04-06,Basic,36113.45
6507,Mary Hernandez,mary.hernandez6507@customer.net,FR,2021-10-29,Basic,25958.83
6508,Oliver Wilson,oliver.wilson6508@example.com,DE,2019-03-09,Premium,49982.53
6509,Patricia Wilson,patricia.wilson6509@customer.net,MX,2021-05-27,Standard,1199.81
6510,Robert Lee,robert.lee6510@example.com,DE,2021-04-05,Standard,48143.29
6511,Susan Rodriguez,susan.rodriguez6511@mail.com,BR,2019-04-16,Premium,35312.06
6512,Noah Lopez,noah.lopez6512@mail.com,IN,2019-10-13,Premium,22906.15
6513,William Martin,william.martin6513@shop.io,MX,2021-08-07,Basic,3835.10
6514,Jennifer Gonzalez,jennifer.gonzalez6514@example.com,MX,2019-09-01,Premium,12310.10
6515,John Rodriguez,john.rodriguez6515@customer.net,AU,2022-09-06,Basic,17762.18
6516,Ava Brown,ava.brown6516@customer.net,IN,2021-12-22,Standard,42545.97
6517,Thomas Lee,thomas.lee6517@example.com,FR,2018-04-03,Standard,49000.67
6518,Karen Lopez,karen.lopez6518@example.com,CA,2020-08-21,Basic,28533.49
6519,Sophia Gonzalez,sophia.gonzalez6519@shop.io,UK,2022-06-18,Standard,17650.31
6520,Thomas Gonzalez,thomas.gonzalez6520@mail.com,MX,2021-08-15,Premium,39735.90
6521,Robert Jones,robert.jones6521@mail.com,US,2023-04-17,Premium,49661.55
6522,Noah Moore,noah.moore6522@customer.net,IN,2020-11-09,Premium,45851.01
6523,Susan Brown,susan.brown6523@mail.com,MX,2022-01-31,Standard,24551.37
6524,David Moore,david.moore6524@customer.net,UK,2023-08-27,Basic,764.72
6525,David Taylor,david.taylor6525@mail.com,MX,2020-10-02,Standard,44237.15
6526,Mary Taylor,mary.taylor6526@mail.com,AU,2021-01-16,Basic,40797.38
6527,William Jones,william.jones6527@customer.net,BR,2023-12-13,Standard,28273.46
6528,Thomas Brown,thomas.brown6528@mail.com,US,2022-11-11,Basic,19215.38
6529,Richard Martin,richard.martin6529@mail.com,DE,2022-02-26,Basic,45776.81
6530,Susan Jones,susan.jones6530@customer.net,IN,2019-10-31,Premium,12075.63
6531,Sarah Davis,sarah.davis6531@example.com,DE,2023-04-10,Standard,11611.73
6532,William Brown,william.brown6532@mail.com,MX,2024-10-23,Basic,37654.42
6533,Barbara Hernandez,barbara.hernandez6533@customer.net,BR,2018-05-15,Premium,45263.74
6534,Robert Taylor,robert.taylor6534@example.com,UK,2023-02-05,Standard,4125.22
6535,James Wilson,james.wilson6535@mail.com,MX,2021-04-28,Standard,43390.58
6536,James Jones,james.jones6536@customer.net,MX,2021-03-18,Standard,22796.08
6537,Sophia Lopez,sophia.lopez6537@mail.com,CA,2019-01-27,Basic,14165.53
6538,Linda Martin,linda.martin6538@example.com,US,2020-06-07,Premium,47494.04
6539,Noah Thompson,noah.thompson6539@example.com,BR,2022-11-02,Basic,37445.89
6540,Joseph Jackson,joseph.jackson6540@example.com,IN,2022-09-25,Basic,24368.98
6541,Noah Rodriguez,noah.rodriguez6541@customer.net,JP,2025-03-30,Basic,6873.59
6542,Mary Thompson,mary.thompson6542@example.com,UK,2025-06-04,Premium,14834.24
6543,Sarah Davis,sarah.davis6543@shop.io,FR,2023-04-03,Basic,8753.51
6544,James Williams,james.williams6544@customer.net,JP,2023-05-03,Basic,37671.46
6545,Emma Davis,emma.davis6545@mail.com,CA,2019-08-07,Premium,16292.67
6546,Charles Davis,charles.davis6546@mail.com,DE,2020-12-16,Premium,18068.16
6547,Sophia Thomas,sophia.thomas6547@customer.net,JP,2020-01-14,Standard,22863.76
6548,Barbara Anderson,barbara.anderson6548@shop.io,US,2019-11-07,Premium,32952.62
6549,Thomas Taylor,thomas.taylor6549@shop.io,DE,2019-01-17,Premium,46790.66
6550,Elizabeth Taylor,elizabeth.taylor6550@shop.io,IN,2018-05-23,Premium,35577.67
6551,Michael Taylor,michael.taylor6551@mail.com,MX,2022-06-11,Basic,38316.52
6552,Jessica Moore,jessica.moore6552@shop.io,DE,2018-03-06,Basic,39811.49
6553,Elizabeth Anderson,elizabeth.anderson6553@shop.io,MX,2024-04-14,Premium,18488.46
6554,Thomas Martin,thomas.martin6554@shop.io,JP,2023-04-29,Premium,44034.95
6555,Charles Thompson,charles.thompson6555@mail.com,MX,2019-12-29,Basic,17082.61
6556,Robert Lee,robert.lee6556@example.com,DE,2021-07-23,Standard,20424.38
6557,Susan Thompson,susan.thompson6557@customer.net,MX,2021-04-02,Standard,37331.90
6558,Joseph Lee,joseph.lee6558@customer.net,BR,2025-06-14,Premium,26038.89
6559,Sophia Jackson,sophia.jackson6559@customer.net,FR,2022-08-24,Basic,45983.44
6560,Linda Jackson,linda.jackson6560@shop.io,MX,2021-04-05,Basic,16468.67
6561,Charles Jones,charles.jones6561@example.com,UK,2024-04-13,Standard,37441.29
6562,Jennifer Davis,jennifer.davis6562@shop.io,US,2018-12-24,Basic,14111.15
6563,Michael Thomas,michael.thomas6563@customer.net,MX,2022-09-27,Premium,20111.31
6564,Michael Taylor,michael.taylor6564@customer.net,AU,2021-04-11,Basic,47188.38
6565,Jessica Perez,jessica.perez6565@customer.net,MX,2018-12-18,Basic,23986.67
6566,Emma Lee,emma.lee6566@mail.com,DE,2018-03-25,Premium,27552.01
6567,Emma Brown,emma.brown6567@example.com,US,2019-02-04,Basic,12850.57
6568,Thomas Wilson,thomas.wilson6568@customer.net,MX,2018-08-25,Standard,9192.02
6569,John Hernandez,john.hernandez6569@customer.net,AU,2024-07-28,Standard,5473.24
6570,Charles Johnson,charles.johnson6570@customer.net,JP,2019-02-07,Basic,34894.57
6571,Oliver Smith,oliver.smith6571@example.com,US,2020-12-22,Basic,47009.53
6572,Thomas Thompson,thomas.thompson6572@customer.net,DE,2021-01-22,Premium,32982.00
6573,Jessica Perez,jessica.perez6573@shop.io,MX,2022-06-03,Standard,17543.59
6574,Oliver Jones,oliver.jones6574@shop.io,BR,2020-03-23,Premium,47497.54
6575,Barbara Brown,barbara.brown6575@customer.net,UK,2024-07-29,Standard,7848.90
6576,David Williams,david.williams6576@mail.com,FR,2020-11-14,Premium,37967.54
6577,Linda Hernandez,linda.hernandez6577@mail.com,IN,2023-03-13,Standard,33808.10
6578,Oliver Thomas,oliver.thomas6578@customer.net,JP,2020-05-21,Standard,45169.70
6579,Robert Gonzalez,robert.gonzalez6579@shop.io,BR,2023-05-29,Standard,2499.60
6580,Oliver Williams,oliver.williams6580@example.com,CA,2025-04-04,Basic,21936.40
6581,John Rodriguez,john.rodriguez6581@example.com,JP,2023-05-10,Premium,31514.45
6582,Oliver Lee,oliver.lee6582@mail.com,BR,2018-05-03,Standard,4358.42
6583,Oliver Jackson,oliver.jackson6583@example.com,JP,2020-12-18,Standard,19712.52
6584,Ava Wilson,ava.wilson6584@customer.net,CA,2023-04-28,Premium,39703.36
6585,Noah Williams,noah.williams6585@customer.net,UK,2019-11-29,Standard,38425.51
6586,Barbara Gonzalez,barbara.gonzalez6586@customer.net,BR,2025-05-12,Premium,39153.45
6587,Noah Johnson,noah.johnson6587@mail.com,DE,2021-11-27,Premium,19404.18
6588,Charles Lopez,charles.lopez6588@mail.com,AU,2021-08-27,Basic,22329.91
6589,Noah Gonzalez,noah.gonzalez6589@customer.net,FR,2021-08-04,Basic,624.95
6590,Sarah Williams,sarah.williams6590@example.com,JP,2019-12-22,Basic,34459.78
6591,Emma Martin,emma.martin6591@shop.io,JP,2022-05-01,Standard,47369.63
6592,Susan Perez,susan.perez6592@example.com,DE,2022-04-01,Premium,13089.37
6593,Ava Lee,ava.lee6593@mail.com,IN,2020-08-26,Premium,38569.68
6594,Richard Garcia,richard.garcia6594@customer.net,AU,2022-06-04,Basic,14975.84
6595,Linda Jackson,linda.jackson6595@example.com,MX,2021-07-28,Premium,31514.40
6596,David Gonzalez,david.gonzalez6596@customer.net,FR,2018-03-09,Premium,32632.08
6597,Michael Gonzalez,michael.gonzalez6597@mail.com,UK,2018-08-09,Standard,33973.25
6598,Richard Rodriguez,richard.rodriguez6598@example.com,JP,2023-09-22,Standard,43519.33
6599,Ava Lee,ava.lee6599@example.com,CA,2023-08-16,Premium,4611.25
6600,Noah Lee,noah.lee6600@shop.io,FR,2023-05-06,Basic,31626.42
6601,Oliver Lee,oliver.lee6601@mail.com,MX,2022-08-30,Standard,46557.37
6602,Jessica Lee,jessica.lee6602@mail.com,MX,2021-07-22,Basic,37490.02
6603,Richard Anderson,richard.anderson6603@customer.net,JP,2018-09-08,Standard,18091.04
6604,Thomas Jackson,thomas.jackson6604@example.com,JP,2019-01-01,Premium,34700.41
6605,Karen Gonzalez,karen.gonzalez6605@example.com,AU,2021-04-12,Basic,27499.73
6606,Jessica Smith,jessica.smith6606@example.com,DE,2024-06-08,Premium,10922.85
6607,Ava Brown,ava.brown6607@mail.com,DE,2022-05-21,Basic,28639.22
6608,Jessica Rodriguez,jessica.rodriguez6608@customer.net,US,2019-10-04,Premium,12560.71
6609,Sophia Moore,sophia.moore6609@shop.io,UK,2022-01-13,Standard,24153.27
6610,Ava Jones,ava.jones6610@example.com,BR,2020-12-25,Premium,35049.19
6611,Emma Lopez,emma.lopez6611@example.com,MX,2021-12-17,Standard,37669.12
6612,Jessica Wilson,jessica.wilson6612@shop.io,AU,2024-04-04,Basic,7909.90
6613,Linda Thompson,linda.thompson6613@shop.io,AU,2019-06-16,Basic,27385.09
6614,Sarah Thomas,sarah.thomas6614@example.com,IN,2020-03-09,Premium,39213.35
6615,Robert Jones,robert.jones6615@mail.com,MX,2020-07-01,Premium,17905.04
6616,Robert Moore,robert.moore6616@customer.net,BR,2024-11-13,Standard,5283.12
6617,Noah Miller,noah.miller6617@shop.io,MX,2025-04-11,Standard,15086.00
6618,Jennifer Wilson,jennifer.wilson6618@shop.io,JP,2020-12-25,Standard,13921.32
6619,Barbara Hernandez,barbara.hernandez6619@example.com,JP,2019-09-11,Basic,12344.94
6620,Sophia Smith,sophia.smith6620@example.com,BR,2021-12-18,Basic,34246.28
6621,Thomas Moore,thomas.moore6621@example.com,BR,2023-05-21,Standard,20215.75
6622,Elizabeth Lopez,elizabeth.lopez6622@example.com,AU,2024-02-02,Premium,32560.46
6623,David Taylor,david.taylor6623@example.com,UK,2018-01-07,Basic,45233.54
6624,Sarah Perez,sarah.perez6624@customer.net,JP,2024-09-01,Standard,40205.40
6625,William Rodriguez,william.rodriguez6625@customer.net,IN,2018-11-22,Basic,10686.05
6626,Sarah Moore,sarah.moore6626@customer.net,IN,2020-03-05,Standard,39311.71
6627,Elizabeth Gonzalez,elizabeth.gonzalez6627@shop.io,FR,2020-06-17,Premium,15087.39
6628,Joseph Anderson,joseph.anderson6628@shop.io,MX,2022-07-31,Premium,10011.77
6629,Jessica Jackson,jessica.jackson6629@mail.com,DE,2022-10-29,Premium,25149.73
6630,Karen Williams,karen.williams6630@shop.io,US,2020-01-13,Premium,24297.67
6631,Michael Moore,michael.moore6631@customer.net,FR,2021-03-26,Standard,2608.91
6632,Jennifer Brown,jennifer.brown6632@shop.io,US,2021-08-01,Basic,294.85
6633,Jessica Jones,jessica.jones6633@customer.net,US,2025-01-01,Standard,43228.46
6634,Emma Jackson,emma.jackson6634@customer.net,DE,2024-09-03,Premium,13557.09
6635,Charles Thomas,charles.thomas6635@customer.net,FR,2022-08-06,Standard,902.13
6636,Sarah Hernandez,sarah.hernandez6636@example.com,MX,2024-03-30,Premium,22010.27
6637,Elizabeth Thomas,elizabeth.thomas6637@mail.com,IN,2022-11-21,Standard,10328.79
6638,Joseph Lee,joseph.lee6638@shop.io,BR,2023-01-19,Standard,25347.66
6639,Karen Perez,karen.perez6639@shop.io,AU,2023-01-29,Premium,12312.54
6640,Emma Martin,emma.martin6640@shop.io,CA,2020-12-17,Basic,30086.24
6641,Richard Williams,richard.williams6641@customer.net,FR,2024-05-01,Standard,9136.41
6642,Jessica Rodriguez,jessica.rodriguez6642@customer.net,JP,2023-06-03,Standard,11926.46
6643,Emma Garcia,emma.garcia6643@example.com,DE,2020-06-29,Basic,13780.83
6644,Joseph Anderson,joseph.anderson6644@shop.io,IN,2018-10-25,Basic,4161.03
6645,Sarah Jackson,sarah.jackson6645@customer.net,AU,2022-03-10,Standard,29672.10
6646,Oliver Moore,oliver.moore6646@mail.com,DE,2020-02-07,Basic,2120.47
6647,Sophia Smith,sophia.smith6647@example.com,AU,2024-08-10,Premium,16052.48
6648,Barbara Brown,barbara.brown6648@customer.net,FR,2022-04-05,Standard,27571.40
6649,Elizabeth Johnson,elizabeth.johnson6649@shop.io,MX,2018-10-03,Basic,11283.44
6650,Elizabeth Garcia,elizabeth.garcia6650@shop.io,IN,2019-05-30,Basic,36995.27
6651,Jessica Brown,jessica.brown6651@mail.com,FR,2024-11-03,Premium,12423.44
6652,Mary Wilson,mary.wilson6652@shop.io,FR,2020-04-08,Standard,43876.36
6653,Michael Thompson,michael.thompson6653@shop.io,MX,2023-04-19,Standard,46641.84
6654,Charles Perez,charles.perez6654@example.com,MX,2022-06-10,Premium,25238.07
6655,Noah Thompson,noah.thompson6655@example.com,MX,2022-07-11,Premium,26314.82
6656,Sarah Thomas,sarah.thomas6656@shop.io,JP,2023-08-28,Basic,42992.24
6657,Robert Thompson,robert.thompson6657@customer.net,FR,2023-03-20,Standard,12452.79
6658,Charles Thomas,charles.thomas6658@customer.net,FR,2024-07-07,Basic,40666.43
6659,Noah Davis,noah.davis6659@customer.net,IN,2022-08-15,Premium,28504.02
6660,Oliver Jackson,oliver.jackson6660@customer.net,BR,2021-08-27,Standard,48806.49
6661,Sophia Johnson,sophia.johnson6661@shop.io,CA,2022-01-30,Basic,2413.83
6662,Ava Jones,ava.jones6662@customer.net,DE,2024-11-02,Basic,49480.42
6663,Sophia Smith,sophia.smith6663@example.com,US,2022-12-14,Basic,11643.01
6664,Jennifer Thompson,jennifer.thompson6664@mail.com,IN,2021-12-27,Premium,22487.09
6665,Jennifer Lopez,jennifer.lopez6665@shop.io,IN,2020-08-31,Premium,16695.06
6666,Elizabeth Perez,elizabeth.perez6666@example.com,AU,2022-10-09,Standard,6141.24
6667,Joseph Anderson,joseph.anderson6667@shop.io,FR,2024-07-20,Basic,42024.29
6668,Noah Anderson,noah.anderson6668@mail.com,CA,2025-02-24,Standard,27725.42
6669,Ava Jackson,ava.jackson6669@customer.net,US,2023-09-04,Basic,25090.63
6670,James Thomas,james.thomas6670@shop.io,AU,2020-04-01,Basic,27575.95
6671,James Lopez,james.lopez6671@mail.com,IN,2021-10-19,Basic,31370.12
6672,Robert Wilson,robert.wilson6672@mail.com,MX,2022-02-28,Premium,38494.22
6673,Noah Thompson,noah.thompson6673@example.com,AU,2018-12-03,Premium,42617.56
6674,Susan Martin,susan.martin6674@customer.net,JP,2020-01-15,Premium,38996.15
6675,Sarah Brown,sarah.brown6675@shop.io,IN,2024-02-21,Premium,27684.25
6676,James Garcia,james.garcia6676@customer.net,BR,2021-09-28,Premium,22544.79
6677,Sarah Jones,sarah.jones6677@example.com,CA,2024-06-07,Premium,15577.97
6678,Linda Thomas,linda.thomas6678@example.com,JP,2020-09-15,Premium,43552.72
6679,Susan Thompson,susan.thompson6679@mail.com,MX,2018-05-25,Basic,18661.75
6680,Michael Johnson,michael.johnson6680@customer.net,BR,2020-12-04,Basic,46074.27
6681,Michael Wilson,michael.wilson6681@example.com,IN,2022-12-20,Premium,10027.67
6682,Richard Wilson,richard.wilson6682@shop.io,IN,2018-07-08,Standard,23792.68
6683,Barbara Lopez,barbara.lopez6683@shop.io,JP,2020-09-24,Basic,45709.27
6684,David Martinez,david.martinez6684@example.com,US,2021-07-28,Basic,37885.01
6685,Oliver Anderson,oliver.anderson6685@customer.net,DE,2021-12-20,Premium,14753.84
6686,Jennifer Hernandez,jennifer.hernandez6686@example.com,US,2025-01-17,Basic,45606.05
6687,David Taylor,david.taylor6687@customer.net,DE,2020-05-15,Standard,24273.09
6688,Elizabeth Lopez,elizabeth.lopez6688@customer.net,DE,2018-07-10,Basic,1161.88
6689,Elizabeth Brown,elizabeth.brown6689@example.com,CA,2018-12-17,Standard,3057.43
6690,Joseph Martinez,joseph.martinez6690@mail.com,UK,2022-07-22,Standard,787.49
6691,Oliver Brown,oliver.brown6691@customer.net,UK,2018-12-19,Standard,31797.07
6692,Emma Gonzalez,emma.gonzalez6692@customer.net,UK,2020-08-04,Basic,14298.18
6693,Ava Rodriguez,ava.rodriguez6693@customer.net,AU,2018-07-04,Premium,2167.42
6694,Elizabeth Hernandez,elizabeth.hernandez6694@shop.io,US,2025-03-09,Basic,29399.33
6695,Robert Lee,robert.lee6695@customer.net,US,2022-07-22,Basic,31186.22
6696,Mary Lee,mary.lee6696@customer.net,CA,2024-10-22,Standard,31228.36
6697,David Wilson,david.wilson6697@shop.io,BR,2018-06-16,Basic,11340.69
6698,Emma Gonzalez,emma.gonzalez6698@mail.com,BR,2020-06-10,Standard,14714.77
6699,Robert Garcia,robert.garcia6699@shop.io,AU,2021-08-25,Basic,45823.58
6700,Patricia Thomas,patricia.thomas6700@example.com,BR,2020-06-23,Premium,17538.96
6701,Sophia Martinez,sophia.martinez6701@mail.com,CA,2021-01-19,Basic,31838.96
6702,Karen Lee,karen.lee6702@customer.net,IN,2020-10-11,Basic,30412.68
6703,Sophia Johnson,sophia.johnson6703@example.com,CA,2022-01-02,Premium,29625.71
6704,Ava Moore,ava.moore6704@example.com,CA,2024-03-03,Basic,39971.71
6705,Susan Thomas,susan.thomas6705@mail.com,AU,2019-03-04,Standard,611.25
6706,Charles Gonzalez,charles.gonzalez6706@example.com,JP,2018-07-28,Basic,29019.52
6707,Joseph Miller,joseph.miller6707@example.com,JP,2018-02-26,Basic,25104.14
6708,Patricia Gonzalez,patricia.gonzalez6708@customer.net,BR,2024-04-16,Premium,11221.62
6709,James Davis,james.davis6709@shop.io,IN,2024-10-04,Premium,34000.24
6710,Sarah Brown,sarah.brown6710@shop.io,US,2019-02-19,Standard,12693.88
6711,William Wilson,william.wilson6711@customer.net,DE,2022-02-23,Standard,11658.54
6712,Robert Lopez,,IN,2019-03-19,Premium,22124.61
6713,Charles Taylor,charles.taylor6713@customer.net,IN,2019-12-07,Premium,39352.94
6714,Charles Lopez,charles.lopez6714@customer.net,MX,2021-06-19,Standard,14076.88
6715,Mary Moore,mary.moore6715@example.com,MX,2025-04-06,Basic,30883.07
6716,Joseph Brown,joseph.brown6716@customer.net,FR,2025-04-24,Premium,4568.62
6717,David Thomas,david.thomas6717@example.com,IN,2018-05-31,Standard,8707.23
6718,John Rodriguez,john.rodriguez6718@shop.io,JP,2018-12-25,Standard,16715.12
6719,William Rodriguez,william.rodriguez6719@example.com,AU,2020-01-30,Standard,13135.67
6720,Barbara Perez,barbara.perez6720@mail.com,MX,2022-08-24,Basic,29843.85
6721,Noah Lopez,,UK,2025-05-26,Basic,41980.05
6722,Patricia Davis,patricia.davis6722@customer.net,BR,2018-07-02,Standard,29787.36
6723,Jessica Wilson,jessica.wilson6723@mail.com,US,2024-10-05,Premium,40548.16
6724,Michael Anderson,michael.anderson6724@mail.com,MX,2022-05-26,Standard,36823.53
6725,Elizabeth Garcia,elizabeth.garcia6725@customer.net,IN,2018-01-10,Basic,40102.21
6726,Elizabeth Perez,elizabeth.perez6726@example.com,CA,2022-11-24,Standard,42258.41
6727,William Smith,william.smith6727@mail.com,IN,2019-05-23,Premium,17679.96
6728,Elizabeth Jones,elizabeth.jones6728@shop.io,AU,2021-10-30,Standard,4407.03
6729,Michael Jones,michael.jones6729@customer.net,DE,2018-12-28,Premium,26714.78
6730,Patricia Thompson,patricia.thompson6730@shop.io,AU,2018-10-24,Premium,28824.41
6731,Barbara Rodriguez,barbara.rodriguez6731@mail.com,AU,2019-08-03,Standard,17029.49
6732,Barbara Gonzalez,barbara.gonzalez6732@example.com,BR,2021-01-26,Basic,43853.04
6733,Jennifer Thompson,jennifer.thompson6733@example.com,JP,2019-10-03,Standard,3683.86
6734,Richard Miller,richard.miller6734@mail.com,CA,2018-05-14,Basic,33231.55
6735,Oliver Martin,oliver.martin6735@mail.com,JP,2023-12-09,Premium,36691.82
6736,Linda Jones,linda.jones6736@customer.net,JP,2019-10-11,Standard,12448.16
6737,Robert Wilson,robert.wilson6737@mail.com,JP,2023-01-06,Basic,21534.27
6738,Elizabeth Wilson,elizabeth.wilson6738@shop.io,BR,2023-09-15,Premium,29073.64
6739,Elizabeth Gonzalez,elizabeth.gonzalez6739@customer.net,JP,2021-04-20,Basic,34331.17
6740,Charles Martinez,charles.martinez6740@shop.io,MX,2024-11-05,Premium,39389.52
6741,Michael Wilson,michael.wilson6741@customer.net,AU,2025-02-22,Standard,7933.46
6742,Noah Gonzalez,noah.gonzalez6742@customer.net,BR,2020-12-03,Basic,40767.66
6743,James Perez,james.perez6743@shop.io,FR,2022-07-15,Basic,21192.33
6744,Joseph Lee,joseph.lee6744@mail.com,DE,2018-05-11,Premium,3874.55
6745,Patricia Thompson,patricia.thompson6745@mail.com,UK,2023-06-05,Standard,29883.96
6746,David Davis,david.davis6746@shop.io,US,2020-04-29,Basic,34061.35
6747,Linda Miller,linda.miller6747@mail.com,UK,2025-05-03,Standard,39794.88
6748,Oliver Brown,oliver.brown6748@example.com,UK,2022-06-19,Standard,14049.42
6749,James Garcia,james.garcia6749@mail.com,IN,2019-07-08,Basic,3010.22
6750,Patricia Martin,patricia.martin6750@mail.com,BR,2023-12-05,Basic,36906.38
6751,Karen Lee,karen.lee6751@shop.io,FR,2018-10-22,Premium,17745.21
6752,Sophia Perez,sophia.perez6752@mail.com,MX,2023-06-06,Basic,45463.51
6753,Barbara Thomas,barbara.thomas6753@mail.com,CA,2018-12-21,Standard,29032.12
6754,John Smith,john.smith6754@customer.net,IN,2018-02-20,Basic,21069.92
6755,Jennifer Davis,jennifer.davis6755@customer.net,AU,2018-09-02,Standard,19919.18
6756,Robert Wilson,robert.wilson6756@mail.com,DE,2021-06-27,Standard,27654.51
6757,Karen Jones,karen.jones6757@mail.com,AU,2019-03-06,Basic,39112.83
6758,Ava Jones,ava.jones6758@customer.net,UK,2020-09-29,Standard,2251.29
6759,Susan Jones,susan.jones6759@example.com,US,2023-12-09,Standard,1754.97
6760,David Thomas,david.thomas6760@customer.net,US,2022-06-05,Premium,35483.92
6761,Thomas Williams,thomas.williams6761@example.com,MX,2024-11-10,Standard,32164.10
6762,Jennifer Wilson,jennifer.wilson6762@customer.net,IN,2022-03-13,Premium,49032.92
6763,Michael Wilson,michael.wilson6763@example.com,IN,2024-04-01,Basic,46649.48
6764,Patricia Martinez,patricia.martinez6764@example.com,JP,2020-07-14,Standard,49283.36
6765,Mary Taylor,mary.taylor6765@customer.net,UK,2021-02-23,Premium,28970.33
6766,Michael Martin,michael.martin6766@example.com,MX,2019-09-28,Premium,45679.19
6767,David Perez,david.perez6767@customer.net,DE,2022-06-18,Premium,24170.55
6768,Emma Garcia,emma.garcia6768@shop.io,JP,2021-03-15,Basic,41283.70
6769,Emma Anderson,emma.anderson6769@mail.com,UK,2020-08-04,Premium,23146.12
6770,Sarah Brown,sarah.brown6770@shop.io,DE,2019-09-18,Basic,39255.03
6771,Michael Garcia,michael.garcia6771@mail.com,MX,2023-02-01,Basic,33982.17
6772,Sophia Hernandez,sophia.hernandez6772@shop.io,US,2019-04-05,Standard,29673.67
6773,Oliver Davis,oliver.davis6773@shop.io,JP,2022-02-15,Standard,11812.75
6774,John Taylor,john.taylor6774@customer.net,CA,2022-01-18,Basic,13486.45
6775,Sarah Johnson,sarah.johnson6775@example.com,JP,2025-01-21,Basic,8767.61
6776,William Wilson,william.wilson6776@mail.com,IN,2022-08-11,Basic,41808.25
6777,Linda Thomas,linda.thomas6777@shop.io,AU,2025-02-28,Basic,18338.69
6778,James Rodriguez,james.rodriguez6778@shop.io,BR,2020-09-26,Basic,24692.60
6779,Mary Smith,mary.smith6779@customer.net,JP,2018-05-09,Basic,29094.75
6780,Noah Miller,noah.miller6780@example.com,JP,2019-08-17,Premium,31544.44
6781,John Davis,john.davis6781@shop.io,MX,2023-08-12,Premium,14209.37
6782,Michael Davis,michael.davis6782@example.com,AU,2022-09-19,Basic,21084.16
6783,James Brown,james.brown6783@example.com,UK,2021-07-03,Standard,1646.61
6784,Karen Perez,karen.perez6784@mail.com,FR,2021-08-31,Premium,456.01
6785,Susan Garcia,susan.garcia6785@mail.com,IN,2018-08-12,Basic,28395.63
6786,John Gonzalez,john.gonzalez6786@shop.io,DE,2022-05-02,Standard,41910.17
6787,Linda Davis,linda.davis6787@example.com,IN,2019-01-23,Standard,2719.00
6788,Sarah Jones,sarah.jones6788@mail.com,UK,2018-02-01,Premium,23820.40
6789,Ava Anderson,ava.anderson6789@example.com,MX,2024-07-12,Standard,15890.14
6790,Noah Rodriguez,noah.rodriguez6790@example.com,AU,2019-03-28,Basic,33327.29
6791,Charles Lopez,charles.lopez6791@example.com,BR,2018-10-29,Basic,44809.75
6792,James Smith,james.smith6792@shop.io,IN,2022-12-12,Premium,31920.61
6793,Jennifer Wilson,jennifer.wilson6793@mail.com,AU,2024-09-15,Standard,4442.71
6794,Susan Davis,susan.davis6794@shop.io,DE,2020-12-16,Premium,12066.42
6795,James Jones,james.jones6795@mail.com,BR,2022-03-22,Standard,49712.95
6796,Mary Gonzalez,mary.gonzalez6796@customer.net,AU,2022-10-01,Premium,8509.72
6797,Charles Garcia,charles.garcia6797@mail.com,AU,2022-12-31,Standard,22245.35
6798,John Perez,john.perez6798@shop.io,MX,2018-06-29,Standard,23593.85
6799,Jessica Hernandez,jessica.hernandez6799@mail.com,DE,2019-06-11,Basic,24849.90
6800,Oliver Martin,oliver.martin6800@customer.net,AU,2019-10-31,Standard,49252.94
6801,David Taylor,david.taylor6801@customer.net,BR,2025-01-01,Basic,45514.74
6802,Thomas Martin,thomas.martin6802@example.com,IN,2024-03-18,Premium,5021.82
6803,Patricia Hernandez,patricia.hernandez6803@example.com,UK,2018-10-01,Standard,8207.85
6804,William Brown,william.brown6804@mail.com,CA,2023-08-14,Standard,49700.62
6805,Elizabeth Wilson,elizabeth.wilson6805@customer.net,FR,2018-11-01,Basic,46768.11
6806,Joseph Williams,joseph.williams6806@customer.net,CA,2019-01-14,Basic,44578.62
6807,James Perez,james.perez6807@customer.net,IN,2024-09-11,Standard,15582.24
6808,David Lee,david.lee6808@example.com,BR,2021-12-12,Standard,37039.80
6809,James Miller,james.miller6809@shop.io,US,2019-05-16,Basic,49025.68
6810,John Thomas,john.thomas6810@customer.net,UK,2023-03-06,Premium,19408.93
6811,Michael Lee,michael.lee6811@example.com,UK,2019-03-01,Basic,6373.55
6812,Michael Moore,michael.moore6812@mail.com,UK,2025-06-15,Basic,31610.12
6813,Emma Williams,emma.williams6813@customer.net,DE,2018-05-02,Premium,48244.00
6814,Jessica Jackson,jessica.jackson6814@customer.net,AU,2022-09-25,Standard,709.55
6815,John Jackson,john.jackson6815@example.com,AU,2021-04-05,Premium,39079.20
6816,Noah Johnson,noah.johnson6816@customer.net,BR,2019-09-01,Standard,3848.52
6817,Susan Rodriguez,susan.rodriguez6817@mail.com,CA,2019-12-08,Standard,48023.65
6818,Ava Williams,ava.williams6818@example.com,CA,2023-04-22,Standard,43894.73
6819,Oliver Gonzalez,oliver.gonzalez6819@customer.net,DE,2021-01-30,Basic,7378.18
6820,Linda Johnson,linda.johnson6820@customer.net,CA,2019-06-02,Basic,3757.02
6821,John Wilson,john.wilson6821@shop.io,IN,2018-08-13,Premium,25974.11
6822,Karen Lopez,karen.lopez6822@example.com,AU,2024-11-17,Premium,11979.49
6823,Ava Wilson,ava.wilson6823@customer.net,AU,2019-08-25,Premium,42290.50
6824,Jessica Martinez,jessica.martinez6824@customer.net,CA,2021-08-23,Premium,38086.36
6825,Linda Brown,linda.brown6825@customer.net,CA,2024-07-05,Standard,576.51
6826,Mary Hernandez,mary.hernandez6826@shop.io,UK,2019-01-29,Basic,44094.38
6827,Jessica Lee,jessica.lee6827@example.com,FR,2025-03-14,Basic,14600.97
6828,Susan Davis,susan.davis6828@example.com,US,2023-07-27,Basic,29971.21
6829,Oliver Johnson,oliver.johnson6829@customer.net,BR,2022-10-21,Basic,41796.96
6830,Noah Hernandez,noah.hernandez6830@customer.net,IN,2018-08-08,Premium,27915.66
6831,Sophia Taylor,sophia.taylor6831@mail.com,US,2021-01-28,Premium,34805.42
6832,David Lee,david.lee6832@shop.io,CA,2023-06-24,Standard,41906.90
6833,Linda Davis,linda.davis6833@shop.io,FR,2022-03-01,Basic,41506.03
6834,Karen Thomas,karen.thomas6834@mail.com,IN,2024-10-05,Standard,1817.97
6835,Oliver Wilson,oliver.wilson6835@shop.io,DE,2022-01-26,Premium,3917.51
6836,Ava Thomas,ava.thomas6836@shop.io,US,2020-11-06,Premium,39778.61
6837,Michael Thomas,michael.thomas6837@example.com,UK,2019-04-19,Basic,16440.94
6838,Richard Moore,richard.moore6838@customer.net,CA,2025-03-23,Premium,36913.80
6839,Barbara Garcia,barbara.garcia6839@example.com,AU,2025-05-15,Standard,1722.21
6840,Barbara Thomas,barbara.thomas6840@mail.com,BR,2018-10-04,Basic,13418.37
6841,Noah Jones,noah.jones6841@customer.net,IN,2023-09-01,Premium,19896.73
6842,Michael Martin,michael.martin6842@mail.com,CA,2018-11-12,Standard,47001.40
6843,Patricia Williams,patricia.williams6843@shop.io,CA,2018-05-25,Basic,36080.87
6844,Emma Gonzalez,emma.gonzalez6844@mail.com,JP,2023-10-02,Basic,44607.78
6845,Karen Smith,karen.smith6845@example.com,IN,2023-08-20,Premium,4542.59
6846,Patricia Jones,patricia.jones6846@example.com,JP,2024-07-14,Standard,30173.51
6847,Sarah Jones,sarah.jones6847@mail.com,FR,2020-09-15,Premium,9350.31
6848,Richard Thomas,richard.thomas6848@customer.net,DE,2021-11-19,Premium,41245.74
6849,Ava Miller,ava.miller6849@shop.io,IN,2019-05-20,Standard,8825.67
6850,Joseph Thompson,joseph.thompson6850@example.com,CA,2019-01-12,Premium,14035.49
6851,Jennifer Thomas,jennifer.thomas6851@customer.net,FR,2019-08-13,Premium,15845.86
6852,Jessica Davis,jessica.davis6852@customer.net,CA,2020-01-07,Premium,33844.07
6853,Elizabeth Jones,elizabeth.jones6853@example.com,MX,2020-10-31,Premium,1830.84
6854,Karen Davis,karen.davis6854@customer.net,CA,2019-04-04,Standard,32509.19
6855,Joseph Williams,joseph.williams6855@shop.io,DE,2021-11-03,Premium,48878.96
6856,Oliver Hernandez,oliver.hernandez6856@mail.com,AU,2020-07-15,Basic,40356.07
6857,James Jackson,james.jackson6857@shop.io,AU,2024-02-21,Standard,24769.07
6858,Ava Martin,ava.martin6858@mail.com,IN,2021-04-24,Basic,39206.75
6859,Jessica Miller,jessica.miller6859@customer.net,MX,2021-11-27,Standard,7533.21
6860,Thomas Lee,thomas.lee6860@example.com,IN,2018-10-20,Premium,29191.46
6861,John Davis,john.davis6861@shop.io,UK,2019-02-22,Basic,44418.49
6862,John Davis,john.davis6862@mail.com,US,2019-03-14,Premium,23823.65
6863,Michael Lopez,michael.lopez6863@example.com,DE,2020-12-01,Standard,48719.85
6864,William Taylor,william.taylor6864@shop.io,UK,2019-11-30,Premium,7057.75
6865,Noah Jones,noah.jones6865@mail.com,FR,2019-11-28,Premium,27930.02
6866,Linda Taylor,linda.taylor6866@shop.io,JP,2018-08-31,Basic,28818.49
6867,Michael Jackson,michael.jackson6867@example.com,FR,2023-05-21,Premium,49200.63
6868,Barbara Moore,barbara.moore6868@customer.net,BR,2020-04-20,Standard,30936.71
6869,Patricia Davis,patricia.davis6869@example.com,IN,2024-03-18,Premium,7113.88
6870,Emma Johnson,emma.johnson6870@example.com,MX,2024-09-07,Premium,22374.02
6871,Barbara Brown,barbara.brown6871@mail.com,UK,2023-01-14,Basic,15149.64
6872,Ava Martin,ava.martin6872@mail.com,BR,2018-01-13,Premium,22268.71
6873,William Lee,william.lee6873@customer.net,FR,2024-02-06,Premium,4876.33
6874,Michael Anderson,michael.anderson6874@example.com,CA,2024-06-12,Standard,19844.85
6875,Elizabeth Lopez,elizabeth.lopez6875@shop.io,CA,2018-05-08,Standard,42830.45
6876,James Smith,james.smith6876@shop.io,FR,2021-12-29,Standard,32535.58
6877,Thomas Taylor,thomas.taylor6877@mail.com,FR,2020-12-16,Basic,36204.79
6878,Oliver Brown,oliver.brown6878@example.com,BR,2020-01-04,Basic,32630.29
6879,Linda Taylor,linda.taylor6879@shop.io,US,2019-07-13,Basic,45543.79
6880,William Thomas,william.thomas6880@customer.net,MX,2024-03-16,Premium,48080.28
6881,Thomas Thomas,thomas.thomas6881@shop.io,FR,2023-03-18,Premium,49605.98
6882,Susan Martinez,susan.martinez6882@example.com,AU,2020-08-19,Premium,37200.89
6883,Joseph Smith,joseph.smith6883@customer.net,IN,2022-09-01,Basic,44595.91
6884,Mary Lee,mary.lee6884@customer.net,FR,2020-08-12,Premium,5083.47
6885,John Thompson,john.thompson6885@customer.net,UK,2019-03-04,Basic,16686.22
6886,Noah Davis,noah.davis6886@example.com,MX,2020-09-30,Standard,10357.52
6887,Patricia Miller,patricia.miller6887@shop.io,US,2020-08-01,Standard,24695.43
6888,John Anderson,john.anderson6888@example.com,FR,2023-06-13,Basic,31588.12
6889,Michael Smith,michael.smith6889@customer.net,UK,2024-01-15,Basic,6942.60
6890,Mary Smith,mary.smith6890@shop.io,AU,2023-10-21,Premium,2349.68
6891,Robert Brown,robert.brown6891@customer.net,DE,2021-01-12,Standard,48691.32
6892,Elizabeth Jones,elizabeth.jones6892@shop.io,IN,2024-04-08,Standard,46590.71
6893,Linda Jones,linda.jones6893@shop.io,AU,2018-09-06,Standard,47256.73
6894,Robert Jackson,robert.jackson6894@example.com,AU,2020-06-15,Standard,40372.70
6895,Joseph Martin,joseph.martin6895@example.com,DE,2018-04-10,Standard,49331.91
6896,Noah Johnson,noah.johnson6896@shop.io,JP,2024-02-26,Basic,48487.74
6897,James Davis,james.davis6897@shop.io,AU,2018-02-15,Basic,5025.93
6898,Karen Wilson,karen.wilson6898@shop.io,CA,2021-08-11,Standard,16399.43
6899,Ava Anderson,ava.anderson6899@example.com,JP,2020-12-15,Standard,49803.05
6900,Mary Hernandez,mary.hernandez6900@shop.io,US,2025-02-17,Standard,45218.78
6901,Barbara Thompson,barbara.thompson6901@shop.io,IN,2023-06-07,Standard,580.03
6902,Jennifer Johnson,jennifer.johnson6902@example.com,IN,2025-03-30,Standard,39964.72
6903,Karen Martin,karen.martin6903@mail.com,US,2018-04-09,Premium,11281.43
6904,William Lee,william.lee6904@example.com,CA,2018-05-17,Standard,36912.56
6905,Sarah Johnson,sarah.johnson6905@customer.net,JP,2018-03-20,Basic,3700.83
6906,William Rodriguez,william.rodriguez6906@customer.net,AU,2021-06-21,Basic,12943.40
6907,Mary Smith,mary.smith6907@example.com,CA,2018-06-03,Premium,14715.15
6908,Susan Rodriguez,susan.rodriguez6908@shop.io,CA,2024-12-27,Standard,19313.69
6909,Michael Martinez,michael.martinez6909@customer.net,AU,2019-11-29,Standard,20373.77
6910,Elizabeth Moore,elizabeth.moore6910@mail.com,CA,2022-06-12,Standard,6814.11
6911,Joseph Wilson,joseph.wilson6911@example.com,UK,2020-02-28,Basic,2072.18
6912,Jessica Martin,jessica.martin6912@shop.io,UK,2019-01-01,Basic,5694.06
6913,Oliver Brown,oliver.brown6913@customer.net,AU,2019-12-26,Basic,32927.97
6914,Mary Moore,mary.moore6914@example.com,AU,2024-05-07,Standard,30122.95
6915,Elizabeth Davis,elizabeth.davis6915@example.com,AU,2018-03-30,Standard,43414.10
6916,John Thomas,john.thomas6916@shop.io,UK,2025-02-01,Standard,34219.75
6917,Jessica Thomas,jessica.thomas6917@customer.net,FR,2019-02-20,Basic,2089.49
6918,Linda Garcia,linda.garcia6918@mail.com,UK,2024-07-19,Standard,20159.82
6919,Mary Garcia,mary.garcia6919@shop.io,CA,2022-03-20,Premium,20723.41
6920,William Martinez,william.martinez6920@shop.io,IN,2024-08-28,Standard,14214.53
6921,Sophia Lee,sophia.lee6921@mail.com,CA,2021-06-16,Premium,47079.55
6922,Sarah Davis,sarah.davis6922@mail.com,BR,2018-10-03,Premium,42823.17
6923,Linda Anderson,linda.anderson6923@mail.com,CA,2021-02-16,Standard,46683.52
6924,Karen Thompson,karen.thompson6924@mail.com,MX,2023-02-18,Basic,35880.27
6925,Charles Williams,charles.williams6925@shop.io,CA,2023-12-12,Basic,49623.41
6926,James Smith,james.smith6926@shop.io,IN,2021-10-23,Basic,12827.92
6927,Richard Davis,richard.davis6927@mail.com,CA,2024-04-14,Basic,42165.72
6928,Thomas Thomas,thomas.thomas6928@example.com,JP,2020-09-26,Standard,19925.13
6929,Emma Perez,emma.perez6929@customer.net,IN,2020-11-09,Basic,23554.06
6930,Michael Anderson,michael.anderson6930@example.com,AU,2020-10-13,Standard,42837.80
6931,Barbara Brown,barbara.brown6931@example.com,BR,2023-02-05,Premium,21230.37
6932,Sarah Jackson,sarah.jackson6932@customer.net,CA,2022-12-14,Standard,40355.89
6933,Susan Wilson,susan.wilson6933@customer.net,US,2024-11-06,Premium,29457.53
6934,Karen Miller,karen.miller6934@shop.io,DE,2022-04-08,Standard,6396.36
6935,Charles Perez,charles.perez6935@mail.com,UK,2023-01-11,Standard,43247.09
6936,Jessica Smith,jessica.smith6936@shop.io,IN,2023-01-07,Standard,28800.57
6937,James Lee,james.lee6937@shop.io,IN,2020-05-20,Basic,29601.58
6938,Oliver Wilson,oliver.wilson6938@customer.net,US,2025-06-02,Standard,42800.48
6939,Joseph Thomas,joseph.thomas6939@customer.net,UK,2021-01-17,Premium,17836.33
6940,Joseph Anderson,joseph.anderson6940@example.com,DE,2022-02-04,Basic,1011.76
6941,John Lopez,john.lopez6941@shop.io,CA,2020-11-14,Basic,14180.49
6942,Emma Martin,emma.martin6942@shop.io,JP,2021-08-19,Premium,18573.09
6943,Emma Miller,emma.miller6943@customer.net,CA,2020-12-30,Basic,27523.77
6944,Barbara Hernandez,barbara.hernandez6944@shop.io,JP,2022-05-18,Basic,20559.02
6945,Linda Hernandez,linda.hernandez6945@shop.io,DE,2018-01-14,Basic,45243.63
6946,David Smith,david.smith6946@shop.io,FR,2018-02-10,Basic,22520.95
6947,Jessica Thomas,jessica.thomas6947@mail.com,BR,2025-01-04,Basic,34806.50
6948,Robert Thomas,robert.thomas6948@customer.net,MX,2021-09-01,Basic,25424.74
6949,Sarah Thomas,sarah.thomas6949@example.com,BR,2024-07-08,Standard,42090.63
6950,Jennifer Lee,jennifer.lee6950@customer.net,IN,2018-04-04,Premium,20546.44
6951,Susan Martin,susan.martin6951@example.com,DE,2023-03-19,Standard,34099.05
6952,Elizabeth Rodriguez,elizabeth.rodriguez6952@mail.com,MX,2021-03-15,Premium,34628.99
6953,Mary Johnson,mary.johnson6953@customer.net,MX,2022-06-19,Premium,21674.36
6954,Linda Thomas,linda.thomas6954@customer.net,JP,2023-11-23,Standard,7064.37
6955,Jessica Brown,jessica.brown6955@customer.net,CA,2024-04-30,Premium,29362.30
6956,Richard Miller,richard.miller6956@customer.net,MX,2021-09-28,Premium,42741.03
6957,Oliver Thomas,oliver.thomas6957@mail.com,AU,2024-10-23,Premium,17278.99
6958,Patricia Gonzalez,patricia.gonzalez6958@example.com,AU,2022-10-16,Basic,23873.95
6959,Mary Thomas,mary.thomas6959@mail.com,FR,2018-08-08,Standard,33527.54
6960,James Taylor,james.taylor6960@example.com,FR,2020-06-02,Basic,15462.90
6961,Noah Jackson,noah.jackson6961@example.com,DE,2020-05-04,Standard,15052.62
6962,Jennifer Wilson,jennifer.wilson6962@mail.com,CA,2024-12-28,Standard,4973.69
6963,James Williams,james.williams6963@customer.net,MX,2025-03-01,Standard,45390.56
6964,Karen Brown,karen.brown6964@example.com,DE,2024-06-02,Standard,21084.44
6965,William Johnson,william.johnson6965@mail.com,UK,2019-03-15,Basic,7868.92
6966,Joseph Martin,joseph.martin6966@example.com,CA,2022-11-16,Standard,29547.16
6967,Patricia Williams,patricia.williams6967@mail.com,US,2020-02-12,Premium,28187.83
6968,Noah Johnson,noah.johnson6968@shop.io,MX,2022-04-26,Standard,34030.80
6969,Emma Jackson,emma.jackson6969@shop.io,DE,2020-06-07,Basic,47377.53
6970,Elizabeth Miller,elizabeth.miller6970@mail.com,JP,2022-01-03,Basic,37318.01
6971,Elizabeth Garcia,elizabeth.garcia6971@shop.io,IN,2020-09-19,Standard,36003.35
6972,Linda Martinez,linda.martinez6972@shop.io,US,2020-09-24,Premium,40833.07
6973,Noah Garcia,noah.garcia6973@customer.net,JP,2019-07-14,Basic,39665.20
6974,Joseph Jackson,joseph.jackson6974@mail.com,UK,2022-07-01,Premium,17951.72
6975,David Lopez,david.lopez6975@mail.com,DE,2022-10-05,Standard,30907.72
6976,Robert Rodriguez,robert.rodriguez6976@shop.io,BR,2020-10-04,Basic,23346.05
6977,Richard Moore,richard.moore6977@customer.net,JP,2024-08-10,Premium,36716.70
6978,Oliver Taylor,oliver.taylor6978@shop.io,MX,2018-11-21,Premium,42766.00
6979,Susan Anderson,susan.anderson6979@mail.com,BR,2023-06-21,Standard,12929.83
6980,Sarah Gonzalez,sarah.gonzalez6980@example.com,US,2021-04-21,Premium,22211.36
6981,Ava Garcia,ava.garcia6981@customer.net,MX,2022-04-10,Standard,9213.79
6982,Noah Martinez,noah.martinez6982@example.com,AU,2023-06-14,Premium,3808.00
6983,Thomas Johnson,thomas.johnson6983@mail.com,US,2021-03-16,Premium,13267.24
6984,Ava Smith,ava.smith6984@customer.net,UK,2024-05-10,Premium,6819.09
6985,Sophia Rodriguez,sophia.rodriguez6985@mail.com,FR,2023-02-13,Premium,49420.08
6986,Jennifer Wilson,jennifer.wilson6986@shop.io,JP,2023-12-08,Premium,14626.16
6987,Richard Davis,richard.davis6987@shop.io,AU,2018-05-03,Premium,29163.74
6988,Barbara Miller,barbara.miller6988@example.com,UK,2018-05-05,Premium,35991.86
6989,Thomas Martinez,thomas.martinez6989@shop.io,IN,2022-12-20,Premium,47724.15
6990,John Davis,john.davis6990@customer.net,US,2018-07-09,Basic,34897.92
6991,John Perez,john.perez6991@customer.net,CA,2024-05-12,Premium,4704.55
6992,Joseph Lopez,joseph.lopez6992@customer.net,US,2023-08-09,Premium,439.91
6993,Patricia Thompson,patricia.thompson6993@customer.net,FR,2023-01-31,Premium,11878.81
6994,Karen Thomas,karen.thomas6994@example.com,UK,2018-01-24,Premium,33060.38
6995,Elizabeth Jackson,elizabeth.jackson6995@mail.com,IN,2019-10-03,Premium,41371.59
6996,Sarah Martin,sarah.martin6996@mail.com,DE,2020-12-05,Premium,49142.98
6997,Susan Williams,susan.williams6997@mail.com,BR,2022-04-11,Standard,13569.19
6998,Ava Jackson,ava.jackson6998@customer.net,IN,2018-08-06,Premium,45785.93
6999,David Williams,david.williams6999@shop.io,FR,2021-10-30,Basic,36121.16
7000,William Thomas,william.thomas7000@example.com,UK,2024-03-31,Basic,42685.52
7001,Mary Martinez,mary.martinez7001@shop.io,US,2018-12-06,Standard,37343.36
7002,John Thompson,john.thompson7002@example.com,MX,2021-09-05,Basic,48353.60
7003,Emma Wilson,emma.wilson7003@example.com,DE,2023-05-28,Standard,30061.22
7004,Michael Thompson,michael.thompson7004@shop.io,JP,2023-06-09,Basic,21907.36
7005,Mary Hernandez,mary.hernandez7005@shop.io,BR,2021-09-23,Standard,7568.49
7006,Jessica Lopez,jessica.lopez7006@example.com,CA,2019-11-24,Premium,15549.80
7007,William Johnson,william.johnson7007@customer.net,MX,2020-12-15,Basic,37333.48
7008,Thomas Wilson,thomas.wilson7008@example.com,JP,2021-10-14,Standard,44002.51
7009,Noah Taylor,noah.taylor7009@mail.com,JP,2023-08-06,Premium,39687.38
7010,Elizabeth Moore,elizabeth.moore7010@example.com,IN,2018-08-16,Standard,48229.02
7011,James Williams,james.williams7011@customer.net,AU,2021-12-21,Standard,2197.73
7012,Jennifer Gonzalez,jennifer.gonzalez7012@customer.net,BR,2022-04-12,Standard,44390.51
7013,William Rodriguez,william.rodriguez7013@shop.io,UK,2021-05-09,Standard,37355.30
7014,Karen Rodriguez,karen.rodriguez7014@mail.com,IN,2023-07-16,Basic,1037.24
7015,Sarah Johnson,sarah.johnson7015@shop.io,US,2018-09-23,Standard,40975.05
7016,Linda Anderson,linda.anderson7016@customer.net,DE,2022-08-10,Basic,12678.11
7017,Karen Anderson,karen.anderson7017@example.com,CA,2019-08-09,Standard,3232.14
7018,Noah Jackson,noah.jackson7018@example.com,CA,2019-09-06,Premium,22319.73
7019,Richard Perez,richard.perez7019@example.com,JP,2025-04-30,Premium,2300.16
7020,Sarah Williams,sarah.williams7020@shop.io,FR,2022-10-11,Standard,28881.39
7021,Robert Perez,robert.perez7021@mail.com,MX,2025-04-18,Standard,19632.55
7022,Noah Brown,noah.brown7022@example.com,AU,2020-10-27,Premium,43290.76
7023,John Hernandez,john.hernandez7023@example.com,US,2023-07-18,Standard,793.73
7024,Ava Anderson,ava.anderson7024@shop.io,UK,2024-01-09,Premium,371.67
7025,Joseph Thomas,joseph.thomas7025@shop.io,DE,2023-09-08,Standard,48698.53
7026,Barbara Anderson,barbara.anderson7026@customer.net,UK,2023-12-09,Basic,21451.92
7027,Jessica Thomas,jessica.thomas7027@example.com,IN,2022-10-19,Standard,6648.22
7028,John Martin,john.martin7028@mail.com,DE,2024-03-16,Premium,15039.70
7029,Patricia Rodriguez,patricia.rodriguez7029@mail.com,US,2025-02-14,Basic,39797.97
7030,Patricia Lopez,patricia.lopez7030@mail.com,JP,2019-12-25,Basic,18240.83
7031,Jessica Moore,jessica.moore7031@mail.com,FR,2022-09-28,Standard,45588.42
7032,William Thompson,william.thompson7032@example.com,BR,2024-06-18,Premium,8611.84
7033,Sophia Johnson,sophia.johnson7033@shop.io,MX,2024-07-20,Standard,40425.85
7034,Ava Anderson,ava.anderson7034@customer.net,MX,2023-12-25,Basic,1559.91
7035,Jennifer Perez,jennifer.perez7035@mail.com,AU,2022-07-17,Premium,3135.32
7036,Michael Wilson,michael.wilson7036@example.com,US,2024-04-10,Basic,2011.26
7037,Barbara Thomas,barbara.thomas7037@example.com,UK,2022-07-11,Basic,8503.28
7038,Mary Lee,mary.lee7038@customer.net,FR,2023-02-18,Premium,11401.59
7039,Barbara Hernandez,barbara.hernandez7039@shop.io,MX,2019-03-09,Standard,6250.16
7040,Joseph Gonzalez,joseph.gonzalez7040@example.com,IN,2022-08-21,Premium,49129.91
7041,Richard Lopez,richard.lopez7041@customer.net,FR,2022-04-30,Premium,6724.41
7042,Barbara Davis,barbara.davis7042@customer.net,BR,2023-06-23,Premium,46313.82
7043,Mary Martin,mary.martin7043@mail.com,DE,2021-08-29,Standard,18043.38
7044,Sarah Smith,sarah.smith7044@customer.net,MX,2021-01-03,Premium,30665.34
7045,Sarah Anderson,sarah.anderson7045@mail.com,BR,2023-08-02,Premium,40879.46
7046,Sarah Miller,sarah.miller7046@shop.io,UK,2018-08-18,Premium,32022.12
7047,Susan Gonzalez,susan.gonzalez7047@shop.io,BR,2021-04-14,Basic,14431.09
7048,Linda Thompson,linda.thompson7048@mail.com,US,2018-01-24,Standard,21586.70
7049,Linda Thompson,linda.thompson7049@shop.io,IN,2018-01-06,Basic,26730.73
7050,Ava Lee,ava.lee7050@customer.net,US,2022-04-22,Standard,28305.09
7051,Oliver Davis,oliver.davis7051@customer.net,AU,2024-12-30,Premium,14302.93
7052,Joseph Martin,joseph.martin7052@example.com,AU,2024-03-21,Premium,2978.49
7053,Jessica Smith,jessica.smith7053@mail.com,JP,2025-05-06,Basic,28889.79
7054,Jennifer Anderson,jennifer.anderson7054@customer.net,CA,2022-02-17,Premium,49889.58
7055,James Perez,james.perez7055@example.com,AU,2025-01-26,Premium,44865.56
7056,Patricia Martin,patricia.martin7056@shop.io,JP,2021-09-07,Standard,24161.62
7057,Sarah Taylor,sarah.taylor7057@example.com,BR,2021-03-04,Premium,24287.27
7058,James Gonzalez,james.gonzalez7058@mail.com,BR,2019-11-06,Basic,16342.59
7059,James Anderson,james.anderson7059@mail.com,AU,2021-07-13,Premium,9270.84
7060,Barbara Thompson,barbara.thompson7060@mail.com,BR,2022-01-17,Premium,16048.18
7061,Barbara Johnson,barbara.johnson7061@example.com,FR,2021-09-11,Premium,12719.31
7062,John Williams,john.williams7062@customer.net,BR,2023-09-21,Standard,33657.09
7063,Sophia Lopez,sophia.lopez7063@example.com,AU,2019-05-16,Premium,49170.95
7064,Karen Thompson,karen.thompson7064@example.com,BR,2025-02-14,Standard,4480.88
7065,James Lopez,james.lopez7065@example.com,CA,2019-02-22,Premium,1201.08
7066,Ava Smith,ava.smith7066@customer.net,CA,2025-02-01,Premium,48878.99
7067,Noah Lopez,noah.lopez7067@example.com,AU,2022-10-19,Basic,30224.99
7068,Michael Miller,michael.miller7068@mail.com,JP,2022-07-26,Basic,31285.86
7069,Sophia Gonzalez,sophia.gonzalez7069@shop.io,JP,2020-07-15,Basic,23326.84
7070,Karen Miller,karen.miller7070@example.com,MX,2019-09-10,Basic,18544.66
7071,Michael Martin,michael.martin7071@example.com,IN,2018-07-29,Standard,20697.52
7072,Susan Johnson,susan.johnson7072@customer.net,UK,2019-09-02,Standard,41488.94
7073,Patricia Miller,patricia.miller7073@customer.net,FR,2024-11-02,Standard,30820.93
7074,Robert Lee,robert.lee7074@shop.io,BR,2018-10-12,Basic,11169.22
7075,Susan Gonzalez,susan.gonzalez7075@shop.io,FR,2022-10-31,Standard,10457.36
7076,Susan Lopez,susan.lopez7076@mail.com,UK,2025-05-18,Standard,45066.26
7077,David Thompson,david.thompson7077@shop.io,AU,2022-09-20,Basic,38055.41
7078,Barbara Johnson,barbara.johnson7078@shop.io,UK,2021-04-17,Standard,35091.89
7079,Emma Brown,emma.brown7079@customer.net,MX,2024-03-05,Basic,23998.26
7080,Susan Davis,susan.davis7080@mail.com,US,2019-06-12,Premium,490.96
7081,Robert Miller,robert.miller7081@mail.com,FR,2023-10-24,Basic,31604.60
7082,Linda Brown,linda.brown7082@customer.net,US,2019-08-18,Standard,1452.02
7083,Noah Thompson,noah.thompson7083@mail.com,JP,2018-03-08,Standard,387.81
7084,Sophia Martinez,sophia.martinez7084@mail.com,BR,2022-11-19,Standard,21494.19
7085,Elizabeth Anderson,elizabeth.anderson7085@example.com,JP,2025-04-25,Premium,19496.04
7086,Noah Garcia,noah.garcia7086@customer.net,AU,2023-05-07,Basic,25361.34
7087,Susan Wilson,susan.wilson7087@mail.com,IN,2023-08-25,Premium,17910.47
7088,Jessica Miller,jessica.miller7088@example.com,BR,2023-11-24,Premium,10142.24
7089,Mary Jackson,mary.jackson7089@customer.net,US,2019-01-18,Basic,39877.40
7090,Charles Moore,charles.moore7090@mail.com,CA,2023-03-17,Standard,2613.76
7091,Oliver Anderson,oliver.anderson7091@shop.io,UK,2023-11-15,Basic,46117.37
7092,Robert Brown,robert.brown7092@example.com,MX,2023-09-08,Basic,31303.99
7093,Emma Wilson,emma.wilson7093@mail.com,IN,2023-03-01,Basic,46731.77
7094,Oliver Garcia,oliver.garcia7094@example.com,IN,2024-02-09,Basic,19421.64
7095,James Gonzalez,james.gonzalez7095@customer.net,BR,2023-11-15,Premium,43774.65
7096,Jennifer Thomas,jennifer.thomas7096@example.com,CA,2019-11-01,Standard,8675.73
7097,Oliver Rodriguez,oliver.rodriguez7097@customer.net,AU,2023-08-25,Premium,21172.25
7098,Sophia Williams,sophia.williams7098@customer.net,MX,2019-07-04,Premium,31601.66
7099,Patricia Perez,patricia.perez7099@customer.net,MX,2022-12-19,Premium,10925.49
7100,Mary Moore,mary.moore7100@example.com,BR,2020-05-18,Standard,27982.35
7101,James Martin,james.martin7101@shop.io,CA,2020-11-20,Basic,49305.31
7102,Sarah Jackson,sarah.jackson7102@example.com,CA,2023-12-28,Premium,9700.63
7103,Susan Hernandez,susan.hernandez7103@customer.net,JP,2025-02-11,Premium,19405.79
7104,Jennifer Brown,jennifer.brown7104@mail.com,UK,2023-08-28,Basic,1574.66
7105,Ava Wilson,ava.wilson7105@customer.net,CA,2018-08-18,Standard,46102.80
7106,Karen Jackson,karen.jackson7106@customer.net,CA,2020-06-30,Basic,1312.40
7107,Jessica Moore,jessica.moore7107@example.com,FR,2022-12-29,Basic,8731.60
7108,Emma Hernandez,emma.hernandez7108@mail.com,JP,2019-03-14,Premium,20971.58
7109,Thomas Taylor,thomas.taylor7109@customer.net,US,2021-03-22,Premium,16748.32
7110,David Thomas,david.thomas7110@example.com,FR,2025-01-31,Basic,22036.48
7111,Ava Williams,ava.williams7111@shop.io,DE,2019-05-05,Standard,33465.89
7112,Richard Jones,richard.jones7112@shop.io,JP,2024-08-30,Basic,13849.61
7113,Noah Rodriguez,noah.rodriguez7113@mail.com,FR,2019-04-01,Standard,48804.00
7114,Jennifer Anderson,jennifer.anderson7114@mail.com,US,2021-12-12,Basic,43214.66
7115,Jessica Wilson,jessica.wilson7115@customer.net,DE,2018-05-12,Basic,15514.50
7116,James Anderson,james.anderson7116@shop.io,IN,2020-11-02,Premium,38222.27
7117,David Anderson,david.anderson7117@customer.net,CA,2022-07-23,Standard,7031.83
7118,Karen Martin,karen.martin7118@customer.net,BR,2025-06-05,Standard,42140.71
7119,David Lee,david.lee7119@mail.com,AU,2021-11-08,Basic,42716.41
7120,Robert Rodriguez,robert.rodriguez7120@shop.io,BR,2022-09-25,Standard,22775.41
7121,Karen Garcia,karen.garcia7121@example.com,JP,2019-10-26,Premium,49135.53
7122,Susan Thomas,susan.thomas7122@shop.io,US,2022-11-11,Basic,1271.20
7123,David Rodriguez,david.rodriguez7123@example.com,FR,2023-10-18,Premium,21970.82
7124,Linda Moore,linda.moore7124@customer.net,BR,2023-11-23,Premium,49452.19
7125,Karen Jones,karen.jones7125@mail.com,BR,2025-06-22,Basic,26284.38
7126,Robert Jones,robert.jones7126@shop.io,CA,2022-09-30,Basic,25099.55
7127,Susan Garcia,susan.garcia7127@customer.net,IN,2018-12-22,Premium,11410.10
7128,Richard Lopez,richard.lopez7128@customer.net,CA,2025-03-12,Basic,2685.11
7129,Elizabeth Miller,elizabeth.miller7129@customer.net,UK,2021-06-04,Basic,8130.48
7130,Robert Thomas,robert.thomas7130@mail.com,AU,2018-01-17,Basic,19999.55
7131,Mary Williams,mary.williams7131@mail.com,IN,2022-08-17,Standard,42782.07
7132,Emma Johnson,emma.johnson7132@customer.net,UK,2021-03-12,Basic,39181.09
7133,Charles Williams,charles.williams7133@example.com,US,2024-09-12,Premium,21541.50
7134,Barbara Perez,barbara.perez7134@shop.io,CA,2021-10-23,Standard,46781.04
7135,Linda Johnson,linda.johnson7135@example.com,UK,2023-04-28,Basic,43477.46
7136,Richard Jones,richard.jones7136@customer.net,CA,2025-04-19,Basic,7897.92
7137,James Lee,james.lee7137@shop.io,DE,2019-06-19,Standard,33294.17
7138,Sarah Jackson,sarah.jackson7138@customer.net,FR,2018-08-20,Standard,38709.08
7139,Michael Garcia,michael.garcia7139@example.com,IN,2022-06-14,Standard,41065.85
7140,Richard Jackson,richard.jackson7140@example.com,US,2023-01-07,Premium,31397.18
7141,Oliver Perez,oliver.perez7141@customer.net,UK,2019-04-29,Standard,4751.01
7142,Oliver Rodriguez,oliver.rodriguez7142@example.com,DE,2022-01-04,Premium,47528.59
7143,Susan Rodriguez,susan.rodriguez7143@mail.com,DE,2023-02-21,Standard,45416.96
7144,William Davis,william.davis7144@shop.io,MX,2025-04-01,Standard,38163.02
7145,Susan Hernandez,susan.hernandez7145@mail.com,IN,2021-12-29,Premium,42383.60
7146,Michael Martinez,michael.martinez7146@customer.net,JP,2020-12-14,Premium,4176.52
7147,Susan Smith,susan.smith7147@mail.com,BR,2022-03-12,Basic,28693.36
7148,Barbara Miller,barbara.miller7148@customer.net,AU,2022-01-11,Basic,32001.83
7149,Sarah Thomas,sarah.thomas7149@shop.io,MX,2020-02-07,Premium,13090.44
7150,John Perez,john.perez7150@shop.io,AU,2019-11-02,Basic,36913.98
7151,Jennifer Davis,jennifer.davis7151@example.com,UK,2022-06-24,Standard,36453.86
7152,James Perez,james.perez7152@mail.com,DE,2024-10-06,Standard,22953.43
7153,William Martinez,william.martinez7153@shop.io,FR,2020-07-22,Basic,48765.72
7154,Charles Thompson,charles.thompson7154@shop.io,AU,2023-02-14,Basic,21486.50
7155,Jessica Thompson,jessica.thompson7155@shop.io,US,2021-04-23,Standard,47160.26
7156,Robert Rodriguez,robert.rodriguez7156@customer.net,CA,2024-12-15,Standard,7601.95
7157,Noah Taylor,noah.taylor7157@mail.com,CA,2019-02-25,Basic,39774.86
7158,Susan Anderson,susan.anderson7158@example.com,US,2018-05-12,Basic,28658.05
7159,Sarah Martinez,sarah.martinez7159@shop.io,DE,2024-11-18,Basic,8335.67
7160,Charles Davis,charles.davis7160@example.com,IN,2025-02-18,Standard,6643.61
7161,Robert Taylor,robert.taylor7161@mail.com,IN,2021-12-27,Basic,17497.81
7162,Karen Thomas,karen.thomas7162@example.com,DE,2021-03-10,Basic,29647.76
7163,James Hernandez,james.hernandez7163@shop.io,JP,2024-04-28,Basic,28437.00
7164,Barbara Taylor,barbara.taylor7164@shop.io,FR,2020-12-19,Basic,49399.58
7165,Richard Lopez,richard.lopez7165@example.com,DE,2020-07-02,Standard,10308.31
7166,William Rodriguez,william.rodriguez7166@example.com,JP,2018-04-20,Basic,38631.40
7167,Susan Lee,susan.lee7167@mail.com,UK,2020-09-07,Basic,16506.06
7168,Emma Martinez,emma.martinez7168@mail.com,AU,2023-01-17,Basic,37500.94
7169,Emma Rodriguez,emma.rodriguez7169@shop.io,MX,2018-03-26,Basic,23681.94
7170,Ava Brown,ava.brown7170@mail.com,BR,2019-11-01,Premium,31895.03
7171,John Garcia,john.garcia7171@customer.net,CA,2025-02-23,Premium,4823.59
7172,Oliver Taylor,oliver.taylor7172@example.com,AU,2020-11-14,Standard,38431.54
7173,Sarah Taylor,sarah.taylor7173@mail.com,JP,2025-02-16,Standard,2687.28
7174,Mary Lopez,mary.lopez7174@example.com,JP,2018-04-13,Basic,18614.24
7175,Emma Smith,emma.smith7175@customer.net,DE,2022-04-26,Basic,10943.91
7176,Joseph Gonzalez,joseph.gonzalez7176@mail.com,CA,2025-05-14,Premium,6587.09
7177,David Anderson,david.anderson7177@mail.com,US,2023-07-25,Basic,26311.26
7178,William Thomas,william.thomas7178@example.com,JP,2023-10-04,Basic,49937.45
7179,Noah Lee,noah.lee7179@mail.com,JP,2024-10-11,Basic,24988.00
7180,Oliver Hernandez,oliver.hernandez7180@mail.com,FR,2024-12-15,Basic,31123.60
7181,Michael Gonzalez,michael.gonzalez7181@example.com,BR,2021-05-16,Standard,13927.82
7182,Patricia Perez,patricia.perez7182@mail.com,BR,2022-01-24,Standard,48657.38
7183,Charles Jones,charles.jones7183@mail.com,IN,2019-08-25,Basic,30274.26
7184,Patricia Wilson,patricia.wilson7184@shop.io,UK,2021-07-17,Basic,36202.60
7185,David Garcia,david.garcia7185@customer.net,CA,2023-01-03,Basic,41575.60
7186,Jessica Brown,jessica.brown7186@shop.io,AU,2020-07-06,Premium,48063.11
7187,John Lee,john.lee7187@customer.net,MX,2020-07-21,Premium,39669.64
7188,Michael Lee,michael.lee7188@shop.io,JP,2021-09-11,Standard,44004.95
7189,Karen Wilson,karen.wilson7189@example.com,JP,2022-04-04,Standard,31559.34
7190,Robert Brown,robert.brown7190@example.com,US,2018-06-27,Premium,24985.73
7191,Susan Martinez,susan.martinez7191@shop.io,BR,2023-03-16,Premium,38445.64
7192,Barbara Brown,barbara.brown7192@mail.com,AU,2020-07-20,Basic,44883.99
7193,Mary Lee,mary.lee7193@customer.net,FR,2019-01-27,Basic,35038.81
7194,David Miller,david.miller7194@customer.net,IN,2024-09-15,Premium,8613.17
7195,Sarah Anderson,sarah.anderson7195@mail.com,JP,2021-03-21,Basic,42142.95
7196,Richard Garcia,richard.garcia7196@mail.com,IN,2023-10-13,Basic,30589.98
7197,David Miller,david.miller7197@example.com,UK,2021-11-26,Premium,33449.85
7198,Sophia Miller,sophia.miller7198@customer.net,DE,2025-05-12,Premium,22279.20
7199,Joseph Martin,joseph.martin7199@mail.com,UK,2021-06-25,Basic,15059.33
7200,Emma Martin,emma.martin7200@shop.io,UK,2024-08-28,Basic,28267.81
7201,Oliver Rodriguez,oliver.rodriguez7201@shop.io,MX,2025-04-23,Standard,8872.95
7202,William Perez,william.perez7202@mail.com,BR,2021-02-12,Premium,48296.14
7203,Ava Jones,ava.jones7203@customer.net,JP,2025-06-16,Premium,42205.43
7204,Joseph Davis,joseph.davis7204@customer.net,BR,2021-09-19,Premium,32388.13
7205,Mary Hernandez,mary.hernandez7205@example.com,BR,2019-10-02,Standard,4524.79
7206,Patricia Smith,patricia.smith7206@mail.com,UK,2025-04-28,Basic,21784.67
7207,Robert Smith,robert.smith7207@customer.net,AU,2024-06-29,Premium,13767.05
7208,Noah Lopez,noah.lopez7208@customer.net,IN,2018-11-13,Basic,20468.28
7209,Richard Anderson,richard.anderson7209@customer.net,US,2019-01-13,Basic,16711.41
7210,Ava Rodriguez,ava.rodriguez7210@mail.com,CA,2018-01-07,Premium,150.34
7211,Jennifer Gonzalez,jennifer.gonzalez7211@shop.io,AU,2023-02-01,Standard,34749.83
7212,Joseph Lopez,joseph.lopez7212@customer.net,IN,2022-01-25,Basic,22953.27
7213,Michael Jones,michael.jones7213@customer.net,JP,2021-05-17,Premium,38249.25
7214,David Smith,david.smith7214@customer.net,BR,2021-08-21,Basic,1148.49
7215,Sophia Jones,sophia.jones7215@mail.com,FR,2018-08-12,Basic,39192.71
7216,Susan Thompson,susan.thompson7216@mail.com,UK,2021-06-26,Basic,24312.98
7217,James Wilson,james.wilson7217@example.com,IN,2021-10-01,Premium,42503.23
7218,Joseph Davis,joseph.davis7218@example.com,AU,2020-04-14,Standard,8329.28
7219,Karen Smith,karen.smith7219@customer.net,BR,2018-10-15,Basic,44559.07
7220,Susan Jones,susan.jones7220@mail.com,US,2024-06-15,Basic,18953.79
7221,Barbara Johnson,barbara.johnson7221@customer.net,UK,2018-07-26,Standard,19964.15
7222,Richard Martin,richard.martin7222@example.com,FR,2022-11-11,Standard,2978.21
7223,Charles Johnson,charles.johnson7223@shop.io,UK,2019-05-05,Standard,32880.28
7224,Charles Lee,charles.lee7224@customer.net,JP,2024-10-29,Standard,33769.17
7225,Patricia Martin,patricia.martin7225@shop.io,IN,2022-12-21,Premium,28428.95
7226,Karen Gonzalez,karen.gonzalez7226@example.com,BR,2023-03-05,Standard,30832.79
7227,John Jones,john.jones7227@mail.com,MX,2023-09-26,Premium,1018.10
7228,Oliver Thomas,oliver.thomas7228@shop.io,JP,2023-01-27,Basic,27004.01
7229,Thomas Jones,thomas.jones7229@shop.io,FR,2023-02-08,Standard,31123.88
7230,Thomas Gonzalez,thomas.gonzalez7230@customer.net,DE,2023-01-05,Standard,46037.77
7231,Jennifer Thompson,jennifer.thompson7231@mail.com,US,2018-05-27,Basic,35680.17
7232,John Hernandez,john.hernandez7232@shop.io,JP,2021-09-25,Basic,49400.69
7233,James Brown,james.brown7233@mail.com,FR,2022-04-25,Standard,42908.97
7234,Noah Perez,noah.perez7234@example.com,UK,2021-09-03,Standard,22359.28
7235,Noah Taylor,noah.taylor7235@example.com,CA,2018-03-14,Basic,8053.09
7236,Sarah Garcia,,IN,2021-06-17,Basic,32163.77
7237,Patricia Lee,patricia.lee7237@mail.com,JP,2018-11-23,Standard,39627.12
7238,Mary Jackson,mary.jackson7238@shop.io,DE,2025-06-12,Premium,33067.06
7239,Barbara Jackson,barbara.jackson7239@customer.net,FR,2023-04-06,Basic,4381.05
7240,Linda Brown,linda.brown7240@example.com,AU,2019-03-12,Basic,36383.57
7241,Ava Davis,ava.davis7241@customer.net,MX,2018-04-06,Premium,13860.83
7242,Joseph Martin,joseph.martin7242@example.com,CA,2022-11-06,Basic,15333.26
7243,Karen Rodriguez,karen.rodriguez7243@example.com,AU,2024-02-16,Premium,16497.61
7244,Karen Davis,karen.davis7244@shop.io,DE,2023-07-19,Basic,28275.20
7245,John Thompson,john.thompson7245@example.com,MX,2019-10-20,Standard,39501.35
7246,Sarah Martin,sarah.martin7246@example.com,US,2024-12-29,Basic,42210.12
7247,Susan Perez,susan.perez7247@example.com,IN,2023-11-11,Premium,44637.69
7248,Elizabeth Martinez,elizabeth.martinez7248@example.com,IN,2025-03-01,Standard,43567.23
7249,Richard Brown,richard.brown7249@example.com,JP,2023-03-27,Basic,7690.41
7250,Karen Rodriguez,karen.rodriguez7250@mail.com,US,2022-08-04,Standard,2602.63
7251,James Hernandez,james.hernandez7251@shop.io,BR,2019-09-22,Standard,49946.57
7252,James Rodriguez,james.rodriguez7252@customer.net,JP,2024-08-11,Basic,16182.69
7253,Jessica Garcia,jessica.garcia7253@shop.io,US,2018-05-18,Premium,3030.12
7254,John Lopez,john.lopez7254@example.com,BR,2022-08-22,Premium,22421.43
7255,Charles Moore,charles.moore7255@customer.net,DE,2019-09-16,Basic,15574.77
7256,Elizabeth Lee,elizabeth.lee7256@customer.net,IN,2020-12-17,Basic,47989.00
7257,Karen Rodriguez,karen.rodriguez7257@shop.io,BR,2020-05-17,Premium,49770.66
7258,John Martin,john.martin7258@example.com,UK,2018-02-11,Premium,43057.86
7259,Richard Davis,richard.davis7259@mail.com,CA,2024-12-25,Premium,49167.19
7260,Joseph Thomas,joseph.thomas7260@customer.net,US,2023-12-18,Standard,28905.03
7261,Oliver Garcia,oliver.garcia7261@customer.net,BR,2019-12-07,Premium,30888.36
7262,Noah Lopez,noah.lopez7262@shop.io,CA,2020-03-24,Basic,13985.05
7263,Sarah Garcia,sarah.garcia7263@example.com,FR,2023-11-11,Basic,308.76
7264,Patricia Hernandez,patricia.hernandez7264@shop.io,JP,2022-07-19,Basic,13895.56
7265,Patricia Perez,patricia.perez7265@shop.io,UK,2020-05-13,Basic,27328.76
7266,Barbara Lopez,barbara.lopez7266@mail.com,DE,2020-04-18,Standard,18144.63
7267,Thomas Miller,thomas.miller7267@customer.net,FR,2019-04-26,Standard,16048.86
7268,Jennifer Hernandez,jennifer.hernandez7268@mail.com,FR,2019-08-26,Standard,11812.90
7269,Ava Jones,ava.jones7269@example.com,FR,2024-05-19,Standard,39904.26
7270,Jessica Jackson,jessica.jackson7270@customer.net,AU,2022-11-26,Premium,27630.22
7271,Jessica Miller,jessica.miller7271@mail.com,AU,2018-03-19,Premium,21073.81
7272,William Thompson,william.thompson7272@shop.io,AU,2023-11-14,Premium,49950.96
7273,Elizabeth Taylor,elizabeth.taylor7273@mail.com,MX,2021-04-13,Premium,23845.20
7274,Oliver Moore,oliver.moore7274@mail.com,BR,2022-04-02,Premium,18329.17
7275,Barbara Taylor,barbara.taylor7275@customer.net,DE,2024-06-19,Premium,43377.80
7276,Noah Anderson,noah.anderson7276@example.com,IN,2019-10-07,Basic,32025.75
7277,Thomas Anderson,thomas.anderson7277@mail.com,IN,2018-03-21,Basic,3118.32
7278,Barbara Moore,barbara.moore7278@mail.com,DE,2022-09-09,Premium,37811.04
7279,Ava Perez,ava.perez7279@example.com,IN,2023-02-28,Standard,42474.56
7280,John Williams,john.williams7280@shop.io,FR,2019-07-10,Basic,47062.19
7281,Noah Smith,noah.smith7281@mail.com,CA,2019-01-26,Standard,46866.83
7282,Joseph Thomas,joseph.thomas7282@shop.io,IN,2024-02-10,Basic,34860.06
7283,Susan Miller,susan.miller7283@customer.net,UK,2020-08-26,Standard,49381.22
7284,Charles Moore,charles.moore7284@customer.net,US,2023-11-21,Premium,43100.07
7285,Ava Hernandez,ava.hernandez7285@mail.com,BR,2020-01-25,Basic,46758.01
7286,Sarah Williams,sarah.williams7286@mail.com,DE,2025-05-05,Premium,49224.12
7287,Karen Gonzalez,karen.gonzalez7287@shop.io,JP,2022-01-29,Premium,37997.38
7288,Jessica Gonzalez,jessica.gonzalez7288@shop.io,CA,2021-09-22,Premium,8010.76
7289,David Gonzalez,david.gonzalez7289@mail.com,DE,2019-09-20,Premium,27128.44
7290,Oliver Miller,oliver.miller7290@shop.io,IN,2020-11-16,Basic,13514.49
7291,Robert Jackson,robert.jackson7291@customer.net,UK,2020-05-08,Basic,2938.37
7292,John Moore,john.moore7292@customer.net,US,2022-11-07,Basic,29671.80
7293,Emma Miller,emma.miller7293@shop.io,AU,2018-11-01,Premium,47563.24
7294,Oliver Taylor,oliver.taylor7294@mail.com,BR,2019-09-15,Basic,7130.39
7295,Richard Jones,richard.jones7295@customer.net,US,2021-06-07,Basic,9358.50
7296,Thomas Lopez,thomas.lopez7296@customer.net,UK,2018-08-23,Premium,21133.31
7297,Michael Lee,michael.lee7297@example.com,AU,2022-03-23,Basic,16719.44
7298,Emma Wilson,emma.wilson7298@mail.com,AU,2025-01-10,Premium,34360.36
7299,Richard Martin,richard.martin7299@shop.io,UK,2019-07-29,Premium,16023.28
7300,Sarah Taylor,sarah.taylor7300@example.com,BR,2023-10-09,Basic,46805.46
7301,Sophia Smith,sophia.smith7301@example.com,UK,2018-01-15,Standard,5063.16
7302,Karen Garcia,karen.garcia7302@mail.com,IN,2018-04-16,Premium,39019.84
7303,Susan Taylor,susan.taylor7303@example.com,BR,2025-04-17,Standard,49079.80
7304,Oliver Taylor,oliver.taylor7304@shop.io,CA,2021-01-19,Premium,40130.69
7305,Jessica Jones,jessica.jones7305@example.com,FR,2019-12-13,Standard,42958.26
7306,Ava Thompson,ava.thompson7306@customer.net,JP,2022-09-03,Premium,43213.13
7307,Linda Williams,linda.williams7307@example.com,BR,2018-08-13,Standard,11723.46
7308,Elizabeth Thompson,elizabeth.thompson7308@mail.com,US,2024-08-18,Standard,28542.73
7309,Jessica Hernandez,jessica.hernandez7309@customer.net,BR,2020-12-06,Premium,5950.52
7310,Patricia Moore,patricia.moore7310@example.com,UK,2023-11-23,Basic,23678.95
7311,Joseph Garcia,joseph.garcia7311@example.com,FR,2019-03-06,Premium,8058.50
7312,Richard Lopez,richard.lopez7312@customer.net,CA,2022-05-07,Premium,10938.45
7313,Robert Perez,robert.perez7313@mail.com,UK,2019-06-29,Premium,24517.13
7314,Patricia Anderson,patricia.anderson7314@example.com,CA,2019-12-29,Basic,12300.44
7315,Robert Thomas,robert.thomas7315@shop.io,BR,2024-02-09,Basic,4685.43
7316,John Moore,john.moore7316@shop.io,MX,2019-11-15,Premium,20783.80
7317,James Rodriguez,james.rodriguez7317@example.com,IN,2021-11-10,Premium,43288.07
7318,Jennifer Gonzalez,jennifer.gonzalez7318@example.com,BR,2024-05-09,Premium,583.23
7319,Barbara Davis,barbara.davis7319@example.com,US,2018-03-18,Premium,23038.21
7320,Oliver Garcia,oliver.garcia7320@shop.io,UK,2020-07-12,Standard,43385.31
7321,Jennifer Jones,jennifer.jones7321@mail.com,BR,2025-04-25,Premium,3850.56
7322,Oliver Anderson,oliver.anderson7322@example.com,DE,2018-05-03,Basic,32668.42
7323,Sarah Williams,sarah.williams7323@shop.io,US,2018-11-03,Standard,19469.53
7324,Richard Williams,richard.williams7324@mail.com,IN,2018-05-27,Standard,24817.02
7325,Jessica Garcia,jessica.garcia7325@example.com,CA,2022-02-01,Premium,34835.79
7326,Charles Moore,charles.moore7326@example.com,IN,2020-04-18,Basic,34291.32
7327,Barbara Davis,barbara.davis7327@mail.com,FR,2022-01-24,Premium,5690.54
7328,Richard Thompson,richard.thompson7328@mail.com,IN,2019-06-25,Standard,48709.27
7329,Mary Martinez,mary.martinez7329@shop.io,IN,2019-05-05,Standard,12288.25
7330,Barbara Perez,barbara.perez7330@example.com,AU,2019-02-16,Premium,11144.81
7331,Robert Smith,robert.smith7331@customer.net,JP,2020-04-11,Premium,43260.97
7332,Charles Jones,charles.jones7332@shop.io,US,2023-05-11,Standard,4758.83
7333,Michael Hernandez,michael.hernandez7333@customer.net,IN,2021-10-14,Premium,11901.41
7334,Mary Davis,mary.davis7334@customer.net,FR,2025-05-31,Basic,47801.30
7335,Barbara Thomas,barbara.thomas7335@shop.io,FR,2020-06-25,Basic,5148.84
7336,David Taylor,david.taylor7336@example.com,US,2018-04-24,Basic,14992.37
7337,Richard Jones,richard.jones7337@customer.net,JP,2022-01-16,Premium,4716.89
7338,Elizabeth Wilson,elizabeth.wilson7338@mail.com,UK,2021-01-02,Standard,18199.87
7339,James Davis,james.davis7339@shop.io,AU,2022-01-17,Basic,35858.83
7340,Noah Thompson,noah.thompson7340@shop.io,IN,2021-03-23,Basic,8150.69
7341,Patricia Taylor,patricia.taylor7341@example.com,MX,2018-03-29,Premium,10759.08
7342,James Brown,james.brown7342@customer.net,AU,2019-03-07,Basic,26162.85
7343,Karen Smith,karen.smith7343@customer.net,US,2024-08-29,Premium,42597.01
7344,Sophia Lopez,sophia.lopez7344@example.com,JP,2021-11-08,Premium,45965.09
7345,Noah Jackson,noah.jackson7345@mail.com,IN,2023-03-06,Standard,31736.48
7346,James Rodriguez,james.rodriguez7346@customer.net,UK,2022-05-23,Basic,8058.55
7347,Robert Perez,robert.perez7347@shop.io,FR,2024-10-10,Basic,21621.00
7348,Susan Moore,susan.moore7348@customer.net,DE,2018-02-11,Premium,44424.31
7349,William Moore,william.moore7349@customer.net,UK,2018-05-03,Premium,19234.33
7350,Oliver Hernandez,oliver.hernandez7350@mail.com,CA,2023-06-22,Standard,37628.81
7351,John Rodriguez,john.rodriguez7351@shop.io,DE,2023-04-06,Premium,34342.77
7352,Charles Anderson,charles.anderson7352@shop.io,AU,2020-06-11,Premium,43195.05
7353,Barbara Jackson,barbara.jackson7353@shop.io,AU,2018-03-04,Basic,48051.00
7354,Mary Jones,mary.jones7354@example.com,IN,2024-07-14,Standard,15320.00
7355,Michael Hernandez,michael.hernandez7355@customer.net,CA,2019-07-08,Standard,34427.57
7356,Charles Rodriguez,charles.rodriguez7356@mail.com,IN,2025-01-21,Premium,1997.25
7357,Karen Smith,karen.smith7357@mail.com,CA,2021-08-17,Premium,32284.37
7358,Patricia Rodriguez,patricia.rodriguez7358@customer.net,CA,2022-12-16,Premium,7628.34
7359,Michael Wilson,michael.wilson7359@example.com,JP,2021-04-25,Premium,24650.01
7360,Susan Smith,susan.smith7360@mail.com,DE,2022-01-26,Premium,16847.74
7361,Michael Perez,michael.perez7361@example.com,FR,2020-11-08,Basic,4755.98
7362,Susan Garcia,susan.garcia7362@mail.com,BR,2018-04-26,Basic,17386.76
7363,John Thomas,john.thomas7363@shop.io,CA,2018-05-10,Premium,19479.55
7364,Joseph Martin,joseph.martin7364@example.com,AU,2024-02-29,Standard,27767.92
7365,Sarah Brown,sarah.brown7365@customer.net,FR,2024-11-18,Premium,10643.21
7366,Karen Gonzalez,karen.gonzalez7366@example.com,US,2024-02-03,Premium,40087.50
7367,Susan Lee,susan.lee7367@shop.io,IN,2019-03-23,Premium,40628.10
7368,Richard Martinez,richard.martinez7368@customer.net,CA,2022-08-02,Standard,18863.58
7369,Joseph Moore,joseph.moore7369@shop.io,IN,2019-11-26,Standard,44958.15
7370,Sarah Rodriguez,sarah.rodriguez7370@shop.io,US,2018-11-15,Basic,43359.86
7371,Elizabeth Davis,elizabeth.davis7371@mail.com,AU,2023-04-04,Premium,44043.43
7372,Charles Garcia,charles.garcia7372@customer.net,UK,2018-02-03,Premium,26096.25
7373,Emma Hernandez,emma.hernandez7373@example.com,CA,2020-09-03,Basic,33841.59
7374,Robert Hernandez,robert.hernandez7374@shop.io,DE,2018-02-15,Premium,9364.32
7375,Oliver Moore,oliver.moore7375@customer.net,AU,2024-04-30,Premium,26882.45
7376,Patricia Jackson,patricia.jackson7376@example.com,AU,2020-01-31,Basic,42826.85
7377,Karen Johnson,karen.johnson7377@shop.io,FR,2018-03-03,Standard,24500.41
7378,James Perez,james.perez7378@mail.com,US,2020-07-18,Basic,45072.72
7379,Elizabeth Smith,elizabeth.smith7379@example.com,IN,2025-02-23,Standard,23249.52
7380,Richard Jackson,richard.jackson7380@mail.com,UK,2024-07-10,Basic,6238.65
7381,James Hernandez,james.hernandez7381@example.com,JP,2019-02-20,Basic,22964.10
7382,Karen Lopez,karen.lopez7382@customer.net,CA,2021-06-09,Standard,46816.71
7383,William Smith,william.smith7383@customer.net,MX,2019-04-22,Standard,12436.96
7384,Joseph Wilson,joseph.wilson7384@customer.net,FR,2024-03-12,Basic,15328.91
7385,Patricia Thompson,patricia.thompson7385@shop.io,AU,2022-08-20,Standard,21288.07
7386,David Martin,david.martin7386@customer.net,MX,2019-11-01,Basic,18918.95
7387,Noah Wilson,noah.wilson7387@mail.com,DE,2023-05-04,Premium,8453.22
7388,William Davis,william.davis7388@customer.net,US,2020-02-20,Basic,43099.96
7389,Karen Williams,karen.williams7389@example.com,AU,2022-08-03,Standard,38262.99
7390,Oliver Brown,oliver.brown7390@shop.io,UK,2020-08-14,Standard,9640.54
7391,Joseph Gonzalez,joseph.gonzalez7391@mail.com,DE,2024-06-22,Basic,22253.49
7392,Ava Moore,ava.moore7392@example.com,IN,2018-05-17,Standard,40536.45
7393,Emma Williams,emma.williams7393@example.com,JP,2018-01-31,Premium,34067.33
7394,Jennifer Davis,jennifer.davis7394@customer.net,FR,2022-12-14,Standard,36471.42
7395,Michael Anderson,michael.anderson7395@mail.com,BR,2018-07-05,Premium,10970.95
7396,John Taylor,john.taylor7396@shop.io,FR,2021-03-22,Premium,9503.26
7397,Oliver Thomas,oliver.thomas7397@example.com,IN,2024-04-19,Premium,20761.31
7398,John Brown,john.brown7398@shop.io,JP,2022-04-13,Premium,1356.10
7399,Michael Rodriguez,michael.rodriguez7399@customer.net,BR,2023-05-27,Premium,36675.99
7400,Elizabeth Brown,elizabeth.brown7400@shop.io,AU,2021-11-30,Standard,43553.98
7401,Joseph Miller,joseph.miller7401@example.com,UK,2022-06-12,Basic,26736.21
7402,Charles Garcia,charles.garcia7402@customer.net,IN,2020-08-05,Standard,31890.69
7403,James Smith,james.smith7403@shop.io,FR,2024-02-26,Premium,2362.84
7404,Elizabeth Moore,elizabeth.moore7404@shop.io,JP,2023-09-09,Basic,49770.59
7405,Patricia Gonzalez,patricia.gonzalez7405@shop.io,IN,2018-02-10,Basic,26522.80
7406,Mary Perez,mary.perez7406@shop.io,UK,2023-09-13,Basic,31078.96
7407,Sophia Perez,sophia.perez7407@mail.com,CA,2021-03-10,Standard,40340.80
7408,Jennifer Moore,jennifer.moore7408@mail.com,IN,2018-09-26,Standard,10340.75
7409,Ava Gonzalez,ava.gonzalez7409@example.com,BR,2023-02-17,Premium,38228.63
7410,Susan Miller,susan.miller7410@example.com,CA,2024-04-29,Premium,34508.41
7411,Thomas Williams,thomas.williams7411@mail.com,JP,2019-07-02,Premium,29514.67
7412,Michael Taylor,michael.taylor7412@example.com,CA,2021-10-22,Premium,32531.69
7413,James Lee,james.lee7413@mail.com,CA,2024-05-14,Premium,32761.14
7414,Richard Martinez,richard.martinez7414@customer.net,IN,2020-11-10,Basic,9327.58
7415,Jessica Miller,jessica.miller7415@customer.net,BR,2019-01-28,Premium,43901.69
7416,Noah Thomas,noah.thomas7416@mail.com,DE,2025-02-16,Standard,40510.56
7417,Sophia Moore,sophia.moore7417@example.com,BR,2018-11-04,Standard,17333.23
7418,Michael Perez,michael.perez7418@mail.com,AU,2023-08-26,Basic,12528.61
7419,Jennifer Williams,jennifer.williams7419@mail.com,IN,2023-06-17,Premium,20463.64
7420,Emma Davis,emma.davis7420@mail.com,BR,2021-06-27,Premium,45702.08
7421,Jessica Taylor,jessica.taylor7421@customer.net,IN,2018-02-24,Premium,25593.91
7422,Elizabeth Martin,elizabeth.martin7422@example.com,JP,2019-10-17,Standard,45676.33
7423,Oliver Rodriguez,oliver.rodriguez7423@example.com,US,2021-10-18,Basic,1611.07
7424,Charles Williams,charles.williams7424@customer.net,JP,2024-01-09,Premium,8764.34
7425,Thomas Perez,thomas.perez7425@mail.com,JP,2024-11-01,Basic,11147.55
7426,Emma Moore,emma.moore7426@shop.io,MX,2020-07-03,Premium,38876.98
7427,Robert Garcia,robert.garcia7427@customer.net,BR,2019-01-30,Standard,21342.36
7428,Barbara Davis,barbara.davis7428@shop.io,FR,2022-09-24,Basic,25877.47
7429,Robert Davis,robert.davis7429@mail.com,US,2022-12-02,Premium,31653.73
7430,Thomas Wilson,thomas.wilson7430@example.com,UK,2021-10-27,Standard,40008.53
7431,Oliver Garcia,oliver.garcia7431@mail.com,US,2022-05-12,Standard,27671.77
7432,John Perez,john.perez7432@shop.io,IN,2023-07-06,Premium,49749.13
7433,William Thompson,william.thompson7433@example.com,DE,2024-04-18,Premium,12840.63
7434,Joseph Brown,joseph.brown7434@mail.com,US,2024-04-20,Premium,37888.33
7435,Robert Martinez,robert.martinez7435@customer.net,CA,2023-08-26,Standard,20194.45
7436,Michael Anderson,michael.anderson7436@customer.net,UK,2023-05-19,Premium,40168.91
7437,Robert Anderson,robert.anderson7437@customer.net,IN,2018-04-14,Basic,20859.14
7438,Sophia Miller,sophia.miller7438@shop.io,UK,2020-09-10,Standard,27910.85
7439,Charles Johnson,charles.johnson7439@customer.net,AU,2023-04-28,Standard,3815.20
7440,Susan Jackson,susan.jackson7440@shop.io,FR,2022-08-28,Standard,46581.31
7441,Linda Perez,linda.perez7441@mail.com,JP,2022-03-02,Standard,39074.70
7442,Thomas Rodriguez,thomas.rodriguez7442@shop.io,FR,2021-11-04,Standard,22699.04
7443,Ava Thomas,ava.thomas7443@shop.io,MX,2019-07-20,Basic,30508.27
7444,David Taylor,david.taylor7444@mail.com,IN,2018-10-29,Basic,48650.65
7445,Thomas Thompson,thomas.thompson7445@mail.com,JP,2021-04-09,Standard,27112.20
7446,Charles Garcia,charles.garcia7446@mail.com,MX,2022-03-26,Premium,14174.18
7447,William Rodriguez,william.rodriguez7447@shop.io,US,2020-01-18,Standard,41646.94
7448,Richard Thomas,richard.thomas7448@example.com,DE,2019-05-09,Standard,40619.39
7449,Jennifer Martin,jennifer.martin7449@shop.io,MX,2024-03-24,Basic,45657.98
7450,Richard Brown,richard.brown7450@example.com,FR,2022-11-30,Basic,20610.63
7451,Sophia Garcia,sophia.garcia7451@shop.io,US,2020-07-01,Basic,49642.58
7452,Noah Smith,noah.smith7452@shop.io,FR,2023-07-04,Standard,4592.35
7453,Jennifer Wilson,jennifer.wilson7453@example.com,BR,2022-03-18,Standard,16019.17
7454,Patricia Smith,patricia.smith7454@customer.net,UK,2024-11-22,Basic,23179.64
7455,James Thomas,james.thomas7455@mail.com,MX,2020-04-26,Basic,4095.88
7456,Robert Martin,robert.martin7456@shop.io,US,2019-11-13,Basic,23600.33
7457,Barbara Jackson,barbara.jackson7457@shop.io,DE,2022-01-10,Premium,3391.36
7458,Richard Lopez,richard.lopez7458@customer.net,AU,2022-02-03,Standard,23791.43
7459,Thomas Gonzalez,thomas.gonzalez7459@mail.com,DE,2024-03-24,Premium,48629.91
7460,Oliver Perez,oliver.perez7460@customer.net,US,2021-10-28,Standard,3060.00
7461,David Hernandez,david.hernandez7461@customer.net,FR,2023-11-14,Basic,31315.04
7462,Elizabeth Brown,elizabeth.brown7462@example.com,MX,2022-07-16,Premium,38962.68
7463,Noah Wilson,noah.wilson7463@customer.net,UK,2022-07-30,Basic,43088.45
7464,Oliver Hernandez,oliver.hernandez7464@mail.com,UK,2022-12-10,Standard,20353.16
7465,Ava Garcia,ava.garcia7465@shop.io,CA,2022-03-15,Standard,30081.22
7466,Ava Jackson,ava.jackson7466@example.com,BR,2018-12-13,Standard,10724.81
7467,Sophia Thompson,sophia.thompson7467@customer.net,MX,2023-01-24,Standard,22962.71
7468,Barbara Rodriguez,barbara.rodriguez7468@customer.net,US,2022-04-24,Basic,9607.84
7469,Sophia Garcia,sophia.garcia7469@customer.net,US,2022-03-07,Premium,11849.80
7470,Thomas Moore,thomas.moore7470@mail.com,CA,2024-10-26,Basic,29482.15
7471,Susan Jackson,susan.jackson7471@customer.net,IN,2018-07-25,Basic,35239.78
7472,Noah Perez,noah.perez7472@example.com,BR,2023-03-25,Standard,25924.66
7473,Mary Martinez,mary.martinez7473@example.com,CA,2025-03-04,Premium,9728.85
7474,Linda Martinez,linda.martinez7474@customer.net,CA,2021-09-28,Premium,6991.87
7475,Noah Gonzalez,noah.gonzalez7475@example.com,MX,2020-09-14,Standard,30662.02
7476,Jennifer Garcia,jennifer.garcia7476@mail.com,US,2024-09-26,Basic,34423.52
7477,Elizabeth Miller,elizabeth.miller7477@example.com,DE,2018-12-14,Premium,13806.43
7478,Ava Hernandez,ava.hernandez7478@shop.io,JP,2024-10-20,Basic,29868.69
7479,Mary Thomas,mary.thomas7479@mail.com,AU,2022-07-01,Standard,39103.92
7480,Sophia Moore,sophia.moore7480@customer.net,DE,2020-10-19,Premium,19141.34
7481,Michael Wilson,michael.wilson7481@shop.io,JP,2023-11-29,Premium,22158.81
7482,John Lee,john.lee7482@shop.io,UK,2018-08-04,Standard,5042.27
7483,Richard Thomas,richard.thomas7483@customer.net,JP,2022-04-05,Standard,30349.67
7484,Charles Perez,charles.perez7484@mail.com,DE,2019-06-28,Standard,43526.79
7485,Richard Thomas,richard.thomas7485@mail.com,JP,2018-11-22,Basic,21141.64
7486,David Hernandez,david.hernandez7486@customer.net,MX,2019-04-30,Premium,1602.38
7487,Karen Martinez,karen.martinez7487@shop.io,CA,2018-04-08,Premium,26950.84
7488,Karen Thompson,karen.thompson7488@shop.io,CA,2020-04-13,Basic,46295.68
7489,Thomas Jones,thomas.jones7489@customer.net,MX,2023-01-05,Standard,28614.05
7490,Patricia Davis,patricia.davis7490@customer.net,IN,2023-06-18,Standard,38349.96
7491,Thomas Wilson,thomas.wilson7491@customer.net,MX,2018-02-03,Basic,38323.90
7492,Thomas Wilson,thomas.wilson7492@mail.com,MX,2018-11-19,Standard,6197.88
7493,Ava Davis,ava.davis7493@shop.io,MX,2018-06-06,Basic,36269.19
7494,Karen Martinez,karen.martinez7494@example.com,CA,2021-04-07,Standard,23376.59
7495,Jennifer Anderson,jennifer.anderson7495@example.com,JP,2019-07-19,Standard,15077.83
7496,David Jones,,BR,2022-08-15,Premium,3139.53
7497,David Rodriguez,david.rodriguez7497@customer.net,DE,2024-03-01,Standard,13935.56
7498,Mary Anderson,mary.anderson7498@shop.io,UK,2024-11-18,Premium,30586.45
7499,William Gonzalez,william.gonzalez7499@example.com,FR,2023-01-13,Basic,8500.17
7500,Sarah Smith,sarah.smith7500@mail.com,AU,2022-08-23,Basic,47487.06
7501,Karen Thompson,karen.thompson7501@example.com,US,2024-04-12,Basic,32371.77
7502,Sarah Thomas,sarah.thomas7502@customer.net,JP,2018-01-02,Basic,23537.62
7503,James Brown,james.brown7503@mail.com,MX,2025-05-02,Basic,31241.82
7504,Karen Lee,karen.lee7504@mail.com,AU,2022-06-01,Standard,41892.43
7505,Jessica Thompson,jessica.thompson7505@shop.io,IN,2020-09-29,Premium,38177.39
7506,Jessica Thomas,jessica.thomas7506@example.com,BR,2022-07-10,Premium,20375.94
7507,Noah Anderson,noah.anderson7507@customer.net,UK,2022-07-12,Premium,39796.98
7508,Sophia Moore,sophia.moore7508@customer.net,FR,2023-12-28,Premium,12165.32
7509,Michael Jones,michael.jones7509@customer.net,DE,2021-05-26,Basic,40981.25
7510,Thomas Wilson,thomas.wilson7510@shop.io,US,2024-11-03,Standard,20179.76
7511,Barbara Rodriguez,barbara.rodriguez7511@customer.net,JP,2018-05-05,Standard,11327.39
7512,Elizabeth Rodriguez,elizabeth.rodriguez7512@mail.com,CA,2024-04-25,Basic,16890.58
7513,Patricia Jones,patricia.jones7513@example.com,JP,2022-04-07,Premium,2514.99
7514,Sarah Lee,sarah.lee7514@example.com,UK,2019-12-25,Basic,30825.57
7515,William Taylor,william.taylor7515@mail.com,BR,2018-02-07,Premium,39513.83
7516,Charles Garcia,charles.garcia7516@example.com,AU,2020-10-05,Standard,16135.15
7517,Elizabeth Lee,elizabeth.lee7517@shop.io,IN,2023-11-19,Standard,30987.66
7518,Karen Johnson,karen.johnson7518@example.com,UK,2024-09-28,Premium,43840.06
7519,Michael Williams,michael.williams7519@shop.io,DE,2021-05-15,Premium,47484.78
7520,Patricia Hernandez,patricia.hernandez7520@customer.net,AU,2023-10-07,Basic,13417.86
7521,Robert Anderson,robert.anderson7521@customer.net,BR,2022-09-06,Premium,32617.52
7522,Jennifer Thomas,jennifer.thomas7522@customer.net,MX,2020-03-19,Premium,11387.39
7523,David Wilson,david.wilson7523@shop.io,DE,2018-03-23,Premium,27615.40
7524,William Hernandez,william.hernandez7524@customer.net,IN,2022-03-30,Premium,20767.03
7525,Ava Perez,ava.perez7525@mail.com,MX,2022-01-30,Premium,36594.74
7526,Elizabeth Williams,elizabeth.williams7526@example.com,FR,2018-11-15,Basic,15415.33
7527,Emma Lee,emma.lee7527@customer.net,FR,2025-06-30,Premium,31958.18
7528,Barbara Jones,barbara.jones7528@mail.com,CA,2025-02-12,Standard,18535.80
7529,Barbara Martinez,barbara.martinez7529@customer.net,UK,2019-06-07,Basic,40030.40
7530,Linda Moore,linda.moore7530@shop.io,IN,2023-02-07,Basic,8758.84
7531,William Martinez,william.martinez7531@example.com,UK,2024-10-01,Basic,30920.84
7532,Ava Taylor,ava.taylor7532@example.com,CA,2020-05-10,Standard,49105.80
7533,David Lee,david.lee7533@shop.io,DE,2021-11-05,Basic,35782.58
7534,Susan Jones,susan.jones7534@customer.net,US,2023-07-27,Basic,49488.06
7535,John Davis,john.davis7535@shop.io,JP,2021-09-26,Premium,12318.70
7536,Sophia Rodriguez,sophia.rodriguez7536@example.com,JP,2021-01-24,Basic,4501.67
7537,Noah Hernandez,noah.hernandez7537@example.com,AU,2024-01-04,Premium,33526.84
7538,Mary Lopez,mary.lopez7538@shop.io,CA,2022-09-07,Basic,17630.93
7539,Robert Johnson,robert.johnson7539@customer.net,MX,2018-04-05,Basic,31403.97
7540,Susan Brown,susan.brown7540@example.com,MX,2021-11-29,Basic,22771.22
7541,Emma Anderson,emma.anderson7541@mail.com,AU,2020-09-03,Premium,11678.53
7542,David Moore,david.moore7542@shop.io,IN,2021-06-21,Premium,48299.43
7543,Karen Rodriguez,karen.rodriguez7543@shop.io,DE,2024-02-19,Premium,34428.97
7544,William Perez,william.perez7544@example.com,US,2024-07-21,Premium,39003.38
7545,Noah Miller,noah.miller7545@example.com,MX,2021-12-24,Premium,47796.29
7546,Sarah Thomas,sarah.thomas7546@mail.com,US,2021-11-02,Basic,9528.57
7547,James Johnson,james.johnson7547@mail.com,CA,2025-02-09,Basic,38202.15
7548,Michael Garcia,michael.garcia7548@mail.com,IN,2019-08-06,Premium,44690.95
7549,Oliver Lopez,oliver.lopez7549@shop.io,AU,2022-04-17,Premium,44416.83
7550,Elizabeth Martin,elizabeth.martin7550@customer.net,AU,2022-04-25,Standard,36688.43
7551,Joseph Moore,joseph.moore7551@mail.com,FR,2024-08-31,Premium,30157.88
7552,Sophia Martinez,sophia.martinez7552@mail.com,UK,2018-05-01,Basic,34133.72
7553,John Moore,john.moore7553@shop.io,JP,2024-02-19,Standard,26584.66
7554,Jennifer Taylor,jennifer.taylor7554@example.com,MX,2021-10-25,Standard,9087.49
7555,Thomas Davis,thomas.davis7555@customer.net,BR,2020-03-24,Premium,34137.71
7556,John Moore,john.moore7556@customer.net,AU,2025-01-29,Basic,29466.80
7557,Sophia Perez,sophia.perez7557@shop.io,IN,2025-02-14,Basic,36588.96
7558,Joseph Martinez,joseph.martinez7558@shop.io,IN,2019-10-07,Basic,16037.15
7559,Noah Gonzalez,noah.gonzalez7559@customer.net,US,2020-05-06,Premium,22430.70
7560,Sarah Lee,sarah.lee7560@customer.net,AU,2023-11-02,Standard,41144.49
7561,Mary Jackson,mary.jackson7561@example.com,DE,2018-05-22,Standard,17135.93
7562,Oliver Jones,oliver.jones7562@example.com,CA,2022-06-28,Basic,45569.40
7563,Joseph Martinez,joseph.martinez7563@mail.com,MX,2018-03-27,Basic,20005.12
7564,William Moore,william.moore7564@shop.io,JP,2023-07-21,Premium,30732.48
7565,Mary Jones,mary.jones7565@shop.io,CA,2021-01-06,Premium,34135.14
7566,Linda Lee,linda.lee7566@example.com,MX,2023-06-05,Premium,45455.38
7567,Emma Martin,emma.martin7567@example.com,UK,2018-10-04,Premium,2990.43
7568,Michael Gonzalez,michael.gonzalez7568@customer.net,DE,2024-11-05,Basic,48522.82
7569,John Gonzalez,john.gonzalez7569@shop.io,DE,2022-11-11,Premium,48942.03
7570,Sophia Gonzalez,sophia.gonzalez7570@customer.net,IN,2021-01-29,Standard,3407.44
7571,James Thomas,james.thomas7571@mail.com,AU,2020-01-20,Standard,17148.40
7572,Barbara Jones,barbara.jones7572@example.com,BR,2020-10-12,Premium,47689.59
7573,Sophia Miller,sophia.miller7573@example.com,US,2018-11-05,Basic,19374.18
7574,Emma Taylor,emma.taylor7574@mail.com,DE,2019-01-07,Standard,8001.06
7575,Charles Johnson,charles.johnson7575@example.com,JP,2021-04-24,Premium,40386.18
7576,Richard Gonzalez,richard.gonzalez7576@shop.io,FR,2018-06-04,Basic,18951.65
7577,Elizabeth Jones,elizabeth.jones7577@mail.com,UK,2022-06-18,Standard,7100.72
7578,Robert Martinez,robert.martinez7578@customer.net,CA,2021-02-24,Standard,5872.49
7579,Richard Johnson,richard.johnson7579@customer.net,US,2022-10-28,Standard,47973.61
7580,Linda Thomas,linda.thomas7580@customer.net,BR,2023-12-18,Basic,8309.56
7581,William Brown,william.brown7581@example.com,US,2018-09-03,Standard,8130.96
7582,Karen Smith,karen.smith7582@shop.io,JP,2024-12-17,Basic,36027.70
7583,Noah Brown,noah.brown7583@example.com,JP,2018-09-07,Basic,17307.77
7584,Richard Rodriguez,richard.rodriguez7584@customer.net,IN,2021-09-17,Basic,31526.74
7585,Joseph Lopez,joseph.lopez7585@customer.net,MX,2018-03-29,Premium,40297.24
7586,Linda Gonzalez,linda.gonzalez7586@customer.net,AU,2025-02-06,Basic,37542.80
7587,William Thomas,william.thomas7587@example.com,US,2024-07-16,Basic,35834.82
7588,Charles Lee,charles.lee7588@mail.com,JP,2023-12-08,Standard,27042.70
7589,Richard Hernandez,richard.hernandez7589@mail.com,FR,2018-06-26,Basic,322.50
7590,David Miller,david.miller7590@mail.com,CA,2020-05-18,Premium,13260.54
7591,Sarah Garcia,sarah.garcia7591@example.com,JP,2018-05-13,Premium,1270.41
7592,Richard Anderson,richard.anderson7592@shop.io,AU,2020-12-08,Standard,17426.15
7593,Ava Martin,ava.martin7593@customer.net,CA,2019-01-02,Standard,10619.87
7594,Robert Hernandez,robert.hernandez7594@example.com,UK,2023-04-14,Premium,41027.72
7595,Emma Miller,emma.miller7595@example.com,FR,2021-11-30,Basic,8276.31
7596,Jessica Garcia,jessica.garcia7596@customer.net,FR,2020-10-13,Premium,27249.72
7597,Mary Rodriguez,mary.rodriguez7597@example.com,BR,2023-10-13,Basic,21518.99
7598,Ava Williams,ava.williams7598@example.com,DE,2022-02-13,Basic,1132.83
7599,Elizabeth Thompson,elizabeth.thompson7599@mail.com,US,2022-06-18,Standard,34102.77
7600,Sophia Anderson,sophia.anderson7600@customer.net,DE,2019-01-15,Premium,6763.57
7601,Patricia Thompson,patricia.thompson7601@customer.net,BR,2019-03-09,Premium,28276.87
7602,Patricia Perez,patricia.perez7602@customer.net,IN,2022-10-23,Premium,45651.67
7603,Robert Williams,robert.williams7603@shop.io,DE,2022-09-10,Standard,10178.63
7604,Emma Anderson,emma.anderson7604@example.com,UK,2018-02-21,Standard,38264.99
7605,Richard Moore,richard.moore7605@customer.net,BR,2025-03-26,Standard,13777.21
7606,Noah Martinez,noah.martinez7606@example.com,CA,2023-04-21,Premium,17560.90
7607,Karen Martinez,karen.martinez7607@customer.net,BR,2024-05-20,Standard,9652.38
7608,Joseph Martinez,joseph.martinez7608@mail.com,AU,2019-12-08,Standard,23022.35
7609,Richard Moore,richard.moore7609@customer.net,JP,2020-06-24,Basic,41498.41
7610,Barbara Williams,barbara.williams7610@customer.net,IN,2018-05-20,Premium,36284.68
7611,Oliver Lee,oliver.lee7611@mail.com,JP,2018-05-04,Premium,13325.42
7612,Noah Smith,noah.smith7612@shop.io,US,2022-12-07,Basic,40554.82
7613,Barbara Lee,,MX,2024-11-03,Standard,36446.91
7614,Emma Davis,emma.davis7614@mail.com,FR,2018-08-26,Basic,15417.14
7615,Jessica Jones,jessica.jones7615@shop.io,MX,2022-09-11,Premium,35130.70
7616,Barbara Lee,barbara.lee7616@shop.io,FR,2020-07-31,Basic,38700.76
7617,John Gonzalez,john.gonzalez7617@mail.com,MX,2018-03-12,Standard,9340.68
7618,Noah Taylor,noah.taylor7618@example.com,AU,2022-08-01,Standard,2773.12
7619,Michael Smith,michael.smith7619@example.com,AU,2018-12-10,Basic,26146.56
7620,William Miller,william.miller7620@shop.io,MX,2020-04-18,Standard,12558.96
7621,Susan Taylor,susan.taylor7621@example.com,BR,2023-08-05,Standard,30815.50
7622,Sophia Davis,sophia.davis7622@shop.io,JP,2019-08-17,Standard,45115.21
7623,William Brown,william.brown7623@customer.net,JP,2022-05-07,Premium,4807.48
7624,Sarah Thomas,sarah.thomas7624@shop.io,FR,2018-03-26,Basic,20413.09
7625,Jessica Martinez,jessica.martinez7625@mail.com,MX,2025-03-07,Premium,7088.94
7626,Thomas Davis,thomas.davis7626@shop.io,BR,2023-06-02,Premium,30241.35
7627,Emma Garcia,emma.garcia7627@shop.io,UK,2022-09-19,Basic,8522.66
7628,Ava Jackson,ava.jackson7628@example.com,BR,2021-07-02,Standard,13314.18
7629,Robert Gonzalez,robert.gonzalez7629@mail.com,JP,2023-05-07,Premium,11239.92
7630,Jennifer Hernandez,jennifer.hernandez7630@example.com,DE,2024-04-14,Standard,19728.12
7631,Richard Davis,richard.davis7631@shop.io,US,2020-11-15,Premium,31181.53
7632,Noah Rodriguez,noah.rodriguez7632@shop.io,JP,2022-10-09,Standard,35779.81
7633,Sophia Jones,sophia.jones7633@shop.io,IN,2024-11-07,Standard,25850.59
7634,David Brown,david.brown7634@customer.net,MX,2019-12-31,Premium,23885.54
7635,John Anderson,john.anderson7635@example.com,FR,2022-03-02,Basic,32886.81
7636,Emma Moore,emma.moore7636@shop.io,AU,2020-12-03,Basic,22768.47
7637,Ava Lee,ava.lee7637@shop.io,US,2025-01-06,Premium,17786.91
7638,Joseph Rodriguez,joseph.rodriguez7638@shop.io,BR,2018-06-28,Standard,20857.77
7639,Elizabeth Moore,elizabeth.moore7639@customer.net,BR,2021-05-06,Premium,11369.66
7640,Oliver Davis,oliver.davis7640@example.com,DE,2023-02-12,Standard,2418.49
7641,Sarah Davis,sarah.davis7641@mail.com,AU,2024-10-20,Standard,27078.84
7642,Emma Jones,emma.jones7642@shop.io,AU,2019-06-04,Standard,41322.84
7643,Sophia Moore,sophia.moore7643@example.com,IN,2018-03-05,Basic,9531.02
7644,Barbara Davis,barbara.davis7644@shop.io,UK,2023-06-19,Standard,35038.34
7645,Barbara Martinez,barbara.martinez7645@customer.net,UK,2020-12-09,Premium,5249.76
7646,Sophia Jackson,sophia.jackson7646@example.com,US,2025-05-03,Premium,14715.77
7647,Sophia Anderson,sophia.anderson7647@mail.com,MX,2025-03-10,Basic,34057.62
7648,John Lee,john.lee7648@mail.com,MX,2023-09-06,Basic,11841.36
7649,David Taylor,david.taylor7649@shop.io,CA,2024-04-12,Basic,508.89
7650,Patricia Jones,patricia.jones7650@customer.net,JP,2018-10-28,Premium,44343.47
7651,Jessica Thompson,jessica.thompson7651@example.com,AU,2022-04-27,Basic,25144.89
7652,David Miller,david.miller7652@example.com,MX,2019-01-29,Basic,22599.56
7653,William Thomas,william.thomas7653@shop.io,US,2023-11-26,Premium,32885.21
7654,James Moore,james.moore7654@mail.com,DE,2024-05-08,Basic,2331.74
7655,Richard Rodriguez,richard.rodriguez7655@example.com,MX,2024-12-05,Standard,16357.06
7656,Noah Martinez,noah.martinez7656@example.com,DE,2024-05-03,Premium,23282.71
7657,William Hernandez,william.hernandez7657@mail.com,IN,2025-03-06,Standard,27799.35
7658,Robert Taylor,robert.taylor7658@example.com,DE,2020-09-01,Basic,43940.62
7659,David Wilson,david.wilson7659@mail.com,IN,2018-06-29,Premium,27765.73
7660,Barbara Jackson,barbara.jackson7660@example.com,UK,2023-11-24,Basic,25621.73
7661,James Thompson,james.thompson7661@mail.com,US,2018-01-02,Standard,46394.33
7662,Joseph Moore,joseph.moore7662@mail.com,BR,2022-06-16,Basic,36834.55
7663,Emma Garcia,emma.garcia7663@mail.com,US,2020-02-20,Premium,22769.73
7664,Mary Moore,mary.moore7664@example.com,IN,2024-05-28,Basic,8585.76
7665,Jennifer Miller,jennifer.miller7665@customer.net,IN,2025-04-06,Standard,8450.01
7666,Barbara Rodriguez,barbara.rodriguez7666@example.com,AU,2018-10-05,Basic,49607.49
7667,Mary Anderson,mary.anderson7667@example.com,DE,2023-02-04,Basic,6791.14
7668,Oliver Garcia,oliver.garcia7668@shop.io,DE,2025-06-05,Basic,20504.08
7669,David Moore,david.moore7669@mail.com,CA,2024-07-19,Premium,35204.08
7670,Richard Miller,richard.miller7670@customer.net,CA,2024-11-27,Standard,17622.25
7671,John Johnson,john.johnson7671@mail.com,FR,2020-09-09,Standard,18225.80
7672,Thomas Taylor,thomas.taylor7672@shop.io,JP,2019-09-01,Basic,32508.00
7673,William Gonzalez,william.gonzalez7673@mail.com,BR,2024-10-30,Premium,44385.53
7674,John Perez,john.perez7674@example.com,AU,2021-08-08,Basic,24463.66
7675,Michael Smith,michael.smith7675@mail.com,MX,2022-08-04,Premium,13666.50
7676,Charles Martin,charles.martin7676@example.com,MX,2021-05-04,Premium,21486.94
7677,Charles Hernandez,charles.hernandez7677@mail.com,US,2020-02-06,Standard,29830.34
7678,Thomas Martin,thomas.martin7678@example.com,CA,2021-09-06,Standard,46114.66
7679,John Williams,john.williams7679@example.com,JP,2025-01-09,Premium,25714.82
7680,David Taylor,david.taylor7680@shop.io,BR,2023-06-05,Standard,29386.54
7681,Mary Johnson,mary.johnson7681@mail.com,IN,2020-01-24,Basic,45574.65
7682,Thomas Gonzalez,thomas.gonzalez7682@shop.io,BR,2018-04-01,Standard,32873.62
7683,James Johnson,james.johnson7683@example.com,AU,2023-02-15,Premium,4108.64
7684,Jessica Martinez,jessica.martinez7684@mail.com,AU,2023-01-03,Standard,34312.07
7685,Oliver Martin,oliver.martin7685@mail.com,AU,2021-11-09,Basic,37993.33
7686,Emma Wilson,emma.wilson7686@example.com,BR,2021-01-04,Standard,40915.75
7687,Noah Smith,noah.smith7687@example.com,UK,2021-10-22,Basic,32700.25
7688,Patricia Jones,patricia.jones7688@mail.com,IN,2019-09-17,Standard,35215.56
7689,Elizabeth Martin,elizabeth.martin7689@shop.io,JP,2018-06-02,Premium,6857.44
7690,Barbara Brown,barbara.brown7690@example.com,IN,2025-04-19,Standard,45216.95
7691,Elizabeth Thompson,elizabeth.thompson7691@shop.io,IN,2018-07-27,Basic,46943.73
7692,Jessica Thompson,jessica.thompson7692@customer.net,DE,2021-03-22,Basic,24012.30
7693,Elizabeth Anderson,elizabeth.anderson7693@customer.net,FR,2018-08-11,Basic,26618.14
7694,David Anderson,david.anderson7694@mail.com,BR,2024-10-06,Premium,47241.63
7695,Patricia Perez,patricia.perez7695@example.com,US,2022-09-07,Premium,13425.03
7696,Joseph Martinez,joseph.martinez7696@example.com,BR,2018-02-28,Standard,44479.90
7697,Robert Johnson,robert.johnson7697@mail.com,DE,2020-03-08,Premium,15869.97
7698,Charles Thomas,charles.thomas7698@shop.io,JP,2020-10-17,Premium,49205.95
7699,Susan Moore,susan.moore7699@mail.com,BR,2023-05-21,Standard,17276.69
7700,Joseph Lopez,joseph.lopez7700@shop.io,AU,2019-07-23,Standard,25495.26
7701,Sarah Hernandez,sarah.hernandez7701@customer.net,BR,2022-01-14,Premium,36263.41
7702,Susan Gonzalez,susan.gonzalez7702@shop.io,BR,2023-05-08,Basic,8473.41
7703,Richard Martinez,richard.martinez7703@customer.net,UK,2020-07-07,Premium,2658.47
7704,Jennifer Hernandez,jennifer.hernandez7704@shop.io,CA,2022-07-18,Basic,13324.46
7705,Linda Davis,linda.davis7705@shop.io,JP,2024-12-21,Basic,17521.18
7706,Charles Rodriguez,charles.rodriguez7706@shop.io,CA,2023-02-08,Premium,14403.56
7707,Patricia Thompson,patricia.thompson7707@shop.io,AU,2018-05-25,Standard,33351.28
7708,Richard Miller,richard.miller7708@mail.com,JP,2018-06-15,Standard,30207.54
7709,David Lee,david.lee7709@example.com,UK,2023-11-11,Premium,29567.84
7710,Emma Brown,emma.brown7710@mail.com,BR,2025-03-26,Standard,42789.70
7711,Barbara Lee,barbara.lee7711@shop.io,AU,2024-04-28,Standard,8260.25
7712,Charles Taylor,charles.taylor7712@example.com,FR,2020-10-05,Basic,7672.83
7713,John Martin,john.martin7713@customer.net,JP,2018-12-23,Premium,26038.13
7714,Patricia Thompson,patricia.thompson7714@customer.net,JP,2023-03-03,Standard,47047.61
7715,Michael Gonzalez,michael.gonzalez7715@example.com,CA,2024-02-13,Basic,48607.37
7716,Charles Taylor,charles.taylor7716@shop.io,MX,2019-09-28,Standard,5058.14
7717,William Davis,william.davis7717@customer.net,MX,2021-01-16,Standard,12719.39
7718,Karen Miller,karen.miller7718@shop.io,JP,2022-05-19,Basic,47429.87
7719,Sarah Jackson,sarah.jackson7719@mail.com,BR,2022-09-08,Premium,19609.02
7720,Noah Williams,noah.williams7720@customer.net,JP,2022-04-19,Standard,48382.31
7721,David Taylor,david.taylor7721@example.com,BR,2021-04-14,Premium,4156.59
7722,Karen Wilson,karen.wilson7722@shop.io,DE,2018-10-03,Basic,22406.55
7723,Charles Johnson,charles.johnson7723@example.com,AU,2020-03-04,Basic,3332.85
7724,Susan Smith,susan.smith7724@shop.io,AU,2023-07-01,Standard,3199.63
7725,Emma Moore,emma.moore7725@shop.io,AU,2024-12-19,Standard,26933.84
7726,Joseph Wilson,joseph.wilson7726@shop.io,AU,2024-05-04,Premium,32055.13
7727,Susan Taylor,susan.taylor7727@example.com,FR,2018-05-23,Standard,25969.61
7728,Joseph Miller,joseph.miller7728@example.com,BR,2020-09-17,Standard,29117.90
7729,Elizabeth Brown,elizabeth.brown7729@mail.com,FR,2020-12-07,Standard,29191.75
7730,Jennifer Miller,jennifer.miller7730@mail.com,AU,2023-10-16,Premium,48234.58
7731,Jennifer Martinez,jennifer.martinez7731@shop.io,AU,2023-08-10,Premium,45861.45
7732,Sophia Gonzalez,sophia.gonzalez7732@mail.com,JP,2021-01-10,Premium,16713.84
7733,Elizabeth Martin,elizabeth.martin7733@mail.com,BR,2022-08-14,Premium,6776.50
7734,Ava Johnson,ava.johnson7734@mail.com,FR,2019-02-13,Standard,12896.12
7735,Mary Jones,mary.jones7735@example.com,US,2022-04-07,Premium,39080.64
7736,Jessica Gonzalez,jessica.gonzalez7736@mail.com,CA,2021-01-26,Premium,10460.62
7737,Oliver Wilson,oliver.wilson7737@example.com,DE,2025-04-14,Basic,18830.54
7738,Michael Davis,michael.davis7738@shop.io,IN,2021-02-11,Premium,35546.47
7739,Emma Garcia,emma.garcia7739@customer.net,US,2019-12-02,Standard,7622.30
7740,Barbara Williams,barbara.williams7740@shop.io,FR,2021-12-08,Premium,23794.89
7741,Emma Miller,emma.miller7741@customer.net,BR,2022-02-07,Premium,13235.57
7742,Noah Perez,noah.perez7742@shop.io,BR,2022-01-29,Premium,19484.15
7743,Emma Jones,emma.jones7743@mail.com,AU,2021-03-22,Basic,23582.07
7744,Jennifer Rodriguez,jennifer.rodriguez7744@example.com,AU,2022-01-15,Premium,2368.38
7745,Richard Williams,richard.williams7745@example.com,FR,2024-11-15,Premium,312.97
7746,Barbara Lee,barbara.lee7746@mail.com,JP,2022-01-30,Basic,8340.01
7747,William Johnson,william.johnson7747@customer.net,US,2022-03-13,Standard,28164.20
7748,Oliver Davis,oliver.davis7748@mail.com,AU,2022-02-08,Standard,20152.07
7749,Thomas Lopez,thomas.lopez7749@example.com,BR,2019-09-23,Basic,13105.69
7750,Michael Martin,michael.martin7750@customer.net,CA,2023-12-11,Standard,29034.44
7751,Mary Johnson,mary.johnson7751@shop.io,AU,2023-06-24,Basic,47954.39
7752,Michael Taylor,michael.taylor7752@example.com,JP,2024-12-29,Basic,48475.68
7753,Richard Lee,richard.lee7753@customer.net,US,2024-06-25,Basic,14518.12
7754,Elizabeth Rodriguez,elizabeth.rodriguez7754@customer.net,AU,2018-04-18,Premium,22803.54
7755,David Smith,david.smith7755@shop.io,IN,2022-05-24,Standard,39110.28
7756,Thomas Martin,thomas.martin7756@example.com,IN,2021-08-16,Basic,46672.27
7757,Charles Thomas,charles.thomas7757@mail.com,DE,2020-04-07,Premium,14544.71
7758,Mary Rodriguez,mary.rodriguez7758@mail.com,US,2018-09-08,Standard,12030.01
7759,John Jackson,john.jackson7759@example.com,US,2022-10-26,Basic,23519.67
7760,Patricia Davis,patricia.davis7760@customer.net,FR,2021-10-24,Basic,4018.85
7761,Oliver Williams,oliver.williams7761@shop.io,DE,2018-07-22,Premium,27424.59
7762,Patricia Jones,patricia.jones7762@mail.com,FR,2019-10-09,Basic,20616.76
7763,Sophia Brown,sophia.brown7763@shop.io,US,2019-06-24,Basic,14449.48
7764,David Martinez,david.martinez7764@mail.com,DE,2020-12-06,Basic,29771.55
7765,Jennifer Martinez,jennifer.martinez7765@mail.com,US,2019-09-01,Premium,34598.19
7766,Sophia Thompson,sophia.thompson7766@example.com,US,2018-04-22,Premium,9615.00
7767,Joseph Taylor,joseph.taylor7767@mail.com,BR,2025-05-24,Basic,8139.67
7768,Oliver Davis,oliver.davis7768@shop.io,US,2025-03-09,Basic,41825.13
7769,Charles Brown,charles.brown7769@mail.com,AU,2020-08-01,Premium,30247.88
7770,Richard Brown,richard.brown7770@customer.net,IN,2020-01-23,Basic,14105.82
7771,Noah Thompson,noah.thompson7771@shop.io,IN,2023-06-23,Standard,14365.24
7772,Sophia Moore,sophia.moore7772@customer.net,JP,2024-07-03,Standard,10854.99
7773,John Rodriguez,john.rodriguez7773@example.com,BR,2020-02-15,Premium,32132.73
7774,Mary Martin,mary.martin7774@example.com,IN,2020-10-04,Premium,18898.21
7775,Robert Thomas,robert.thomas7775@mail.com,UK,2021-10-01,Standard,23547.16
7776,Noah Garcia,noah.garcia7776@customer.net,UK,2023-06-30,Basic,46632.77
7777,Sophia Miller,sophia.miller7777@customer.net,DE,2024-08-04,Premium,14644.80
7778,Karen Perez,karen.perez7778@customer.net,JP,2023-02-07,Premium,27240.17
7779,Noah Garcia,noah.garcia7779@shop.io,FR,2023-08-21,Premium,3294.99
7780,Susan Garcia,susan.garcia7780@mail.com,DE,2020-02-02,Premium,47312.54
7781,Linda Miller,linda.miller7781@example.com,FR,2023-08-11,Standard,8912.43
7782,Jennifer Miller,jennifer.miller7782@shop.io,MX,2018-04-25,Standard,7312.94
7783,Oliver Smith,oliver.smith7783@shop.io,US,2019-01-28,Standard,15034.78
7784,Jennifer Martinez,jennifer.martinez7784@shop.io,DE,2020-01-30,Basic,49368.64
7785,William Lopez,william.lopez7785@customer.net,JP,2018-04-18,Basic,33300.57
7786,Emma Jackson,emma.jackson7786@mail.com,MX,2020-07-17,Basic,32241.25
7787,Mary Rodriguez,mary.rodriguez7787@customer.net,DE,2024-11-18,Basic,9539.66
7788,Emma Anderson,emma.anderson7788@shop.io,UK,2021-12-14,Premium,42967.48
7789,Sarah Davis,sarah.davis7789@mail.com,BR,2023-01-05,Basic,32232.23
7790,Charles Lopez,charles.lopez7790@example.com,MX,2018-03-30,Standard,12191.23
7791,Mary Jackson,mary.jackson7791@shop.io,AU,2024-04-18,Standard,18134.28
7792,Barbara Johnson,barbara.johnson7792@mail.com,AU,2023-05-08,Premium,11327.25
7793,Noah Thompson,noah.thompson7793@mail.com,US,2018-01-24,Standard,323.48
7794,Susan Williams,susan.williams7794@customer.net,MX,2021-05-28,Basic,41307.59
7795,Richard Perez,richard.perez7795@customer.net,CA,2023-03-26,Basic,31542.31
7796,Barbara Garcia,barbara.garcia7796@example.com,CA,2024-02-22,Premium,37023.32
7797,Emma Gonzalez,emma.gonzalez7797@shop.io,US,2024-03-27,Basic,38578.26
7798,Charles Jones,charles.jones7798@mail.com,JP,2025-05-29,Premium,37339.36
7799,David Jones,david.jones7799@shop.io,CA,2025-01-07,Premium,39819.48
7800,Noah Perez,noah.perez7800@example.com,AU,2021-12-25,Basic,20582.93
7801,Emma Martinez,emma.martinez7801@example.com,DE,2022-09-28,Basic,20467.03
7802,Susan Lee,susan.lee7802@example.com,MX,2020-12-22,Premium,36974.52
7803,Charles Gonzalez,charles.gonzalez7803@shop.io,JP,2018-05-26,Premium,10098.91
7804,William Garcia,william.garcia7804@shop.io,AU,2020-03-24,Basic,7878.55
7805,Susan Hernandez,susan.hernandez7805@shop.io,FR,2019-07-29,Standard,31732.69
7806,Elizabeth Davis,elizabeth.davis7806@shop.io,US,2025-06-19,Premium,23974.93
7807,Barbara Jones,barbara.jones7807@shop.io,FR,2019-05-06,Premium,30473.96
7808,David Perez,david.perez7808@customer.net,BR,2020-10-10,Basic,45526.48
7809,Karen Lopez,karen.lopez7809@mail.com,UK,2020-02-03,Premium,49570.69
7810,Jennifer Gonzalez,jennifer.gonzalez7810@shop.io,MX,2022-12-25,Standard,21957.56
7811,Joseph Johnson,joseph.johnson7811@customer.net,JP,2025-04-18,Basic,33432.42
7812,Elizabeth Martinez,elizabeth.martinez7812@mail.com,BR,2022-08-22,Basic,46829.75
7813,Linda Johnson,linda.johnson7813@customer.net,US,2023-02-28,Basic,4058.64
7814,Mary Williams,mary.williams7814@example.com,UK,2019-07-08,Standard,49977.16
7815,Elizabeth Taylor,elizabeth.taylor7815@example.com,AU,2022-05-24,Basic,32044.46
7816,Robert Brown,robert.brown7816@example.com,BR,2023-05-30,Standard,35851.24
7817,Emma Smith,emma.smith7817@example.com,CA,2020-11-15,Basic,3571.88
7818,Mary Perez,mary.perez7818@example.com,JP,2019-11-26,Basic,9697.89
7819,John Martinez,john.martinez7819@mail.com,US,2021-03-06,Basic,30087.37
7820,James Thompson,james.thompson7820@customer.net,CA,2018-08-20,Standard,4371.37
7821,John Johnson,john.johnson7821@customer.net,US,2021-01-29,Basic,48391.43
7822,John Smith,john.smith7822@shop.io,AU,2018-02-08,Premium,4499.41
7823,Noah Taylor,noah.taylor7823@customer.net,BR,2021-07-20,Premium,19413.17
7824,James Wilson,james.wilson7824@customer.net,AU,2025-04-06,Premium,13436.95
7825,William Taylor,william.taylor7825@mail.com,AU,2018-10-22,Standard,20216.57
7826,Charles Lopez,charles.lopez7826@example.com,CA,2019-06-23,Standard,23759.03
7827,Oliver Jones,oliver.jones7827@example.com,AU,2020-08-01,Basic,19475.24
7828,Patricia Hernandez,patricia.hernandez7828@example.com,UK,2018-11-21,Basic,21777.86
7829,Noah Thomas,noah.thomas7829@example.com,CA,2020-05-01,Standard,30855.20
7830,William Brown,william.brown7830@example.com,IN,2019-03-07,Basic,42864.66
7831,David Smith,david.smith7831@shop.io,JP,2020-02-05,Standard,17453.37
7832,Patricia Thompson,patricia.thompson7832@example.com,JP,2020-03-30,Standard,44844.77
7833,Jennifer Jones,jennifer.jones7833@example.com,JP,2019-08-18,Standard,36709.75
7834,Sarah Lee,sarah.lee7834@shop.io,AU,2019-12-26,Standard,46327.61
7835,Sarah Taylor,sarah.taylor7835@customer.net,US,2024-11-02,Standard,33745.23
7836,Robert Hernandez,robert.hernandez7836@mail.com,FR,2022-07-28,Premium,5046.81
7837,James Jackson,james.jackson7837@mail.com,UK,2024-08-16,Premium,47201.54
7838,Ava Rodriguez,ava.rodriguez7838@example.com,US,2024-09-03,Basic,34182.06
7839,Patricia Garcia,patricia.garcia7839@customer.net,UK,2024-08-02,Premium,33122.10
7840,Emma Garcia,emma.garcia7840@customer.net,CA,2018-11-11,Standard,35527.91
7841,William Martin,william.martin7841@mail.com,AU,2020-12-20,Basic,9666.73
7842,Ava Hernandez,ava.hernandez7842@example.com,DE,2022-07-18,Standard,13103.88
7843,Jennifer Thomas,jennifer.thomas7843@mail.com,BR,2022-11-11,Basic,29801.35
7844,Richard Wilson,richard.wilson7844@shop.io,BR,2018-09-14,Premium,1972.53
7845,John Garcia,john.garcia7845@mail.com,JP,2019-08-31,Standard,9532.38
7846,Noah Wilson,noah.wilson7846@customer.net,JP,2023-08-01,Basic,25881.07
7847,Oliver Gonzalez,oliver.gonzalez7847@customer.net,JP,2023-09-11,Premium,677.46
7848,James Taylor,james.taylor7848@mail.com,CA,2018-08-09,Basic,30523.00
7849,Linda Lee,linda.lee7849@shop.io,UK,2020-06-15,Premium,37145.64
7850,Patricia Lopez,patricia.lopez7850@customer.net,MX,2020-01-01,Premium,28140.15
7851,Oliver Davis,oliver.davis7851@customer.net,IN,2018-12-10,Basic,19430.01
7852,Jennifer Smith,jennifer.smith7852@example.com,JP,2019-09-11,Basic,40596.01
7853,David Brown,david.brown7853@mail.com,IN,2025-03-24,Standard,2991.49
7854,Oliver Moore,oliver.moore7854@customer.net,MX,2022-09-30,Premium,48879.83
7855,James Moore,james.moore7855@shop.io,US,2020-09-07,Basic,1445.60
7856,Charles Garcia,charles.garcia7856@customer.net,IN,2023-06-04,Premium,37894.74
7857,James Taylor,james.taylor7857@customer.net,FR,2020-04-26,Premium,40829.61
7858,Karen Lee,karen.lee7858@shop.io,US,2022-05-22,Standard,35140.23
7859,Emma Thomas,emma.thomas7859@customer.net,US,2021-10-26,Standard,1088.03
7860,Emma Smith,emma.smith7860@example.com,AU,2018-07-19,Basic,30459.99
7861,Sarah Miller,sarah.miller7861@example.com,IN,2025-01-07,Basic,9422.26
7862,Mary Thompson,mary.thompson7862@example.com,AU,2022-02-27,Standard,46413.51
7863,Elizabeth Williams,elizabeth.williams7863@shop.io,UK,2019-06-04,Standard,10638.01
7864,John Gonzalez,john.gonzalez7864@example.com,AU,2018-02-22,Basic,9084.92
7865,Emma Jackson,emma.jackson7865@example.com,JP,2022-06-23,Premium,29104.92
7866,Sophia Lee,sophia.lee7866@example.com,CA,2024-11-08,Basic,10603.67
7867,Jessica Taylor,jessica.taylor7867@shop.io,MX,2018-02-28,Premium,6783.22
7868,John Anderson,john.anderson7868@customer.net,CA,2024-04-27,Basic,4769.42
7869,Patricia Thomas,patricia.thomas7869@customer.net,JP,2021-09-25,Standard,1262.20
7870,Ava Perez,ava.perez7870@example.com,CA,2020-02-11,Standard,17015.63
7871,Michael Brown,michael.brown7871@shop.io,JP,2021-12-22,Basic,46988.75
7872,Robert Garcia,robert.garcia7872@shop.io,US,2024-01-15,Premium,41179.80
7873,Richard Johnson,richard.johnson7873@mail.com,MX,2018-08-30,Premium,21282.57
7874,Elizabeth Moore,elizabeth.moore7874@customer.net,JP,2022-01-14,Standard,23651.88
7875,Barbara Miller,barbara.miller7875@shop.io,UK,2021-07-16,Premium,13009.68
7876,Ava Thomas,ava.thomas7876@shop.io,FR,2024-09-17,Premium,24873.79
7877,Thomas Brown,thomas.brown7877@mail.com,US,2023-02-20,Basic,2333.77
7878,Ava Smith,ava.smith7878@mail.com,JP,2024-01-20,Premium,42826.71
7879,Patricia Smith,patricia.smith7879@mail.com,DE,2018-01-23,Basic,7696.07
7880,Linda Rodriguez,linda.rodriguez7880@example.com,IN,2018-02-09,Basic,34299.45
7881,James Jackson,james.jackson7881@customer.net,AU,2023-06-27,Basic,26060.74
7882,Barbara Brown,barbara.brown7882@customer.net,IN,2018-12-12,Basic,1021.97
7883,Richard Rodriguez,richard.rodriguez7883@shop.io,CA,2024-09-20,Premium,14106.75
7884,Charles Martinez,charles.martinez7884@customer.net,UK,2022-11-14,Basic,7151.38
7885,Ava Garcia,ava.garcia7885@customer.net,JP,2019-06-26,Standard,5322.27
7886,David Rodriguez,david.rodriguez7886@example.com,DE,2022-04-12,Premium,37308.73
7887,Jennifer Taylor,jennifer.taylor7887@shop.io,IN,2021-12-27,Basic,16621.48
7888,Robert Williams,robert.williams7888@shop.io,IN,2024-01-25,Basic,40434.23
7889,William Martin,william.martin7889@mail.com,FR,2024-07-24,Standard,48963.58
7890,Barbara Miller,barbara.miller7890@example.com,BR,2018-06-24,Premium,11740.59
7891,Elizabeth Moore,elizabeth.moore7891@customer.net,IN,2018-12-12,Basic,15256.05
7892,William Davis,william.davis7892@mail.com,JP,2020-08-07,Standard,38579.73
7893,Emma Johnson,emma.johnson7893@example.com,BR,2021-09-10,Standard,17038.58
7894,Sophia Anderson,sophia.anderson7894@shop.io,JP,2022-05-27,Premium,5323.92
7895,Ava Miller,ava.miller7895@shop.io,DE,2024-06-02,Premium,750.13
7896,Elizabeth Jackson,elizabeth.jackson7896@mail.com,JP,2024-01-10,Standard,7937.78
7897,Michael Martinez,michael.martinez7897@customer.net,UK,2021-07-23,Premium,39495.68
7898,Jennifer Brown,jennifer.brown7898@customer.net,JP,2022-07-10,Basic,326.01
7899,Thomas Martin,thomas.martin7899@customer.net,US,2018-12-30,Premium,18966.91
7900,Susan Hernandez,susan.hernandez7900@customer.net,BR,2019-10-18,Basic,15590.63
7901,Noah Lopez,noah.lopez7901@customer.net,AU,2024-03-12,Premium,37797.49
7902,Michael Moore,michael.moore7902@shop.io,CA,2025-02-28,Premium,31434.88
7903,Elizabeth Martinez,elizabeth.martinez7903@shop.io,US,2020-08-10,Basic,27571.68
7904,Michael Taylor,michael.taylor7904@mail.com,CA,2022-03-25,Standard,30173.39
7905,James Taylor,james.taylor7905@example.com,CA,2021-04-20,Basic,26599.77
7906,Mary Jones,mary.jones7906@customer.net,AU,2020-07-11,Premium,34397.84
7907,Ava Davis,ava.davis7907@example.com,AU,2025-06-07,Premium,1205.76
7908,James Anderson,james.anderson7908@example.com,MX,2018-06-23,Standard,35302.69
7909,Ava Thomas,ava.thomas7909@customer.net,US,2018-11-07,Standard,3199.53
7910,Ava Lee,ava.lee7910@mail.com,FR,2021-02-09,Standard,3614.92
7911,Karen Taylor,karen.taylor7911@mail.com,MX,2025-03-29,Basic,12648.37
7912,William Williams,william.williams7912@mail.com,FR,2023-07-26,Basic,26091.72
7913,Elizabeth Lee,elizabeth.lee7913@customer.net,CA,2019-08-16,Standard,1279.39
7914,Elizabeth Davis,elizabeth.davis7914@mail.com,US,2020-03-30,Basic,17841.74
7915,Oliver Johnson,oliver.johnson7915@example.com,JP,2023-09-14,Standard,22417.16
7916,David Hernandez,david.hernandez7916@example.com,US,2021-08-07,Premium,48592.83
7917,David Thomas,david.thomas7917@customer.net,US,2025-04-25,Premium,19683.79
7918,Joseph Miller,joseph.miller7918@mail.com,IN,2018-10-06,Standard,9120.10
7919,William Thomas,william.thomas7919@shop.io,UK,2021-12-30,Premium,41565.65
7920,Noah Davis,noah.davis7920@mail.com,MX,2021-07-18,Standard,20845.59
7921,John Lee,john.lee7921@shop.io,BR,2019-10-03,Basic,13294.90
7922,Linda Wilson,linda.wilson7922@shop.io,BR,2021-11-01,Premium,22236.38
7923,Jennifer Thompson,jennifer.thompson7923@customer.net,AU,2023-07-23,Standard,10228.01
7924,Sophia Gonzalez,sophia.gonzalez7924@example.com,CA,2022-05-21,Premium,4093.29
7925,Oliver Rodriguez,oliver.rodriguez7925@example.com,MX,2022-03-28,Standard,1379.98
7926,Noah Johnson,noah.johnson7926@example.com,MX,2019-09-28,Standard,20674.71
7927,Thomas Miller,thomas.miller7927@shop.io,MX,2025-05-05,Standard,41466.32
7928,Joseph Taylor,joseph.taylor7928@mail.com,BR,2023-04-25,Standard,23979.19
7929,David Rodriguez,david.rodriguez7929@example.com,DE,2020-07-08,Standard,46951.05
7930,Jessica Brown,jessica.brown7930@shop.io,AU,2019-04-14,Premium,22640.02
7931,Oliver Smith,oliver.smith7931@mail.com,BR,2025-04-06,Premium,20965.72
7932,Barbara Lee,barbara.lee7932@customer.net,AU,2020-01-11,Basic,11215.31
7933,Oliver Gonzalez,oliver.gonzalez7933@customer.net,AU,2022-05-11,Premium,22768.33
7934,Sophia Rodriguez,sophia.rodriguez7934@shop.io,CA,2018-02-26,Premium,38976.15
7935,Charles Lee,charles.lee7935@mail.com,MX,2023-01-13,Standard,31046.71
7936,David Davis,david.davis7936@customer.net,CA,2025-01-17,Premium,9142.03
7937,Mary Jackson,mary.jackson7937@shop.io,JP,2018-05-18,Standard,12926.25
7938,William Thomas,william.thomas7938@customer.net,AU,2023-08-28,Basic,34945.24
7939,Karen Perez,karen.perez7939@example.com,UK,2024-04-21,Basic,32787.40
7940,Richard Thompson,richard.thompson7940@mail.com,JP,2018-09-13,Standard,42895.50
7941,Thomas Moore,thomas.moore7941@shop.io,DE,2023-10-29,Standard,3232.60
7942,Barbara Thompson,barbara.thompson7942@mail.com,CA,2025-04-22,Basic,38934.16
7943,Linda Smith,linda.smith7943@mail.com,MX,2024-12-14,Basic,33146.42
7944,Ava Davis,ava.davis7944@shop.io,CA,2021-01-12,Premium,40175.94
7945,Mary Jones,mary.jones7945@shop.io,BR,2018-01-31,Standard,34974.09
7946,Thomas Taylor,thomas.taylor7946@customer.net,MX,2024-04-04,Basic,31128.43
7947,Sarah Thompson,sarah.thompson7947@customer.net,IN,2020-03-27,Standard,46910.94
7948,Jennifer Thomas,jennifer.thomas7948@mail.com,CA,2022-12-04,Standard,5269.62
7949,Barbara Anderson,barbara.anderson7949@customer.net,FR,2023-05-22,Basic,4345.35
7950,Susan Brown,susan.brown7950@customer.net,DE,2018-09-24,Basic,24490.54
7951,Richard Thomas,richard.thomas7951@example.com,FR,2023-12-01,Basic,24812.77
7952,John Martinez,john.martinez7952@example.com,FR,2018-11-05,Basic,34572.86
7953,Patricia Gonzalez,patricia.gonzalez7953@customer.net,IN,2019-05-08,Standard,8563.84
7954,Noah Perez,noah.perez7954@customer.net,MX,2024-02-13,Basic,36176.70
7955,Emma Wilson,emma.wilson7955@customer.net,IN,2019-12-07,Basic,3892.23
7956,Robert Garcia,robert.garcia7956@shop.io,JP,2024-05-21,Basic,31536.80
7957,Robert Rodriguez,robert.rodriguez7957@customer.net,IN,2025-04-25,Basic,21238.03
7958,Mary Perez,mary.perez7958@customer.net,UK,2022-05-27,Standard,4690.91
7959,William Taylor,william.taylor7959@shop.io,JP,2024-11-02,Premium,16765.72
7960,Sarah Lopez,sarah.lopez7960@mail.com,FR,2021-07-16,Premium,29923.00
7961,Mary Smith,mary.smith7961@mail.com,CA,2018-10-15,Premium,38888.00
7962,Linda Rodriguez,linda.rodriguez7962@shop.io,CA,2019-06-11,Standard,23968.78
7963,Sophia Brown,sophia.brown7963@example.com,AU,2021-07-12,Basic,49594.43
7964,Jennifer Williams,jennifer.williams7964@example.com,MX,2021-09-26,Premium,22286.32
7965,Karen Smith,karen.smith7965@customer.net,US,2022-11-16,Standard,23660.46
7966,Susan Perez,susan.perez7966@mail.com,UK,2020-05-08,Premium,39688.20
7967,Richard Martinez,richard.martinez7967@shop.io,FR,2024-03-17,Premium,9738.86
7968,Elizabeth Garcia,elizabeth.garcia7968@shop.io,AU,2018-02-03,Premium,48053.76
7969,Linda Davis,linda.davis7969@mail.com,UK,2018-05-16,Premium,8108.76
7970,Elizabeth Thompson,elizabeth.thompson7970@customer.net,JP,2021-09-03,Basic,3543.60
7971,Charles Jackson,charles.jackson7971@shop.io,MX,2023-01-14,Standard,2209.69
7972,Patricia Thompson,patricia.thompson7972@customer.net,US,2022-01-16,Standard,26689.66
7973,Noah Jones,noah.jones7973@shop.io,BR,2020-03-14,Premium,2151.53
7974,William Miller,william.miller7974@shop.io,CA,2022-02-28,Standard,40249.94
7975,Michael Gonzalez,michael.gonzalez7975@customer.net,MX,2023-09-22,Basic,34354.32
7976,Linda Wilson,linda.wilson7976@customer.net,FR,2022-09-14,Basic,42600.83
7977,Elizabeth Perez,elizabeth.perez7977@shop.io,CA,2024-07-01,Basic,43830.25
7978,James Perez,james.perez7978@customer.net,FR,2019-06-26,Standard,42985.81
7979,Sophia Miller,sophia.miller7979@mail.com,US,2022-03-25,Basic,39236.94
7980,William Jones,william.jones7980@shop.io,DE,2024-11-28,Basic,43202.63
7981,Sophia Williams,sophia.williams7981@example.com,MX,2019-12-18,Standard,22400.23
7982,Michael Lee,michael.lee7982@shop.io,US,2022-10-31,Basic,33218.70
7983,Sarah Garcia,sarah.garcia7983@example.com,MX,2024-06-29,Basic,10431.68
7984,Jessica Jones,jessica.jones7984@example.com,UK,2019-07-21,Premium,10854.97
7985,Robert Jackson,robert.jackson7985@mail.com,MX,2024-09-06,Premium,5332.23
7986,James Perez,james.perez7986@shop.io,MX,2021-12-02,Standard,24554.55
7987,Susan Williams,susan.williams7987@customer.net,BR,2018-09-07,Basic,31440.56
7988,Richard Taylor,richard.taylor7988@example.com,FR,2018-06-06,Standard,36396.93
7989,James Smith,james.smith7989@shop.io,CA,2022-09-17,Basic,945.56
7990,Ava Miller,ava.miller7990@example.com,CA,2020-05-15,Premium,20872.73
7991,Barbara Thomas,barbara.thomas7991@shop.io,FR,2020-01-31,Premium,36794.81
7992,Patricia Brown,patricia.brown7992@shop.io,CA,2024-06-10,Standard,31010.54
7993,Noah Lee,noah.lee7993@mail.com,MX,2018-12-02,Basic,23751.41
7994,Noah Brown,noah.brown7994@customer.net,MX,2025-05-18,Premium,30153.15
7995,John Davis,john.davis7995@customer.net,CA,2018-09-27,Standard,32207.76
7996,David Thompson,david.thompson7996@mail.com,US,2022-02-18,Basic,15201.19
7997,Emma Miller,emma.miller7997@customer.net,US,2024-05-23,Premium,44503.68
7998,John Wilson,john.wilson7998@example.com,UK,2018-12-03,Standard,44702.93
7999,Oliver Miller,oliver.miller7999@customer.net,US,2024-12-31,Standard,14670.27
8000,Karen Martinez,karen.martinez8000@shop.io,FR,2025-05-07,Standard,44753.48
8001,Jessica Miller,jessica.miller8001@mail.com,US,2018-01-13,Basic,20761.25
8002,Patricia Lopez,patricia.lopez8002@mail.com,AU,2020-04-05,Basic,49224.87
8003,James Lopez,james.lopez8003@mail.com,DE,2021-11-09,Standard,37276.43
8004,Elizabeth Perez,elizabeth.perez8004@example.com,CA,2024-09-06,Standard,2256.27
8005,Susan Rodriguez,susan.rodriguez8005@shop.io,AU,2021-12-30,Premium,34189.41
8006,Charles Miller,charles.miller8006@mail.com,CA,2018-05-10,Standard,44623.78
8007,Emma Anderson,emma.anderson8007@shop.io,UK,2018-11-26,Basic,28330.73
8008,Barbara Miller,barbara.miller8008@example.com,US,2020-08-18,Basic,32232.93
8009,Charles Williams,charles.williams8009@customer.net,IN,2023-08-01,Standard,34392.35
8010,Karen Perez,karen.perez8010@shop.io,DE,2018-10-24,Basic,45702.10
8011,David Perez,david.perez8011@customer.net,BR,2018-06-25,Standard,34782.47
8012,Michael Martin,michael.martin8012@shop.io,DE,2024-08-13,Premium,1732.22
8013,Thomas Perez,thomas.perez8013@mail.com,AU,2024-01-21,Basic,16290.42
8014,Thomas Miller,thomas.miller8014@example.com,FR,2023-05-13,Premium,10796.25
8015,Jessica Miller,jessica.miller8015@example.com,DE,2018-07-31,Standard,48361.40
8016,Sarah Wilson,sarah.wilson8016@shop.io,BR,2021-12-24,Premium,34626.05
8017,Joseph Rodriguez,joseph.rodriguez8017@customer.net,BR,2018-11-15,Premium,12891.61
8018,James Jackson,james.jackson8018@shop.io,UK,2021-01-26,Premium,16039.06
8019,Noah Williams,noah.williams8019@example.com,FR,2022-05-02,Premium,24763.90
8020,Mary Smith,mary.smith8020@example.com,CA,2023-10-10,Standard,15290.57
8021,Oliver Brown,oliver.brown8021@mail.com,FR,2025-06-18,Standard,25366.18
8022,Patricia Smith,patricia.smith8022@shop.io,AU,2019-11-09,Standard,16408.74
8023,Linda Thompson,linda.thompson8023@customer.net,DE,2021-08-16,Standard,21625.03
8024,William Rodriguez,william.rodriguez8024@example.com,DE,2025-06-09,Basic,38181.39
8025,Sophia Jackson,sophia.jackson8025@customer.net,US,2018-09-14,Premium,30646.41
8026,Oliver Jones,oliver.jones8026@example.com,AU,2019-08-20,Basic,12861.84
8027,Jessica Wilson,jessica.wilson8027@example.com,UK,2019-01-30,Standard,25803.81
8028,Linda Garcia,linda.garcia8028@shop.io,US,2024-09-19,Standard,37497.89
8029,Sophia Jones,sophia.jones8029@customer.net,UK,2019-06-24,Premium,19461.64
8030,Susan Thompson,susan.thompson8030@shop.io,BR,2018-12-27,Basic,42281.35
8031,Mary Smith,mary.smith8031@example.com,UK,2019-11-06,Basic,10430.87
8032,Ava Smith,ava.smith8032@example.com,IN,2023-02-06,Basic,41297.01
8033,David Lopez,david.lopez8033@customer.net,JP,2020-10-03,Premium,11147.74
8034,Noah Lee,noah.lee8034@mail.com,IN,2023-08-31,Standard,5062.10
8035,Linda Martinez,linda.martinez8035@shop.io,IN,2019-11-27,Premium,40117.48
8036,James Thomas,james.thomas8036@shop.io,MX,2025-03-19,Premium,15757.72
8037,Michael Taylor,michael.taylor8037@example.com,AU,2024-11-18,Standard,469.67
8038,Sophia Rodriguez,sophia.rodriguez8038@mail.com,BR,2025-03-10,Premium,21856.06
8039,Linda Gonzalez,linda.gonzalez8039@mail.com,AU,2022-12-31,Standard,9038.46
8040,James Thompson,james.thompson8040@customer.net,DE,2023-03-28,Standard,47679.43
8041,Patricia Johnson,patricia.johnson8041@shop.io,MX,2018-11-22,Standard,37083.72
8042,Charles Taylor,charles.taylor8042@example.com,AU,2021-10-22,Standard,4644.68
8043,Elizabeth Jackson,elizabeth.jackson8043@shop.io,AU,2019-11-17,Basic,21266.36
8044,Linda Lee,linda.lee8044@shop.io,DE,2019-07-19,Premium,24247.29
8045,Robert Moore,robert.moore8045@shop.io,DE,2020-12-19,Basic,24029.31
8046,Emma Perez,emma.perez8046@mail.com,MX,2023-12-31,Premium,33191.41
8047,James Jones,james.jones8047@example.com,JP,2019-12-07,Standard,15786.50
8048,Patricia Lee,patricia.lee8048@mail.com,CA,2019-08-20,Premium,15687.18
8049,David Thomas,david.thomas8049@example.com,FR,2019-03-14,Standard,18208.58
8050,Sophia Gonzalez,sophia.gonzalez8050@mail.com,AU,2020-07-19,Premium,11012.12
8051,Robert Rodriguez,robert.rodriguez8051@example.com,FR,2018-03-06,Premium,5866.84
8052,Michael Williams,michael.williams8052@shop.io,IN,2021-05-23,Standard,9327.19
8053,Elizabeth Davis,elizabeth.davis8053@customer.net,JP,2023-08-19,Basic,43758.80
8054,James Lopez,james.lopez8054@shop.io,MX,2019-07-20,Basic,6743.57
8055,Jessica Thomas,jessica.thomas8055@example.com,DE,2022-10-17,Premium,37050.38
8056,Charles Anderson,charles.anderson8056@customer.net,MX,2025-04-18,Standard,30667.50
8057,Noah Taylor,noah.taylor8057@customer.net,DE,2021-12-10,Standard,33625.62
8058,Susan Lee,susan.lee8058@shop.io,UK,2018-09-18,Premium,17448.29
8059,Joseph Thompson,joseph.thompson8059@customer.net,CA,2024-12-06,Basic,19077.57
8060,Jennifer Thompson,jennifer.thompson8060@customer.net,IN,2020-02-18,Premium,28280.37
8061,Thomas Smith,thomas.smith8061@example.com,JP,2019-04-09,Premium,30836.20
8062,Elizabeth Thomas,elizabeth.thomas8062@shop.io,US,2025-05-19,Standard,31786.38
8063,Robert Johnson,robert.johnson8063@example.com,UK,2019-08-13,Standard,40746.52
8064,James Martinez,james.martinez8064@mail.com,DE,2022-02-21,Basic,36276.30
8065,Linda Lee,linda.lee8065@mail.com,FR,2024-03-10,Premium,40429.00
8066,Linda Miller,linda.miller8066@example.com,IN,2018-11-01,Standard,49243.48
8067,Noah Martin,noah.martin8067@customer.net,CA,2021-06-13,Standard,29152.51
8068,Mary Thomas,mary.thomas8068@example.com,UK,2024-10-08,Basic,40373.83
8069,Charles Hernandez,charles.hernandez8069@example.com,UK,2019-04-28,Standard,24754.98
8070,Joseph Jones,joseph.jones8070@mail.com,MX,2018-09-03,Premium,24786.48
8071,David Lee,david.lee8071@shop.io,BR,2022-06-30,Premium,9170.22
8072,Elizabeth Jones,elizabeth.jones8072@mail.com,IN,2019-12-30,Basic,42042.26
8073,David Taylor,david.taylor8073@shop.io,IN,2024-07-06,Premium,22354.40
8074,William Anderson,william.anderson8074@customer.net,AU,2018-04-16,Basic,33535.80
8075,Barbara Lee,barbara.lee8075@customer.net,UK,2018-10-04,Standard,26478.01
8076,Emma Martinez,emma.martinez8076@shop.io,US,2018-09-05,Premium,36691.55
8077,William Taylor,william.taylor8077@shop.io,DE,2021-02-05,Standard,46865.66
8078,Joseph Martin,joseph.martin8078@mail.com,IN,2022-05-16,Standard,47848.52
8079,Elizabeth Martinez,elizabeth.martinez8079@customer.net,JP,2019-04-24,Premium,26974.44
8080,John Wilson,john.wilson8080@example.com,BR,2019-11-23,Basic,24540.01
8081,Joseph Lee,joseph.lee8081@mail.com,CA,2022-12-30,Standard,14482.38
8082,Susan Anderson,susan.anderson8082@shop.io,AU,2019-05-29,Standard,44809.31
8083,Ava Davis,ava.davis8083@example.com,BR,2023-10-31,Premium,15950.61
8084,Jessica Hernandez,jessica.hernandez8084@shop.io,UK,2020-05-24,Standard,13936.55
8085,Sophia Lee,sophia.lee8085@shop.io,AU,2025-06-04,Standard,29898.89
8086,Emma Smith,emma.smith8086@customer.net,MX,2018-09-07,Standard,44682.47
8087,Emma Johnson,emma.johnson8087@shop.io,AU,2021-10-13,Premium,1437.35
8088,James Williams,james.williams8088@customer.net,FR,2019-03-02,Standard,5306.05
8089,Jessica Garcia,jessica.garcia8089@shop.io,MX,2019-12-20,Premium,31951.89
8090,Charles Lee,charles.lee8090@shop.io,IN,2023-01-09,Basic,6446.19
8091,Mary Lopez,mary.lopez8091@shop.io,AU,2025-03-29,Basic,8212.89
8092,Patricia Thomas,patricia.thomas8092@customer.net,CA,2025-02-12,Basic,17825.36
8093,David Jones,david.jones8093@customer.net,CA,2019-09-30,Basic,13556.10
8094,Joseph Martinez,joseph.martinez8094@mail.com,BR,2019-07-08,Premium,1281.18
8095,Robert Johnson,robert.johnson8095@shop.io,UK,2018-01-15,Standard,14699.26
8096,Charles Gonzalez,charles.gonzalez8096@example.com,JP,2019-10-26,Standard,17088.71
8097,Ava Johnson,ava.johnson8097@example.com,CA,2023-10-05,Standard,21026.72
8098,Karen Wilson,karen.wilson8098@customer.net,FR,2022-12-04,Premium,18759.22
8099,Mary Jackson,mary.jackson8099@mail.com,DE,2019-04-26,Basic,28690.15
8100,Richard Martin,richard.martin8100@mail.com,DE,2018-08-31,Standard,36650.18
8101,Susan Lopez,susan.lopez8101@example.com,IN,2024-05-16,Standard,45528.98
8102,Patricia Perez,patricia.perez8102@shop.io,BR,2023-10-31,Standard,13699.27
8103,Barbara Jones,barbara.jones8103@mail.com,IN,2020-10-21,Basic,45357.68
8104,John Brown,john.brown8104@example.com,US,2019-11-30,Premium,26934.66
8105,Richard Thomas,richard.thomas8105@customer.net,US,2021-05-03,Premium,47387.40
8106,Susan Jones,susan.jones8106@mail.com,DE,2019-01-31,Standard,6078.98
8107,Joseph Hernandez,joseph.hernandez8107@example.com,MX,2022-03-22,Standard,29553.00
8108,Jennifer Jackson,jennifer.jackson8108@customer.net,US,2021-10-13,Basic,21577.43
8109,Linda Williams,linda.williams8109@shop.io,FR,2021-01-12,Premium,9056.81
8110,Jessica Johnson,jessica.johnson8110@shop.io,FR,2018-11-19,Basic,2357.99
8111,Joseph Anderson,joseph.anderson8111@mail.com,DE,2019-08-11,Basic,23392.45
8112,Karen Martin,karen.martin8112@shop.io,BR,2024-05-09,Premium,36720.22
8113,Jessica Martinez,jessica.martinez8113@mail.com,BR,2022-06-17,Premium,4193.87
8114,Sophia Gonzalez,sophia.gonzalez8114@customer.net,BR,2023-01-19,Premium,45287.38
8115,Sophia Taylor,sophia.taylor8115@example.com,UK,2019-03-02,Premium,40346.74
8116,Mary Lee,mary.lee8116@shop.io,DE,2024-07-05,Premium,47254.49
8117,Thomas Davis,thomas.davis8117@shop.io,DE,2019-08-29,Premium,23326.31
8118,David Johnson,david.johnson8118@shop.io,CA,2023-11-18,Premium,19936.89
8119,Linda Lee,linda.lee8119@mail.com,CA,2021-02-15,Basic,34095.07
8120,Richard Moore,richard.moore8120@shop.io,IN,2018-05-22,Standard,42227.47
8121,Ava Garcia,ava.garcia8121@customer.net,UK,2022-06-11,Basic,37204.33
8122,David Lee,david.lee8122@shop.io,DE,2023-03-29,Basic,12456.82
8123,Oliver Jackson,oliver.jackson8123@customer.net,US,2019-06-26,Premium,44408.26
8124,Elizabeth Perez,elizabeth.perez8124@customer.net,UK,2022-04-29,Basic,41480.18
8125,Sophia Johnson,sophia.johnson8125@shop.io,JP,2022-04-06,Premium,2617.78
8126,Karen Wilson,karen.wilson8126@shop.io,CA,2021-04-18,Premium,29391.33
8127,Mary Rodriguez,mary.rodriguez8127@mail.com,JP,2023-03-20,Premium,8431.15
8128,Oliver Wilson,oliver.wilson8128@customer.net,US,2021-09-14,Premium,10358.68
8129,Susan Garcia,susan.garcia8129@mail.com,JP,2020-02-05,Standard,19909.84
8130,William Hernandez,william.hernandez8130@customer.net,US,2021-04-19,Basic,38025.57
8131,Barbara Williams,,MX,2024-08-26,Premium,45579.49
8132,David Gonzalez,david.gonzalez8132@mail.com,DE,2020-02-02,Basic,20272.54
8133,Karen Williams,karen.williams8133@example.com,UK,2023-07-06,Basic,16905.58
8134,Jennifer Lopez,jennifer.lopez8134@mail.com,JP,2020-01-02,Basic,3951.19
8135,Karen Martinez,karen.martinez8135@mail.com,DE,2019-06-20,Basic,7187.40
8136,Barbara Davis,barbara.davis8136@shop.io,UK,2024-03-10,Standard,16584.41
8137,Jessica Gonzalez,jessica.gonzalez8137@example.com,JP,2022-07-18,Standard,34013.84
8138,Jennifer Garcia,jennifer.garcia8138@shop.io,AU,2023-11-04,Basic,48845.33
8139,Linda Wilson,linda.wilson8139@customer.net,US,2023-08-09,Basic,28025.33
8140,Linda Perez,linda.perez8140@shop.io,US,2023-10-06,Premium,36680.64
8141,Michael Thomas,michael.thomas8141@mail.com,IN,2025-02-16,Premium,17648.97
8142,Emma Jackson,emma.jackson8142@mail.com,IN,2022-08-26,Basic,20350.04
8143,Emma Taylor,emma.taylor8143@example.com,BR,2018-04-01,Standard,29483.18
8144,Susan Hernandez,susan.hernandez8144@mail.com,US,2018-04-14,Premium,9402.14
8145,Robert Thomas,robert.thomas8145@shop.io,US,2024-11-27,Premium,34626.98
8146,Oliver Smith,oliver.smith8146@shop.io,JP,2018-01-24,Basic,7853.88
8147,Mary Davis,mary.davis8147@mail.com,JP,2018-12-23,Standard,7186.43
8148,Patricia Miller,patricia.miller8148@customer.net,CA,2023-01-16,Premium,24991.18
8149,Charles Davis,charles.davis8149@mail.com,DE,2022-07-28,Basic,35198.83
8150,Karen Rodriguez,karen.rodriguez8150@shop.io,CA,2019-10-09,Standard,41179.02
8151,Noah Jones,noah.jones8151@mail.com,FR,2022-06-07,Basic,28747.98
8152,Thomas Miller,thomas.miller8152@mail.com,CA,2018-05-02,Basic,23619.31
8153,Thomas Williams,thomas.williams8153@shop.io,MX,2023-08-20,Premium,31568.17
8154,Oliver Wilson,oliver.wilson8154@example.com,BR,2018-04-15,Basic,39991.41
8155,Sophia Smith,sophia.smith8155@example.com,CA,2018-03-21,Basic,10472.00
8156,Richard Garcia,richard.garcia8156@customer.net,DE,2021-01-05,Standard,16532.55
8157,Robert Garcia,robert.garcia8157@customer.net,AU,2024-10-02,Standard,6890.68
8158,Jessica Davis,jessica.davis8158@mail.com,JP,2020-01-06,Premium,44792.97
8159,Patricia Hernandez,patricia.hernandez8159@shop.io,FR,2019-08-22,Standard,2604.21
8160,Patricia Gonzalez,patricia.gonzalez8160@mail.com,DE,2024-05-10,Standard,12754.76
8161,Patricia Williams,patricia.williams8161@customer.net,AU,2018-10-08,Standard,310.30
8162,Richard Garcia,richard.garcia8162@shop.io,MX,2021-08-24,Premium,11314.43
8163,Charles Wilson,charles.wilson8163@customer.net,US,2021-10-28,Standard,16252.99
8164,Robert Lee,robert.lee8164@customer.net,IN,2021-06-02,Standard,3378.29
8165,Oliver Williams,oliver.williams8165@example.com,FR,2019-07-06,Basic,290.56
8166,Robert Miller,robert.miller8166@example.com,MX,2018-12-24,Basic,13228.14
8167,Richard Hernandez,richard.hernandez8167@shop.io,US,2022-08-10,Premium,21688.29
8168,Ava Perez,ava.perez8168@shop.io,UK,2022-03-30,Standard,44123.88
8169,Susan Lee,susan.lee8169@shop.io,AU,2024-12-14,Basic,46957.48
8170,Charles Williams,charles.williams8170@customer.net,IN,2024-07-25,Standard,20358.05
8171,Noah Garcia,noah.garcia8171@mail.com,FR,2022-03-30,Standard,49173.72
8172,Charles Thompson,charles.thompson8172@shop.io,UK,2021-03-31,Premium,22570.58
8173,James Rodriguez,james.rodriguez8173@mail.com,CA,2019-09-28,Standard,30394.17
8174,Susan Jones,susan.jones8174@customer.net,FR,2019-05-06,Standard,23449.10
8175,Sophia Rodriguez,sophia.rodriguez8175@shop.io,DE,2020-01-12,Premium,5028.38
8176,Jennifer Perez,jennifer.perez8176@shop.io,DE,2025-03-29,Premium,40523.16
8177,Charles Thomas,charles.thomas8177@mail.com,BR,2019-01-15,Basic,36655.78
8178,Oliver Jackson,oliver.jackson8178@example.com,FR,2020-11-20,Standard,10279.72
8179,Joseph Hernandez,joseph.hernandez8179@example.com,US,2025-06-03,Premium,29586.97
8180,Barbara Moore,,BR,2021-09-01,Premium,25355.22
8181,Michael Davis,michael.davis8181@mail.com,JP,2019-02-19,Premium,14991.19
8182,Michael Hernandez,michael.hernandez8182@example.com,FR,2021-07-25,Basic,21381.83
8183,Michael Perez,michael.perez8183@shop.io,FR,2018-09-26,Basic,22030.84
8184,John Martin,john.martin8184@example.com,IN,2020-08-01,Premium,38009.04
8185,William Anderson,william.anderson8185@example.com,AU,2020-12-02,Premium,12231.09
8186,Emma Lee,emma.lee8186@mail.com,AU,2021-05-24,Premium,24289.75
8187,Susan Moore,susan.moore8187@mail.com,DE,2018-05-14,Standard,46159.95
8188,Robert Jackson,robert.jackson8188@shop.io,AU,2024-03-07,Basic,2173.59
8189,Thomas Martinez,thomas.martinez8189@shop.io,JP,2019-05-01,Basic,27877.14
8190,Charles Perez,charles.perez8190@example.com,MX,2025-06-11,Basic,25759.90
8191,John Wilson,john.wilson8191@mail.com,AU,2021-04-16,Basic,30291.83
8192,Patricia Martinez,patricia.martinez8192@shop.io,FR,2022-09-10,Standard,5080.67
8193,Michael Taylor,michael.taylor8193@customer.net,UK,2020-07-02,Standard,23350.69
8194,Elizabeth Gonzalez,elizabeth.gonzalez8194@example.com,IN,2019-02-16,Standard,41319.09
8195,David Rodriguez,david.rodriguez8195@mail.com,FR,2023-01-29,Basic,1089.95
8196,Sophia Perez,sophia.perez8196@mail.com,IN,2023-04-08,Premium,6439.98
8197,Ava Rodriguez,ava.rodriguez8197@customer.net,US,2022-09-07,Basic,37669.26
8198,Barbara Davis,barbara.davis8198@example.com,DE,2019-03-19,Standard,39492.79
8199,Sophia Martin,sophia.martin8199@shop.io,US,2025-06-08,Basic,19454.71
8200,Sophia Anderson,sophia.anderson8200@mail.com,MX,2022-10-12,Standard,49299.14
8201,Mary Rodriguez,mary.rodriguez8201@example.com,BR,2022-10-28,Premium,30681.56
8202,John Martin,john.martin8202@example.com,IN,2022-12-23,Basic,46287.97
8203,Emma Anderson,emma.anderson8203@shop.io,BR,2022-04-27,Basic,12966.55
8204,William Smith,william.smith8204@example.com,MX,2019-08-13,Basic,18244.74
8205,Linda Brown,linda.brown8205@customer.net,AU,2021-08-29,Premium,13098.78
8206,Patricia Wilson,patricia.wilson8206@example.com,CA,2020-08-16,Basic,42299.29
8207,William Johnson,william.johnson8207@mail.com,MX,2023-03-24,Premium,42285.29
8208,Jessica Hernandez,jessica.hernandez8208@shop.io,AU,2022-12-08,Standard,40944.37
8209,Emma Johnson,emma.johnson8209@shop.io,UK,2020-11-22,Premium,17853.63
8210,Oliver Johnson,oliver.johnson8210@shop.io,IN,2020-03-16,Standard,33893.45
8211,Mary Miller,mary.miller8211@shop.io,AU,2019-10-20,Basic,37811.18
8212,Jennifer Miller,jennifer.miller8212@example.com,FR,2019-09-01,Basic,31021.21
8213,Susan Thomas,susan.thomas8213@mail.com,CA,2020-04-10,Standard,26835.49
8214,Oliver Perez,oliver.perez8214@shop.io,MX,2024-06-29,Premium,43585.35
8215,Joseph Anderson,joseph.anderson8215@customer.net,FR,2023-09-30,Standard,25639.52
8216,Richard Thompson,richard.thompson8216@mail.com,DE,2021-09-30,Basic,32392.95
8217,William Davis,william.davis8217@customer.net,IN,2020-03-14,Standard,20321.77
8218,Thomas Thomas,thomas.thomas8218@example.com,UK,2023-03-06,Premium,48257.01
8219,Susan Lopez,susan.lopez8219@mail.com,AU,2024-09-11,Standard,17420.11
8220,Michael Martin,michael.martin8220@shop.io,AU,2018-07-15,Standard,33307.38
8221,Thomas Martin,thomas.martin8221@shop.io,BR,2025-05-16,Premium,30385.13
8222,Sarah Wilson,sarah.wilson8222@mail.com,US,2024-10-21,Basic,36577.63
8223,Ava Jones,ava.jones8223@shop.io,AU,2025-01-15,Standard,6157.90
8224,Charles Miller,charles.miller8224@shop.io,FR,2018-12-15,Standard,44865.06
8225,Ava Brown,ava.brown8225@shop.io,DE,2018-10-19,Standard,12696.42
8226,Noah Johnson,noah.johnson8226@customer.net,JP,2022-05-14,Premium,15632.96
8227,Robert Moore,robert.moore8227@shop.io,JP,2020-12-07,Premium,15530.96
8228,Sophia Lopez,sophia.lopez8228@mail.com,JP,2025-02-20,Basic,23315.58
8229,James Miller,james.miller8229@shop.io,CA,2023-03-07,Standard,19079.94
8230,Linda Johnson,linda.johnson8230@customer.net,JP,2024-05-25,Basic,24476.23
8231,John Perez,john.perez8231@example.com,MX,2018-04-26,Standard,35229.25
8232,Barbara Brown,barbara.brown8232@shop.io,US,2023-06-21,Premium,41345.54
8233,Linda Rodriguez,linda.rodriguez8233@customer.net,UK,2022-01-25,Basic,2183.59
8234,Patricia Thompson,patricia.thompson8234@example.com,JP,2018-07-24,Basic,7731.71
8235,Robert Jones,robert.jones8235@example.com,MX,2019-08-11,Standard,4493.23
8236,Ava Miller,ava.miller8236@example.com,US,2020-01-05,Basic,34443.96
8237,Mary Williams,mary.williams8237@example.com,CA,2022-12-13,Standard,45153.54
8238,Joseph Garcia,joseph.garcia8238@example.com,AU,2022-02-25,Standard,6414.76
8239,Jessica Taylor,jessica.taylor8239@mail.com,MX,2018-04-25,Standard,30698.53
8240,Jessica Lopez,jessica.lopez8240@customer.net,CA,2021-07-07,Standard,46420.34
8241,Elizabeth Martinez,elizabeth.martinez8241@mail.com,IN,2020-08-07,Premium,10615.77
8242,Linda Lee,linda.lee8242@shop.io,IN,2021-11-04,Premium,28579.52
8243,Mary Miller,mary.miller8243@shop.io,BR,2020-03-29,Premium,28001.76
8244,Elizabeth Williams,elizabeth.williams8244@mail.com,US,2019-04-27,Standard,39752.94
8245,Richard Perez,richard.perez8245@shop.io,CA,2024-07-10,Premium,10147.18
8246,Emma Jackson,emma.jackson8246@mail.com,CA,2019-05-02,Standard,34174.21
8247,Noah Lee,noah.lee8247@mail.com,FR,2021-03-12,Basic,34394.73
8248,Linda Thompson,linda.thompson8248@example.com,JP,2019-03-31,Basic,36013.59
8249,Robert Brown,robert.brown8249@mail.com,UK,2022-04-18,Basic,941.92
8250,Susan Perez,susan.perez8250@mail.com,MX,2019-11-07,Premium,3444.73
8251,Richard Anderson,richard.anderson8251@example.com,UK,2025-06-02,Premium,27246.95
8252,Mary Jones,mary.jones8252@mail.com,BR,2024-03-31,Premium,44377.41
8253,Charles Perez,charles.perez8253@customer.net,US,2019-07-30,Basic,39674.47
8254,Joseph Martin,joseph.martin8254@shop.io,FR,2022-01-05,Standard,15549.48
8255,Oliver Williams,oliver.williams8255@example.com,MX,2025-05-08,Basic,9543.82
8256,Elizabeth Anderson,,BR,2022-05-20,Premium,29632.49
8257,Charles Thompson,charles.thompson8257@customer.net,DE,2021-06-08,Premium,33211.75
8258,Linda Taylor,linda.taylor8258@shop.io,MX,2019-08-13,Premium,11351.36
8259,Jessica Lee,jessica.lee8259@shop.io,MX,2018-11-05,Standard,16106.76
8260,Karen Johnson,karen.johnson8260@example.com,FR,2024-12-23,Basic,18324.32
8261,Jessica Jones,jessica.jones8261@customer.net,MX,2020-09-16,Basic,17065.55
8262,Charles Lee,charles.lee8262@example.com,US,2022-04-18,Basic,24093.41
8263,Linda Miller,linda.miller8263@mail.com,JP,2022-04-22,Standard,41019.83
8264,Sophia Martinez,,DE,2021-05-13,Basic,19521.25
8265,Thomas Martin,thomas.martin8265@mail.com,FR,2024-04-01,Standard,27437.31
8266,Noah Hernandez,noah.hernandez8266@mail.com,US,2018-10-28,Premium,34036.80
8267,Patricia Lee,patricia.lee8267@shop.io,CA,2021-05-25,Standard,27573.36
8268,Elizabeth Thomas,elizabeth.thomas8268@mail.com,US,2023-01-04,Standard,2941.45
8269,Patricia Thompson,patricia.thompson8269@customer.net,US,2020-02-13,Basic,6819.91
8270,Patricia Lee,patricia.lee8270@customer.net,JP,2021-09-06,Basic,30653.54
8271,Robert Lopez,robert.lopez8271@shop.io,MX,2023-12-10,Premium,28751.12
8272,James Miller,james.miller8272@mail.com,US,2021-01-28,Premium,36182.95
8273,Linda Lee,linda.lee8273@customer.net,DE,2023-09-13,Premium,2834.03
8274,Robert Martin,robert.martin8274@customer.net,DE,2024-09-04,Standard,40895.60
8275,Joseph Hernandez,joseph.hernandez8275@shop.io,UK,2019-09-30,Standard,10808.80
8276,Mary Lee,mary.lee8276@example.com,JP,2024-10-23,Standard,38529.21
8277,Emma Miller,emma.miller8277@mail.com,US,2020-01-11,Premium,17512.63
8278,Joseph Gonzalez,joseph.gonzalez8278@customer.net,IN,2023-12-22,Basic,30596.75
8279,Patricia Garcia,patricia.garcia8279@customer.net,CA,2022-09-08,Premium,5022.83
8280,Michael Miller,michael.miller8280@shop.io,AU,2024-06-21,Basic,17446.24
8281,Jennifer Lee,jennifer.lee8281@shop.io,IN,2021-12-06,Standard,8064.99
8282,Charles Garcia,charles.garcia8282@shop.io,MX,2018-05-15,Basic,44819.35
8283,Charles Martinez,charles.martinez8283@shop.io,UK,2021-05-07,Standard,18287.53
8284,Michael Anderson,michael.anderson8284@customer.net,FR,2023-01-25,Basic,45364.71
8285,Jennifer Lopez,jennifer.lopez8285@customer.net,CA,2023-09-12,Standard,27215.53
8286,Elizabeth Thomas,elizabeth.thomas8286@customer.net,IN,2024-07-18,Standard,44942.80
8287,David Perez,david.perez8287@customer.net,JP,2018-01-19,Standard,5968.81
8288,Susan Lopez,susan.lopez8288@example.com,IN,2023-03-16,Basic,36511.85
8289,Charles Wilson,charles.wilson8289@shop.io,AU,2018-09-30,Premium,18765.40
8290,Emma Smith,emma.smith8290@shop.io,MX,2019-07-17,Standard,20700.22
8291,Joseph Smith,joseph.smith8291@shop.io,DE,2022-10-06,Standard,18957.40
8292,Karen Thomas,karen.thomas8292@shop.io,US,2024-02-13,Premium,39279.36
8293,Elizabeth Thompson,elizabeth.thompson8293@customer.net,IN,2018-01-28,Basic,47603.91
8294,Richard Davis,richard.davis8294@mail.com,BR,2022-03-01,Premium,35829.69
8295,Patricia Wilson,patricia.wilson8295@mail.com,JP,2021-09-14,Premium,42960.30
8296,Emma Lee,emma.lee8296@mail.com,US,2025-03-03,Basic,7979.29
8297,David Garcia,david.garcia8297@example.com,DE,2020-07-07,Basic,724.08
8298,Charles Perez,charles.perez8298@shop.io,CA,2022-04-15,Premium,44911.63
8299,Richard Davis,richard.davis8299@shop.io,UK,2021-04-17,Basic,23255.37
8300,Charles Thomas,charles.thomas8300@example.com,AU,2019-02-04,Premium,33678.97
8301,David Rodriguez,david.rodriguez8301@shop.io,BR,2024-09-16,Premium,36533.34
8302,Sarah Hernandez,sarah.hernandez8302@mail.com,FR,2021-09-19,Basic,43198.49
8303,Elizabeth Jackson,elizabeth.jackson8303@example.com,IN,2024-08-15,Standard,11219.75
8304,Barbara Lee,barbara.lee8304@shop.io,DE,2019-07-01,Basic,35803.16
8305,Emma Perez,emma.perez8305@shop.io,UK,2019-06-16,Premium,28609.96
8306,Mary Williams,mary.williams8306@example.com,JP,2025-06-26,Standard,37727.80
8307,Joseph Davis,joseph.davis8307@example.com,UK,2018-11-22,Standard,44694.89
8308,Susan Davis,susan.davis8308@mail.com,IN,2018-04-15,Basic,27184.93
8309,Ava Brown,ava.brown8309@example.com,AU,2018-01-12,Standard,33660.58
8310,Sophia Hernandez,sophia.hernandez8310@customer.net,UK,2024-12-08,Basic,22668.97
8311,Emma Rodriguez,emma.rodriguez8311@example.com,US,2022-01-23,Basic,24588.51
8312,Sophia Taylor,sophia.taylor8312@mail.com,CA,2021-04-06,Standard,30061.50
8313,William Garcia,william.garcia8313@example.com,US,2021-05-12,Premium,933.11
8314,Thomas Martinez,thomas.martinez8314@example.com,BR,2020-02-05,Basic,31396.42
8315,Susan Hernandez,susan.hernandez8315@shop.io,MX,2018-05-28,Standard,27404.76
8316,Jennifer Hernandez,jennifer.hernandez8316@shop.io,US,2022-03-09,Standard,6059.59
8317,Patricia Martin,patricia.martin8317@example.com,MX,2020-04-19,Standard,18546.54
8318,Joseph Anderson,joseph.anderson8318@example.com,JP,2024-06-30,Standard,32902.68
8319,James Perez,james.perez8319@customer.net,UK,2022-10-02,Basic,13852.17
8320,Michael Lopez,michael.lopez8320@example.com,DE,2024-01-29,Standard,39430.15
8321,Sarah Miller,sarah.miller8321@customer.net,MX,2021-07-06,Standard,29439.57
8322,Barbara Moore,barbara.moore8322@mail.com,JP,2023-03-12,Basic,3173.27
8323,Susan Jackson,susan.jackson8323@mail.com,DE,2022-08-31,Basic,41956.34
8324,Patricia Lopez,patricia.lopez8324@customer.net,MX,2020-10-28,Basic,1528.31
8325,James Taylor,james.taylor8325@mail.com,JP,2022-10-06,Premium,1069.91
8326,Jennifer Thompson,jennifer.thompson8326@mail.com,AU,2018-11-12,Basic,6961.55
8327,Karen Rodriguez,karen.rodriguez8327@shop.io,MX,2022-04-21,Basic,5572.93
8328,Sophia Thomas,sophia.thomas8328@mail.com,CA,2024-09-27,Standard,44052.44
8329,Sarah Lopez,sarah.lopez8329@customer.net,FR,2020-04-17,Standard,17990.39
8330,Thomas Thompson,thomas.thompson8330@shop.io,MX,2018-12-15,Premium,36646.02
8331,Noah Thomas,noah.thomas8331@customer.net,US,2019-04-08,Basic,25841.68
8332,Emma Perez,emma.perez8332@example.com,UK,2020-08-02,Premium,39838.95
8333,Karen Hernandez,karen.hernandez8333@mail.com,FR,2020-04-07,Premium,13370.87
8334,Jennifer Rodriguez,jennifer.rodriguez8334@example.com,JP,2018-02-21,Basic,23319.04
8335,Sophia Brown,sophia.brown8335@mail.com,JP,2023-08-24,Standard,38616.81
8336,Susan Davis,susan.davis8336@mail.com,BR,2023-06-11,Basic,32329.47
8337,Thomas Williams,thomas.williams8337@mail.com,DE,2019-12-09,Basic,2620.53
8338,Thomas Jones,thomas.jones8338@mail.com,US,2021-06-04,Standard,26001.05
8339,Oliver Thompson,oliver.thompson8339@mail.com,AU,2019-04-05,Basic,24591.34
8340,Sophia Moore,sophia.moore8340@example.com,IN,2020-11-12,Basic,17727.55
8341,Patricia Johnson,patricia.johnson8341@shop.io,DE,2021-10-27,Basic,29601.07
8342,James Thompson,james.thompson8342@mail.com,BR,2021-04-21,Premium,6742.25
8343,Sophia Brown,sophia.brown8343@customer.net,US,2019-05-25,Basic,40055.81
8344,Emma Davis,emma.davis8344@example.com,FR,2023-07-19,Standard,33830.63
8345,Michael Rodriguez,michael.rodriguez8345@example.com,FR,2018-08-31,Standard,36969.08
8346,Jessica Jackson,jessica.jackson8346@mail.com,AU,2025-03-02,Premium,24950.95
8347,Linda Davis,linda.davis8347@shop.io,BR,2019-04-17,Premium,20484.43
8348,Jennifer Garcia,jennifer.garcia8348@example.com,UK,2025-01-16,Standard,42847.81
8349,Karen Thompson,karen.thompson8349@customer.net,MX,2022-09-10,Basic,18464.07
8350,Elizabeth Gonzalez,elizabeth.gonzalez8350@mail.com,UK,2019-01-14,Standard,47658.09
8351,James Lee,james.lee8351@example.com,IN,2019-11-04,Premium,25756.41
8352,Patricia Jones,patricia.jones8352@shop.io,US,2023-02-16,Basic,18936.83
8353,Elizabeth Lee,elizabeth.lee8353@shop.io,FR,2022-05-12,Premium,41423.70
8354,Robert Brown,robert.brown8354@mail.com,AU,2018-06-29,Basic,42698.66
8355,Patricia Davis,patricia.davis8355@shop.io,CA,2024-10-17,Standard,27134.24
8356,Ava Jackson,ava.jackson8356@shop.io,US,2024-08-13,Premium,41010.52
8357,John Taylor,john.taylor8357@shop.io,BR,2024-07-26,Basic,12903.18
8358,William Perez,william.perez8358@shop.io,MX,2022-12-04,Premium,17654.86
8359,Joseph Jones,joseph.jones8359@example.com,CA,2023-06-28,Standard,39365.49
8360,Elizabeth Jones,elizabeth.jones8360@example.com,JP,2022-01-17,Standard,11623.53
8361,William Jackson,william.jackson8361@example.com,CA,2022-04-23,Standard,5134.47
8362,Elizabeth Martinez,elizabeth.martinez8362@shop.io,CA,2022-09-19,Basic,40068.07
8363,Jessica Martinez,jessica.martinez8363@example.com,CA,2021-07-27,Premium,15921.98
8364,Ava Taylor,ava.taylor8364@customer.net,CA,2022-04-02,Standard,43243.03
8365,Sarah Martin,sarah.martin8365@mail.com,US,2020-10-21,Premium,49061.95
8366,Jessica Moore,jessica.moore8366@shop.io,DE,2018-11-10,Premium,46962.73
8367,Patricia Davis,patricia.davis8367@customer.net,MX,2024-12-04,Standard,17077.62
8368,Thomas Davis,thomas.davis8368@mail.com,JP,2023-06-10,Standard,44783.36
8369,Robert Anderson,robert.anderson8369@example.com,AU,2020-10-26,Premium,8245.15
8370,Patricia Garcia,patricia.garcia8370@shop.io,US,2020-04-13,Basic,33902.24
8371,William Brown,william.brown8371@mail.com,CA,2023-04-29,Premium,9103.34
8372,Joseph Jones,joseph.jones8372@example.com,JP,2021-05-03,Premium,30000.03
8373,Barbara Miller,barbara.miller8373@customer.net,US,2018-08-01,Standard,11886.78
8374,Linda Martin,linda.martin8374@customer.net,JP,2020-05-09,Premium,47806.53
8375,Jennifer Brown,jennifer.brown8375@example.com,BR,2021-10-30,Basic,9540.56
8376,Emma Anderson,emma.anderson8376@shop.io,AU,2024-02-15,Premium,48470.19
8377,Linda Garcia,linda.garcia8377@example.com,BR,2024-10-08,Standard,40024.88
8378,Sophia Lopez,sophia.lopez8378@example.com,US,2024-03-30,Basic,17398.60
8379,Thomas Jackson,thomas.jackson8379@example.com,BR,2019-05-17,Premium,39970.50
8380,Karen Martin,karen.martin8380@shop.io,DE,2024-04-18,Premium,24896.11
8381,Ava Moore,ava.moore8381@mail.com,CA,2019-07-07,Basic,203.29
8382,William Miller,william.miller8382@mail.com,MX,2025-05-10,Standard,17036.16
8383,Elizabeth Miller,elizabeth.miller8383@mail.com,CA,2024-04-28,Basic,22741.79
8384,Patricia Martin,patricia.martin8384@customer.net,DE,2025-01-05,Premium,13592.39
8385,Charles Perez,charles.perez8385@mail.com,DE,2021-04-07,Premium,13923.81
8386,Michael Lee,michael.lee8386@example.com,US,2024-11-15,Basic,4144.29
8387,Noah Anderson,noah.anderson8387@mail.com,UK,2022-03-21,Premium,11155.35
8388,Elizabeth Lee,elizabeth.lee8388@mail.com,US,2025-05-17,Basic,32801.14
8389,Oliver Thomas,oliver.thomas8389@mail.com,CA,2020-11-08,Standard,25186.05
8390,Charles Smith,charles.smith8390@customer.net,UK,2019-07-09,Premium,45544.62
8391,Jennifer Lopez,jennifer.lopez8391@customer.net,MX,2024-01-20,Basic,21640.54
8392,Karen Williams,karen.williams8392@example.com,DE,2021-05-27,Premium,28488.19
8393,Thomas Perez,thomas.perez8393@mail.com,JP,2019-10-29,Standard,14614.86
8394,Karen Lopez,karen.lopez8394@mail.com,US,2022-12-10,Standard,28569.94
8395,Emma Williams,emma.williams8395@shop.io,DE,2024-01-23,Premium,4354.48
8396,Sophia Jackson,sophia.jackson8396@customer.net,JP,2023-09-07,Basic,17906.27
8397,Susan Gonzalez,susan.gonzalez8397@shop.io,US,2019-03-13,Basic,2510.99
8398,Barbara Rodriguez,barbara.rodriguez8398@shop.io,US,2019-08-13,Standard,21935.10
8399,Mary Brown,mary.brown8399@mail.com,FR,2019-02-03,Standard,6967.02
8400,Jessica Lopez,jessica.lopez8400@example.com,US,2018-05-18,Premium,10858.77
8401,Susan Moore,susan.moore8401@shop.io,JP,2021-07-02,Premium,29320.76
8402,Jessica Lee,jessica.lee8402@mail.com,BR,2021-01-11,Standard,48579.47
8403,John Thompson,john.thompson8403@shop.io,AU,2023-08-22,Premium,43302.42
8404,Linda Johnson,linda.johnson8404@mail.com,UK,2019-12-14,Basic,40266.11
8405,Sarah Garcia,sarah.garcia8405@mail.com,IN,2020-03-04,Standard,48609.15
8406,David Brown,david.brown8406@example.com,DE,2024-09-06,Basic,26112.60
8407,Mary Miller,mary.miller8407@example.com,US,2019-09-24,Standard,7728.97
8408,Joseph Smith,joseph.smith8408@shop.io,US,2022-04-21,Standard,33702.50
8409,Sarah Garcia,sarah.garcia8409@shop.io,DE,2019-09-17,Basic,8070.40
8410,Elizabeth Gonzalez,elizabeth.gonzalez8410@shop.io,CA,2023-07-18,Standard,11204.71
8411,John Wilson,john.wilson8411@example.com,CA,2022-02-26,Standard,44978.94
8412,Mary Miller,mary.miller8412@customer.net,AU,2020-07-11,Standard,49952.02
8413,Elizabeth Garcia,elizabeth.garcia8413@mail.com,JP,2019-10-15,Standard,21905.73
8414,Joseph Gonzalez,joseph.gonzalez8414@mail.com,DE,2022-08-04,Basic,24143.63
8415,John Thomas,john.thomas8415@shop.io,JP,2024-08-05,Premium,13946.98
8416,Barbara Hernandez,barbara.hernandez8416@mail.com,DE,2021-04-20,Basic,37865.05
8417,Ava Johnson,ava.johnson8417@shop.io,MX,2022-10-15,Standard,48507.46
8418,Robert Lopez,robert.lopez8418@shop.io,MX,2023-01-17,Basic,2724.68
8419,William Davis,william.davis8419@customer.net,UK,2024-12-03,Basic,46354.67
8420,Mary Thompson,mary.thompson8420@mail.com,CA,2023-09-27,Basic,24342.35
8421,Linda Williams,linda.williams8421@example.com,IN,2018-07-10,Premium,17464.06
8422,David Davis,david.davis8422@shop.io,DE,2019-01-12,Premium,38634.73
8423,Emma Perez,emma.perez8423@shop.io,CA,2020-01-22,Standard,341.06
8424,Barbara Smith,barbara.smith8424@shop.io,FR,2025-03-03,Standard,30592.17
8425,Mary Thompson,mary.thompson8425@customer.net,BR,2018-04-20,Basic,40249.37
8426,Linda Hernandez,,AU,2023-08-21,Basic,47374.17
8427,Linda Wilson,linda.wilson8427@shop.io,AU,2020-12-12,Basic,28135.62
8428,Barbara Martin,barbara.martin8428@customer.net,MX,2024-05-03,Basic,24207.46
8429,Robert Lopez,robert.lopez8429@shop.io,DE,2025-02-01,Basic,32434.03
8430,Mary Martinez,mary.martinez8430@mail.com,IN,2023-12-12,Premium,39883.39
8431,David Gonzalez,david.gonzalez8431@shop.io,MX,2023-07-20,Basic,26447.19
8432,Mary Thompson,mary.thompson8432@customer.net,BR,2025-03-10,Standard,45379.34
8433,Jessica Garcia,jessica.garcia8433@shop.io,FR,2018-08-21,Basic,5438.92
8434,Thomas Smith,thomas.smith8434@customer.net,JP,2023-11-10,Basic,38908.65
8435,Karen Rodriguez,karen.rodriguez8435@shop.io,UK,2019-03-17,Basic,45159.33
8436,Oliver Garcia,oliver.garcia8436@shop.io,IN,2023-05-30,Premium,32320.73
8437,Emma Jackson,emma.jackson8437@mail.com,JP,2021-10-09,Premium,10896.45
8438,Patricia Smith,patricia.smith8438@example.com,DE,2024-12-25,Standard,43436.20
8439,Emma Gonzalez,emma.gonzalez8439@mail.com,AU,2018-10-30,Basic,42378.19
8440,Barbara Anderson,barbara.anderson8440@example.com,AU,2020-04-15,Premium,2173.84
8441,Ava Davis,ava.davis8441@customer.net,UK,2020-06-25,Basic,31597.27
8442,John Martinez,john.martinez8442@shop.io,IN,2021-01-25,Premium,31126.72
8443,Jessica Garcia,jessica.garcia8443@shop.io,UK,2025-05-18,Premium,10645.24
8444,Jessica Hernandez,jessica.hernandez8444@example.com,IN,2024-05-16,Basic,11184.51
8445,Ava Taylor,ava.taylor8445@shop.io,US,2018-10-18,Premium,22857.46
8446,Michael Johnson,michael.johnson8446@mail.com,JP,2018-04-25,Basic,23049.25
8447,Thomas Rodriguez,thomas.rodriguez8447@customer.net,JP,2024-08-17,Premium,27639.26
8448,Jessica Thompson,jessica.thompson8448@mail.com,JP,2020-06-04,Basic,5368.35
8449,Susan Jackson,susan.jackson8449@mail.com,JP,2021-11-14,Basic,8552.71
8450,Elizabeth Wilson,elizabeth.wilson8450@example.com,UK,2018-06-26,Premium,48476.85
8451,Emma Martin,emma.martin8451@customer.net,JP,2021-04-11,Premium,180.81
8452,Ava Anderson,ava.anderson8452@example.com,UK,2023-10-05,Premium,6700.03
8453,Emma Perez,emma.perez8453@customer.net,IN,2018-10-20,Basic,533.41
8454,Patricia Smith,patricia.smith8454@shop.io,FR,2023-02-02,Premium,423.01
8455,Mary Smith,mary.smith8455@example.com,US,2019-09-06,Premium,6707.18
8456,Patricia Garcia,patricia.garcia8456@customer.net,BR,2020-06-12,Basic,2187.69
8457,Patricia Johnson,patricia.johnson8457@example.com,UK,2024-02-15,Premium,36723.52
8458,Charles Miller,charles.miller8458@shop.io,MX,2019-04-04,Premium,39166.64
8459,Joseph Wilson,joseph.wilson8459@customer.net,UK,2018-06-12,Premium,14152.46
8460,Elizabeth Williams,elizabeth.williams8460@example.com,IN,2020-07-28,Premium,27976.27
8461,Noah Jones,noah.jones8461@shop.io,UK,2024-05-13,Standard,12938.83
8462,Robert Jackson,robert.jackson8462@shop.io,BR,2025-01-29,Standard,6164.99
8463,Joseph Jones,joseph.jones8463@example.com,UK,2023-06-09,Premium,43394.77
8464,Robert Hernandez,robert.hernandez8464@shop.io,CA,2024-09-03,Standard,15875.66
8465,Mary Garcia,mary.garcia8465@shop.io,DE,2018-12-09,Basic,33202.43
8466,Robert Hernandez,robert.hernandez8466@shop.io,BR,2018-07-26,Standard,34796.27
8467,Barbara Martin,barbara.martin8467@shop.io,US,2019-11-30,Standard,7168.38
8468,William Lee,william.lee8468@mail.com,IN,2020-05-31,Premium,48246.16
8469,Jennifer Davis,jennifer.davis8469@example.com,JP,2025-01-21,Standard,14445.38
8470,Joseph Thomas,joseph.thomas8470@example.com,FR,2019-09-22,Premium,7813.12
8471,Richard Williams,richard.williams8471@mail.com,MX,2025-02-24,Premium,815.89
8472,Patricia Taylor,patricia.taylor8472@customer.net,JP,2022-10-09,Basic,39313.70
8473,Joseph Rodriguez,joseph.rodriguez8473@shop.io,BR,2019-11-16,Premium,25562.99
8474,Jessica Moore,jessica.moore8474@example.com,JP,2020-03-10,Basic,3182.87
8475,Elizabeth Martin,elizabeth.martin8475@customer.net,FR,2018-05-09,Basic,28972.63
8476,Richard Wilson,richard.wilson8476@customer.net,JP,2022-11-25,Premium,28426.16
8477,Mary Lee,mary.lee8477@mail.com,MX,2022-11-14,Basic,15663.14
8478,Karen Martin,karen.martin8478@example.com,US,2020-11-18,Basic,24688.50
8479,Susan Martinez,susan.martinez8479@shop.io,CA,2021-08-06,Basic,25156.26
8480,William Martinez,william.martinez8480@customer.net,AU,2023-04-01,Standard,35876.62
8481,Patricia Davis,patricia.davis8481@customer.net,UK,2021-11-12,Premium,12807.86
8482,Joseph Taylor,joseph.taylor8482@mail.com,DE,2023-11-05,Standard,38510.67
8483,Robert Garcia,robert.garcia8483@customer.net,IN,2022-10-12,Standard,12927.22
8484,Noah Moore,noah.moore8484@shop.io,DE,2023-08-09,Standard,38447.12
8485,Sophia Martinez,sophia.martinez8485@customer.net,CA,2021-11-04,Basic,13829.34
8486,Mary Miller,mary.miller8486@example.com,US,2019-09-29,Basic,5096.25
8487,Elizabeth Davis,elizabeth.davis8487@customer.net,IN,2021-08-29,Basic,14764.88
8488,Michael Moore,michael.moore8488@mail.com,FR,2019-07-13,Premium,15352.31
8489,David Davis,david.davis8489@mail.com,AU,2022-05-07,Standard,25783.28
8490,Jennifer Jones,jennifer.jones8490@customer.net,AU,2023-06-07,Basic,18492.53
8491,Karen Lee,karen.lee8491@mail.com,US,2020-06-24,Basic,30775.88
8492,James Brown,james.brown8492@mail.com,FR,2025-02-16,Standard,31977.59
8493,John Martin,john.martin8493@example.com,AU,2023-02-15,Standard,48543.69
8494,Patricia Martinez,patricia.martinez8494@example.com,UK,2018-11-20,Standard,37459.87
8495,Thomas Brown,thomas.brown8495@customer.net,DE,2020-05-17,Premium,17747.47
8496,Karen Rodriguez,karen.rodriguez8496@mail.com,BR,2018-10-28,Premium,17973.65
8497,Joseph Gonzalez,joseph.gonzalez8497@shop.io,US,2024-06-20,Premium,18881.00
8498,Karen Anderson,karen.anderson8498@shop.io,US,2022-02-20,Standard,41031.60
8499,Karen Jones,karen.jones8499@example.com,AU,2018-09-21,Premium,32811.28
8500,Karen Moore,karen.moore8500@example.com,US,2018-05-05,Basic,28954.57
8501,William Martinez,william.martinez8501@mail.com,US,2018-05-26,Premium,23025.56
8502,Linda Jones,linda.jones8502@example.com,IN,2021-10-07,Standard,28336.41
8503,Robert Anderson,robert.anderson8503@customer.net,FR,2024-03-17,Premium,41727.22
8504,Thomas Garcia,thomas.garcia8504@customer.net,FR,2019-11-07,Standard,40511.63
8505,Susan Davis,susan.davis8505@example.com,UK,2021-06-21,Premium,4050.13
8506,Mary Anderson,mary.anderson8506@shop.io,FR,2024-09-10,Basic,43243.07
8507,Jessica Williams,jessica.williams8507@shop.io,UK,2020-12-26,Premium,21650.51
8508,Elizabeth Jones,elizabeth.jones8508@mail.com,US,2022-03-22,Basic,49742.02
8509,William Gonzalez,william.gonzalez8509@example.com,CA,2020-03-25,Basic,36711.76
8510,Noah Taylor,noah.taylor8510@example.com,IN,2023-07-30,Standard,35463.01
8511,Robert Thompson,robert.thompson8511@shop.io,CA,2018-07-29,Standard,26661.87
8512,Oliver Thomas,oliver.thomas8512@shop.io,FR,2024-04-03,Basic,14711.59
8513,David Jones,david.jones8513@customer.net,DE,2025-04-23,Standard,16753.12
8514,Karen Anderson,karen.anderson8514@mail.com,DE,2021-03-24,Standard,17306.69
8515,Elizabeth Smith,elizabeth.smith8515@shop.io,DE,2019-05-16,Premium,570.25
8516,Elizabeth Lee,elizabeth.lee8516@customer.net,UK,2019-03-25,Standard,22331.60
8517,David Rodriguez,david.rodriguez8517@shop.io,FR,2024-05-06,Basic,41827.25
8518,Mary Lopez,mary.lopez8518@customer.net,MX,2024-02-17,Standard,19278.41
8519,Robert Wilson,robert.wilson8519@mail.com,FR,2020-08-28,Basic,16986.35
8520,Linda Smith,linda.smith8520@example.com,DE,2025-05-04,Standard,36937.83
8521,Michael Martin,michael.martin8521@shop.io,DE,2025-03-04,Standard,20075.54
8522,Michael Anderson,michael.anderson8522@customer.net,FR,2019-03-09,Premium,40875.25
8523,Jennifer Martinez,jennifer.martinez8523@shop.io,BR,2023-06-28,Premium,6238.35
8524,Patricia Brown,patricia.brown8524@example.com,JP,2021-12-08,Premium,24577.60
8525,Oliver Miller,oliver.miller8525@shop.io,BR,2020-03-14,Standard,7189.25
8526,Elizabeth Jackson,elizabeth.jackson8526@mail.com,UK,2021-10-11,Premium,17055.68
8527,Charles Martinez,charles.martinez8527@shop.io,FR,2024-03-15,Standard,44306.68
8528,Jessica Williams,jessica.williams8528@customer.net,UK,2020-08-04,Standard,47550.99
8529,Karen Miller,karen.miller8529@shop.io,BR,2024-07-22,Premium,45658.14
8530,Barbara Rodriguez,barbara.rodriguez8530@mail.com,AU,2022-11-10,Premium,36107.06
8531,Jessica Miller,jessica.miller8531@customer.net,CA,2020-03-26,Basic,38959.36
8532,Patricia Wilson,patricia.wilson8532@example.com,DE,2018-01-01,Basic,30013.29
8533,Robert Moore,robert.moore8533@customer.net,BR,2025-06-01,Basic,35213.25
8534,Sarah Martinez,sarah.martinez8534@mail.com,JP,2023-05-26,Standard,5234.67
8535,Linda Gonzalez,linda.gonzalez8535@customer.net,DE,2018-07-13,Basic,29537.14
8536,Noah Lopez,noah.lopez8536@example.com,IN,2022-03-19,Basic,29679.90
8537,Oliver Lee,oliver.lee8537@mail.com,BR,2021-07-09,Basic,19849.60
8538,David Jackson,david.jackson8538@shop.io,CA,2018-11-19,Standard,14353.16
8539,Charles Davis,charles.davis8539@mail.com,UK,2018-12-10,Premium,16060.10
8540,Sophia Lee,sophia.lee8540@shop.io,CA,2018-04-27,Premium,19403.34
8541,Robert Brown,robert.brown8541@example.com,IN,2025-05-12,Premium,35816.73
8542,Sophia Wilson,sophia.wilson8542@mail.com,DE,2020-08-03,Basic,18529.35
8543,Patricia Moore,patricia.moore8543@shop.io,DE,2019-08-16,Basic,32992.82
8544,Susan Lopez,susan.lopez8544@customer.net,UK,2020-03-27,Basic,44761.59
8545,Joseph Davis,joseph.davis8545@customer.net,UK,2025-04-08,Basic,14619.79
8546,Elizabeth Perez,elizabeth.perez8546@shop.io,CA,2021-06-15,Premium,1579.79
8547,Joseph Lee,joseph.lee8547@shop.io,AU,2023-01-21,Basic,24483.72
8548,Elizabeth Brown,elizabeth.brown8548@shop.io,IN,2021-11-19,Premium,25121.17
8549,Patricia Gonzalez,patricia.gonzalez8549@mail.com,FR,2019-12-18,Standard,11162.38
8550,Linda Thompson,linda.thompson8550@customer.net,FR,2018-06-12,Standard,22892.25
8551,Barbara Anderson,barbara.anderson8551@customer.net,IN,2018-08-17,Standard,49981.37
8552,Jennifer Hernandez,jennifer.hernandez8552@example.com,JP,2022-04-13,Standard,21395.16
8553,Richard Jackson,richard.jackson8553@shop.io,US,2023-10-13,Standard,35620.63
8554,Susan Williams,susan.williams8554@example.com,IN,2023-10-02,Basic,20546.86
8555,Barbara Miller,barbara.miller8555@mail.com,IN,2020-11-09,Standard,13630.04
8556,Patricia Lee,patricia.lee8556@shop.io,UK,2020-01-10,Basic,13673.90
8557,Oliver Rodriguez,oliver.rodriguez8557@mail.com,MX,2022-11-21,Basic,14248.32
8558,Michael Hernandez,michael.hernandez8558@customer.net,US,2018-01-30,Premium,44105.11
8559,Sarah Perez,sarah.perez8559@mail.com,US,2023-10-05,Standard,5373.18
8560,Emma Miller,emma.miller8560@example.com,MX,2020-06-01,Basic,33882.42
8561,Emma Lee,emma.lee8561@mail.com,JP,2018-11-29,Basic,4844.99
8562,Charles Jackson,charles.jackson8562@mail.com,BR,2019-03-10,Basic,26760.86
8563,Karen Jones,karen.jones8563@example.com,IN,2021-09-23,Premium,4956.60
8564,Thomas Williams,thomas.williams8564@customer.net,AU,2023-02-14,Standard,37248.92
8565,Patricia Taylor,patricia.taylor8565@example.com,BR,2022-11-01,Basic,22032.85
8566,David Jones,david.jones8566@mail.com,IN,2019-06-22,Standard,29895.36
8567,John Hernandez,john.hernandez8567@mail.com,BR,2024-11-22,Premium,8485.96
8568,Patricia Gonzalez,patricia.gonzalez8568@customer.net,AU,2018-11-26,Standard,47411.22
8569,Michael Williams,michael.williams8569@mail.com,UK,2024-11-21,Standard,45053.44
8570,Charles Davis,charles.davis8570@example.com,FR,2021-08-28,Premium,35688.32
8571,Noah Thomas,noah.thomas8571@customer.net,DE,2021-11-12,Standard,30880.79
8572,Jessica Wilson,jessica.wilson8572@shop.io,UK,2019-01-16,Basic,43919.52
8573,David Wilson,david.wilson8573@customer.net,AU,2019-03-28,Standard,10803.45
8574,Patricia Anderson,patricia.anderson8574@mail.com,JP,2019-01-27,Standard,12666.45
8575,Ava Miller,ava.miller8575@customer.net,DE,2024-01-01,Premium,43435.54
8576,Michael Martinez,michael.martinez8576@example.com,FR,2021-09-29,Premium,9472.69
8577,Elizabeth Gonzalez,elizabeth.gonzalez8577@example.com,JP,2021-06-28,Basic,20849.32
8578,Emma Taylor,emma.taylor8578@customer.net,AU,2023-01-01,Standard,32321.51
8579,Elizabeth Wilson,elizabeth.wilson8579@shop.io,CA,2020-11-02,Basic,7206.26
8580,Thomas Thomas,thomas.thomas8580@mail.com,MX,2024-04-03,Basic,8926.98
8581,Sophia Jones,sophia.jones8581@shop.io,AU,2023-09-21,Basic,46977.65
8582,Jessica Rodriguez,jessica.rodriguez8582@example.com,AU,2018-08-26,Premium,38499.42
8583,David Williams,david.williams8583@mail.com,CA,2025-06-18,Standard,18733.48
8584,Sarah Thompson,sarah.thompson8584@customer.net,AU,2022-09-09,Basic,28176.57
8585,Susan Thompson,susan.thompson8585@mail.com,BR,2023-07-02,Standard,14728.45
8586,Jessica Williams,jessica.williams8586@mail.com,CA,2018-12-22,Premium,17039.24
8587,Linda Lee,linda.lee8587@mail.com,CA,2018-12-24,Premium,21254.25
8588,Sophia Anderson,sophia.anderson8588@mail.com,MX,2024-12-17,Standard,21136.90
8589,Richard Lopez,richard.lopez8589@customer.net,DE,2018-06-24,Standard,40917.87
8590,Emma Johnson,emma.johnson8590@mail.com,MX,2020-08-12,Premium,48950.11
8591,Joseph Perez,joseph.perez8591@customer.net,JP,2020-11-14,Standard,42360.10
8592,Mary Perez,mary.perez8592@shop.io,FR,2024-07-25,Standard,45110.32
8593,Noah Brown,noah.brown8593@mail.com,US,2018-02-20,Premium,33596.23
8594,William Johnson,william.johnson8594@mail.com,AU,2023-09-25,Premium,23919.98
8595,Oliver Brown,oliver.brown8595@customer.net,FR,2019-07-08,Premium,10637.14
8596,Oliver Smith,oliver.smith8596@customer.net,IN,2022-06-05,Standard,45066.73
8597,Ava Lopez,ava.lopez8597@example.com,BR,2020-12-28,Standard,25487.85
8598,Thomas Thomas,thomas.thomas8598@customer.net,BR,2024-02-28,Basic,49403.37
8599,Barbara Taylor,barbara.taylor8599@customer.net,MX,2021-12-27,Standard,35058.46
8600,Jessica Williams,jessica.williams8600@example.com,CA,2024-09-18,Premium,22959.39
8601,Karen Martinez,karen.martinez8601@customer.net,UK,2025-04-05,Basic,2802.63
8602,Richard Jackson,richard.jackson8602@mail.com,FR,2025-02-28,Basic,28596.32
8603,Barbara Brown,barbara.brown8603@example.com,BR,2025-04-13,Basic,39082.93
8604,Michael Jones,michael.jones8604@customer.net,BR,2022-06-18,Standard,26059.19
8605,Susan Moore,susan.moore8605@shop.io,DE,2018-03-14,Premium,11525.93
8606,Richard Hernandez,richard.hernandez8606@example.com,FR,2018-07-23,Standard,45801.55
8607,William Brown,william.brown8607@example.com,CA,2019-11-21,Premium,36743.24
8608,Susan Lopez,susan.lopez8608@example.com,FR,2020-06-03,Standard,8971.29
8609,Charles Martinez,charles.martinez8609@shop.io,JP,2022-11-26,Premium,12510.54
8610,Emma Jackson,emma.jackson8610@customer.net,UK,2018-05-05,Basic,13596.64
8611,Emma Perez,emma.perez8611@mail.com,MX,2023-05-12,Premium,15121.07
8612,David Miller,david.miller8612@customer.net,BR,2022-12-25,Standard,3586.00
8613,Ava Jackson,ava.jackson8613@customer.net,IN,2023-07-04,Standard,7701.71
8614,Emma Miller,emma.miller8614@shop.io,CA,2025-01-28,Standard,20260.92
8615,John Rodriguez,john.rodriguez8615@mail.com,UK,2021-11-11,Basic,9949.18
8616,Oliver Taylor,oliver.taylor8616@mail.com,CA,2024-04-06,Basic,28861.43
8617,Charles Thompson,charles.thompson8617@shop.io,FR,2018-09-29,Premium,43520.13
8618,Mary Johnson,mary.johnson8618@shop.io,MX,2018-06-24,Standard,2481.87
8619,Sophia Smith,sophia.smith8619@mail.com,CA,2019-03-02,Basic,22613.05
8620,Michael Gonzalez,michael.gonzalez8620@shop.io,DE,2020-09-24,Standard,36169.47
8621,Michael Williams,michael.williams8621@mail.com,CA,2025-02-07,Premium,15634.93
8622,Elizabeth Lee,elizabeth.lee8622@customer.net,UK,2023-10-01,Basic,44940.35
8623,Richard Garcia,richard.garcia8623@example.com,JP,2023-04-06,Basic,42692.53
8624,Oliver Martinez,oliver.martinez8624@mail.com,MX,2019-12-29,Premium,1849.64
8625,Patricia Thomas,patricia.thomas8625@mail.com,JP,2020-12-31,Basic,38370.93
8626,John Thompson,john.thompson8626@shop.io,UK,2023-05-21,Standard,49229.65
8627,Noah Thomas,noah.thomas8627@customer.net,FR,2018-11-25,Premium,7274.18
8628,Oliver Johnson,oliver.johnson8628@shop.io,MX,2022-05-15,Premium,31153.62
8629,Susan Thompson,susan.thompson8629@shop.io,UK,2024-11-04,Standard,19669.23
8630,Jessica Williams,jessica.williams8630@shop.io,AU,2023-06-07,Premium,49454.91
8631,David Thompson,david.thompson8631@customer.net,BR,2022-11-21,Premium,41811.02
8632,Michael Anderson,michael.anderson8632@shop.io,JP,2023-03-10,Premium,33837.08
8633,Joseph Brown,joseph.brown8633@mail.com,UK,2024-06-14,Basic,28579.70
8634,Michael Thompson,michael.thompson8634@example.com,JP,2022-04-05,Basic,37169.58
8635,James Perez,james.perez8635@customer.net,US,2018-01-06,Premium,8646.01
8636,Joseph Jackson,joseph.jackson8636@customer.net,DE,2021-02-07,Standard,16907.99
8637,Joseph Taylor,joseph.taylor8637@shop.io,FR,2018-01-01,Basic,48470.72
8638,Linda Martin,linda.martin8638@customer.net,BR,2025-02-22,Premium,21060.21
8639,Elizabeth Wilson,elizabeth.wilson8639@shop.io,MX,2021-06-13,Basic,29880.44
8640,Oliver Moore,oliver.moore8640@customer.net,BR,2025-03-29,Basic,41202.98
8641,Elizabeth Martin,elizabeth.martin8641@customer.net,CA,2024-10-02,Basic,9751.18
8642,Jennifer Smith,jennifer.smith8642@mail.com,MX,2019-08-02,Premium,18966.58
8643,Richard Taylor,richard.taylor8643@customer.net,US,2025-04-08,Basic,10430.12
8644,Barbara Lopez,barbara.lopez8644@customer.net,BR,2022-02-16,Standard,16451.20
8645,Ava Thompson,ava.thompson8645@customer.net,AU,2020-05-28,Premium,29041.46
8646,William Wilson,william.wilson8646@shop.io,FR,2018-03-15,Basic,5670.07
8647,Robert Jones,robert.jones8647@mail.com,AU,2023-03-02,Standard,1051.04
8648,John Jones,john.jones8648@mail.com,IN,2022-05-30,Standard,37647.98
8649,Ava Lopez,ava.lopez8649@example.com,MX,2021-02-25,Standard,18556.42
8650,Noah Lee,noah.lee8650@customer.net,FR,2019-02-06,Standard,38527.74
8651,Robert Perez,robert.perez8651@customer.net,IN,2019-12-28,Premium,40416.70
8652,William Thomas,william.thomas8652@customer.net,IN,2018-01-10,Premium,49004.45
8653,Robert Perez,robert.perez8653@example.com,JP,2018-10-15,Premium,2542.94
8654,William Hernandez,william.hernandez8654@customer.net,CA,2019-04-09,Basic,23045.23
8655,Charles Davis,charles.davis8655@customer.net,MX,2023-05-14,Basic,12306.13
8656,Sophia Lee,sophia.lee8656@mail.com,MX,2020-04-11,Premium,25323.08
8657,Noah Miller,noah.miller8657@customer.net,IN,2024-03-18,Basic,10591.53
8658,Noah Gonzalez,noah.gonzalez8658@mail.com,AU,2023-10-02,Premium,47983.63
8659,Michael Moore,michael.moore8659@customer.net,BR,2019-02-24,Standard,17494.77
8660,Noah Jones,noah.jones8660@mail.com,AU,2018-06-02,Standard,40432.61
8661,Emma Martin,emma.martin8661@mail.com,JP,2024-02-04,Standard,11718.93
8662,Emma Lopez,emma.lopez8662@mail.com,UK,2024-07-02,Basic,26186.19
8663,Richard Taylor,richard.taylor8663@shop.io,MX,2022-07-13,Premium,33378.01
8664,Michael Martinez,michael.martinez8664@mail.com,MX,2024-12-01,Basic,17608.35
8665,Sarah Gonzalez,sarah.gonzalez8665@customer.net,DE,2019-09-24,Standard,33167.03
8666,Susan Garcia,susan.garcia8666@example.com,US,2023-01-16,Standard,22074.30
8667,Noah Anderson,noah.anderson8667@customer.net,JP,2020-07-26,Basic,30127.51
8668,John Moore,john.moore8668@example.com,MX,2018-07-05,Standard,32637.84
8669,Joseph Rodriguez,joseph.rodriguez8669@customer.net,BR,2024-06-09,Basic,11460.91
8670,Mary Lopez,mary.lopez8670@mail.com,JP,2021-02-23,Premium,33464.79
8671,Jennifer Rodriguez,jennifer.rodriguez8671@mail.com,IN,2019-04-26,Premium,35488.35
8672,Linda Jones,linda.jones8672@shop.io,BR,2023-04-19,Standard,9471.50
8673,Barbara Brown,barbara.brown8673@shop.io,MX,2019-03-31,Basic,26872.40
8674,Susan Gonzalez,susan.gonzalez8674@example.com,FR,2019-08-02,Basic,15127.17
8675,Richard Davis,richard.davis8675@shop.io,JP,2020-01-18,Standard,23408.61
8676,Michael Martin,michael.martin8676@shop.io,JP,2019-08-27,Standard,33059.96
8677,Thomas Hernandez,thomas.hernandez8677@example.com,US,2023-03-20,Premium,27682.53
8678,Oliver Thompson,oliver.thompson8678@shop.io,FR,2023-09-13,Basic,35631.27
8679,Barbara Taylor,barbara.taylor8679@example.com,US,2024-06-29,Basic,40608.54
8680,Thomas Wilson,thomas.wilson8680@customer.net,MX,2019-10-22,Basic,48798.44
8681,Emma Hernandez,emma.hernandez8681@example.com,AU,2018-09-23,Standard,30855.49
8682,Elizabeth Taylor,elizabeth.taylor8682@customer.net,FR,2021-11-13,Basic,30407.25
8683,Barbara Rodriguez,barbara.rodriguez8683@mail.com,CA,2021-08-10,Premium,49570.77
8684,Elizabeth Martin,elizabeth.martin8684@customer.net,UK,2018-09-09,Standard,25023.49
8685,Charles Martin,charles.martin8685@customer.net,JP,2019-08-07,Premium,8119.08
8686,Ava Wilson,ava.wilson8686@shop.io,IN,2018-12-13,Standard,46722.66
8687,Linda Johnson,linda.johnson8687@example.com,DE,2023-07-28,Premium,6876.98
8688,Sophia Lopez,sophia.lopez8688@example.com,JP,2022-09-15,Basic,23571.47
8689,Ava Wilson,ava.wilson8689@mail.com,BR,2018-06-08,Standard,5502.72
8690,Barbara Davis,barbara.davis8690@customer.net,MX,2018-02-10,Premium,46539.19
8691,Thomas Williams,thomas.williams8691@mail.com,US,2023-08-02,Standard,43630.48
8692,Mary Smith,mary.smith8692@customer.net,MX,2024-12-05,Basic,4135.80
8693,Barbara Lopez,barbara.lopez8693@shop.io,MX,2020-06-16,Basic,44695.60
8694,Jennifer Jones,jennifer.jones8694@shop.io,CA,2021-07-29,Standard,47198.39
8695,David Garcia,david.garcia8695@mail.com,DE,2019-06-05,Premium,15254.99
8696,Sarah Martin,sarah.martin8696@shop.io,CA,2018-12-10,Premium,31132.86
8697,Sophia Jackson,sophia.jackson8697@shop.io,UK,2023-01-06,Standard,28244.03
8698,Michael Miller,michael.miller8698@example.com,FR,2024-03-09,Premium,15909.89
8699,Charles Hernandez,charles.hernandez8699@example.com,JP,2018-02-24,Standard,36926.60
8700,Oliver Wilson,oliver.wilson8700@shop.io,UK,2018-02-23,Standard,41128.88
8701,Michael Wilson,michael.wilson8701@example.com,UK,2019-07-29,Basic,42594.58
8702,Elizabeth Johnson,elizabeth.johnson8702@example.com,UK,2023-02-01,Premium,49076.95
8703,Oliver Gonzalez,oliver.gonzalez8703@mail.com,BR,2019-08-19,Premium,13842.21
8704,Robert Moore,robert.moore8704@customer.net,BR,2024-07-15,Basic,37909.76
8705,Charles Gonzalez,charles.gonzalez8705@mail.com,BR,2024-06-18,Premium,471.51
8706,Emma Garcia,emma.garcia8706@shop.io,US,2022-01-17,Premium,3828.41
8707,Barbara Johnson,barbara.johnson8707@shop.io,IN,2018-08-02,Basic,46790.58
8708,Noah Brown,noah.brown8708@example.com,DE,2025-04-27,Standard,2763.46
8709,Ava Moore,ava.moore8709@shop.io,BR,2024-05-12,Standard,16364.85
8710,Karen Moore,karen.moore8710@example.com,BR,2021-01-18,Standard,48070.40
8711,Karen Davis,karen.davis8711@customer.net,AU,2021-06-14,Standard,3562.25
8712,Sophia Garcia,sophia.garcia8712@customer.net,US,2022-03-07,Standard,25566.36
8713,Elizabeth Taylor,elizabeth.taylor8713@customer.net,US,2021-10-09,Standard,19090.09
8714,Linda Smith,linda.smith8714@example.com,AU,2022-05-27,Premium,29262.17
8715,Elizabeth Rodriguez,elizabeth.rodriguez8715@customer.net,UK,2022-01-17,Premium,42967.18
8716,Robert Perez,robert.perez8716@mail.com,AU,2018-08-04,Standard,19797.15
8717,Barbara Gonzalez,barbara.gonzalez8717@customer.net,US,2022-01-14,Premium,49227.10
8718,Karen Smith,karen.smith8718@shop.io,AU,2023-02-19,Standard,16558.47
8719,Sarah Jackson,sarah.jackson8719@mail.com,JP,2024-06-04,Basic,48371.58
8720,Charles Brown,charles.brown8720@shop.io,JP,2020-12-27,Premium,23137.29
8721,Charles Jackson,charles.jackson8721@example.com,FR,2021-08-26,Premium,4224.19
8722,Sophia Jackson,sophia.jackson8722@customer.net,US,2024-08-23,Premium,1442.64
8723,Joseph Wilson,joseph.wilson8723@shop.io,JP,2018-10-19,Standard,9445.86
8724,Oliver Lee,oliver.lee8724@mail.com,DE,2018-11-27,Premium,3806.06
8725,Emma Jackson,emma.jackson8725@example.com,DE,2022-11-25,Basic,20884.91
8726,Oliver Jones,oliver.jones8726@mail.com,JP,2023-01-18,Premium,49602.34
8727,Sarah Brown,sarah.brown8727@mail.com,FR,2018-01-31,Basic,45321.53
8728,Sarah Davis,sarah.davis8728@example.com,CA,2022-02-24,Premium,12569.54
8729,Sarah Smith,sarah.smith8729@mail.com,CA,2022-04-30,Premium,40030.15
8730,Noah Garcia,noah.garcia8730@customer.net,CA,2025-02-06,Premium,40175.77
8731,Susan Hernandez,susan.hernandez8731@customer.net,BR,2022-05-28,Standard,38044.56
8732,Mary Perez,mary.perez8732@shop.io,BR,2018-06-16,Premium,2576.07
8733,Barbara Moore,barbara.moore8733@shop.io,FR,2024-02-09,Premium,16448.55
8734,Barbara Johnson,barbara.johnson8734@example.com,AU,2021-01-09,Premium,34261.41
8735,Ava Hernandez,ava.hernandez8735@customer.net,BR,2019-03-13,Basic,31821.70
8736,Jessica Anderson,jessica.anderson8736@shop.io,MX,2019-03-13,Standard,44007.66
8737,Thomas Brown,thomas.brown8737@shop.io,UK,2021-04-23,Standard,21441.52
8738,John Martin,john.martin8738@shop.io,CA,2019-03-29,Standard,4750.84
8739,James Wilson,james.wilson8739@shop.io,IN,2019-08-03,Standard,19605.34
8740,Sarah Moore,sarah.moore8740@shop.io,CA,2021-07-08,Basic,16693.29
8741,Sophia Lee,sophia.lee8741@customer.net,FR,2023-08-01,Standard,21335.41
8742,Barbara Martin,barbara.martin8742@shop.io,MX,2024-09-21,Premium,8517.33
8743,Linda Rodriguez,linda.rodriguez8743@shop.io,DE,2020-08-12,Basic,5203.89
8744,Susan Garcia,susan.garcia8744@mail.com,IN,2022-10-24,Standard,25567.57
8745,Elizabeth Martin,elizabeth.martin8745@example.com,BR,2025-04-08,Standard,4925.03
8746,Richard Garcia,richard.garcia8746@mail.com,IN,2020-06-11,Basic,16824.06
8747,Mary Perez,mary.perez8747@shop.io,FR,2020-04-02,Premium,32947.20
8748,John Lee,john.lee8748@mail.com,UK,2020-03-17,Standard,21605.57
8749,Patricia Anderson,patricia.anderson8749@example.com,DE,2023-06-11,Basic,14547.52
8750,Michael Martinez,michael.martinez8750@shop.io,JP,2024-06-24,Premium,22336.17
8751,Noah Garcia,noah.garcia8751@mail.com,MX,2019-03-28,Standard,38206.35
8752,John Martin,john.martin8752@customer.net,BR,2019-10-20,Premium,17377.58
8753,Sarah Hernandez,sarah.hernandez8753@shop.io,FR,2019-05-08,Premium,31766.02
8754,Sophia Hernandez,sophia.hernandez8754@customer.net,CA,2018-03-03,Basic,22426.63
8755,Joseph Rodriguez,joseph.rodriguez8755@example.com,JP,2020-03-10,Basic,23885.98
8756,Charles Lee,charles.lee8756@customer.net,UK,2023-06-19,Standard,20425.58
8757,Joseph Thomas,joseph.thomas8757@example.com,IN,2019-05-26,Basic,44920.71
8758,Noah Martinez,noah.martinez8758@shop.io,DE,2021-09-08,Premium,4407.86
8759,Mary Martin,mary.martin8759@shop.io,CA,2021-09-29,Standard,3988.61
8760,Oliver Jones,oliver.jones8760@shop.io,UK,2022-02-20,Premium,25742.20
8761,Susan Davis,susan.davis8761@shop.io,BR,2020-10-25,Premium,3426.97
8762,Susan Williams,susan.williams8762@customer.net,US,2025-04-16,Basic,19093.65
8763,Karen Brown,karen.brown8763@shop.io,CA,2021-08-25,Premium,49966.58
8764,Jessica Thompson,jessica.thompson8764@shop.io,DE,2018-03-24,Premium,40968.01
8765,Richard Martin,richard.martin8765@example.com,CA,2022-11-19,Basic,5547.89
8766,Oliver Martinez,oliver.martinez8766@example.com,AU,2023-04-26,Premium,9470.67
8767,Susan Taylor,susan.taylor8767@shop.io,US,2024-12-10,Premium,10160.20
8768,John Lee,john.lee8768@customer.net,BR,2018-10-09,Premium,30970.48
8769,Jessica Brown,jessica.brown8769@shop.io,JP,2025-03-16,Premium,32883.66
8770,Elizabeth Lopez,elizabeth.lopez8770@example.com,CA,2024-07-15,Standard,5022.03
8771,Charles Thompson,charles.thompson8771@shop.io,AU,2023-12-20,Premium,27177.47
8772,Michael Gonzalez,michael.gonzalez8772@example.com,JP,2019-12-18,Basic,19762.75
8773,Noah Williams,noah.williams8773@example.com,BR,2020-11-19,Premium,44750.27
8774,Thomas Williams,thomas.williams8774@customer.net,BR,2021-06-27,Basic,7082.05
8775,Joseph Thompson,joseph.thompson8775@mail.com,FR,2025-04-25,Premium,41176.68
8776,Karen Johnson,karen.johnson8776@customer.net,US,2021-06-30,Basic,46858.14
8777,William Rodriguez,william.rodriguez8777@shop.io,US,2020-08-25,Premium,33183.56
8778,Richard Perez,richard.perez8778@example.com,CA,2022-01-04,Basic,36213.82
8779,Oliver Martin,oliver.martin8779@example.com,BR,2018-12-09,Basic,24022.47
8780,Michael Johnson,michael.johnson8780@example.com,DE,2023-07-13,Basic,41224.43
8781,Linda Thompson,linda.thompson8781@mail.com,JP,2020-01-21,Premium,10415.76
8782,Jessica Davis,jessica.davis8782@customer.net,MX,2021-08-20,Premium,13159.82
8783,Michael Jones,michael.jones8783@customer.net,US,2021-09-21,Basic,2498.85
8784,Joseph Davis,joseph.davis8784@shop.io,FR,2021-09-02,Premium,8298.83
8785,Sophia Perez,sophia.perez8785@shop.io,CA,2024-08-12,Premium,2715.85
8786,Sophia Lopez,sophia.lopez8786@mail.com,MX,2023-04-02,Premium,38466.48
8787,Barbara Brown,barbara.brown8787@mail.com,AU,2024-11-22,Basic,21773.74
8788,Robert Wilson,robert.wilson8788@example.com,IN,2018-09-11,Basic,1372.52
8789,Sarah Martin,sarah.martin8789@customer.net,DE,2023-03-29,Standard,44136.03
8790,Ava Hernandez,ava.hernandez8790@example.com,CA,2025-05-05,Basic,12193.55
8791,Richard Martinez,richard.martinez8791@example.com,UK,2024-10-26,Basic,42745.62
8792,Ava Miller,ava.miller8792@customer.net,AU,2022-09-16,Standard,35887.54
8793,Emma Garcia,emma.garcia8793@shop.io,CA,2019-12-11,Standard,2132.04
8794,Susan Jones,susan.jones8794@mail.com,DE,2020-02-15,Basic,13061.59
8795,Barbara Anderson,barbara.anderson8795@mail.com,BR,2025-04-01,Basic,16027.70
8796,Charles Martinez,charles.martinez8796@shop.io,BR,2024-05-04,Premium,7864.92
8797,John Lee,john.lee8797@customer.net,CA,2023-06-15,Standard,8879.47
8798,William Martin,,JP,2021-12-26,Standard,18374.26
8799,Patricia Garcia,patricia.garcia8799@shop.io,IN,2020-04-06,Basic,9488.05
8800,Jessica Wilson,jessica.wilson8800@customer.net,AU,2023-02-03,Premium,10587.77
8801,Noah Smith,noah.smith8801@example.com,DE,2019-06-07,Basic,3662.18
8802,Linda Lee,linda.lee8802@customer.net,AU,2020-05-11,Basic,38873.80
8803,William Garcia,william.garcia8803@example.com,CA,2021-03-22,Basic,25615.16
8804,David Martinez,david.martinez8804@shop.io,JP,2021-03-27,Basic,25373.37
8805,Ava Lee,ava.lee8805@mail.com,MX,2022-10-07,Basic,48532.14
8806,Sarah Thompson,sarah.thompson8806@mail.com,AU,2019-09-10,Standard,43392.93
8807,Michael Johnson,michael.johnson8807@mail.com,AU,2020-10-16,Standard,8726.68
8808,John Lopez,john.lopez8808@example.com,JP,2020-03-12,Basic,49251.16
8809,Richard Wilson,richard.wilson8809@example.com,IN,2023-12-22,Basic,28743.05
8810,Charles Thompson,charles.thompson8810@mail.com,CA,2023-04-11,Premium,48128.03
8811,Jessica Hernandez,jessica.hernandez8811@customer.net,UK,2018-03-12,Basic,2416.58
8812,John Johnson,john.johnson8812@mail.com,US,2019-10-27,Premium,44518.71
8813,Ava Jones,ava.jones8813@mail.com,MX,2021-10-17,Standard,5419.81
8814,Patricia Wilson,patricia.wilson8814@mail.com,DE,2020-02-22,Premium,27818.79
8815,William Brown,william.brown8815@shop.io,DE,2019-11-04,Standard,40960.06
8816,Emma Jones,emma.jones8816@customer.net,DE,2019-04-12,Standard,13277.69
8817,Michael Thomas,michael.thomas8817@example.com,AU,2025-03-31,Premium,13406.93
8818,Patricia Martin,patricia.martin8818@customer.net,JP,2024-02-05,Standard,24737.73
8819,Thomas Johnson,thomas.johnson8819@example.com,UK,2025-03-01,Standard,38101.62
8820,Patricia Miller,patricia.miller8820@mail.com,IN,2024-01-08,Standard,9391.53
8821,Jennifer Thompson,jennifer.thompson8821@customer.net,FR,2021-10-15,Standard,39675.52
8822,Susan Martin,susan.martin8822@example.com,FR,2020-02-27,Basic,19406.07
8823,Noah Jackson,noah.jackson8823@mail.com,UK,2018-05-24,Standard,22277.14
8824,Charles Anderson,charles.anderson8824@mail.com,DE,2020-03-31,Basic,27454.85
8825,Barbara Martinez,barbara.martinez8825@shop.io,AU,2019-07-18,Standard,48354.38
8826,Sarah Thomas,sarah.thomas8826@customer.net,DE,2025-01-24,Standard,429.19
8827,Jennifer Miller,jennifer.miller8827@shop.io,IN,2021-03-10,Premium,49373.53
8828,Charles Davis,charles.davis8828@example.com,MX,2024-11-11,Basic,26750.30
8829,Thomas Martin,thomas.martin8829@example.com,MX,2022-03-09,Premium,24136.97
8830,Sarah Wilson,sarah.wilson8830@customer.net,MX,2022-05-25,Basic,28614.50
8831,Charles Miller,charles.miller8831@example.com,MX,2025-03-31,Premium,44357.11
8832,Emma Jackson,emma.jackson8832@shop.io,BR,2023-02-28,Standard,19499.94
8833,Jennifer Davis,jennifer.davis8833@example.com,MX,2025-06-05,Premium,1902.23
8834,Elizabeth Williams,elizabeth.williams8834@shop.io,AU,2019-04-09,Standard,42419.51
8835,David Taylor,david.taylor8835@customer.net,FR,2023-01-30,Premium,16728.49
8836,Michael Garcia,michael.garcia8836@customer.net,US,2019-06-19,Basic,38781.43
8837,Charles Martin,charles.martin8837@customer.net,IN,2022-11-15,Basic,21694.66
8838,Sarah Lopez,sarah.lopez8838@shop.io,FR,2018-10-13,Premium,19321.93
8839,John Johnson,john.johnson8839@customer.net,AU,2018-12-12,Standard,35068.59
8840,William Anderson,william.anderson8840@mail.com,MX,2022-07-07,Basic,18246.74
8841,Elizabeth Miller,elizabeth.miller8841@example.com,US,2021-10-24,Standard,22003.47
8842,John Perez,john.perez8842@example.com,FR,2018-08-14,Basic,38649.73
8843,Joseph Hernandez,joseph.hernandez8843@customer.net,US,2024-04-01,Basic,27335.05
8844,Charles Hernandez,charles.hernandez8844@customer.net,MX,2023-01-23,Basic,9533.70
8845,David Taylor,david.taylor8845@shop.io,FR,2020-11-13,Premium,9498.19
8846,William Jackson,william.jackson8846@shop.io,AU,2019-11-16,Basic,5160.90
8847,Barbara Thompson,barbara.thompson8847@customer.net,US,2022-10-04,Premium,32170.55
8848,Sophia Smith,sophia.smith8848@example.com,BR,2018-07-02,Basic,13699.55
8849,Emma Jackson,emma.jackson8849@example.com,AU,2019-05-24,Standard,37283.24
8850,Elizabeth Smith,elizabeth.smith8850@shop.io,US,2024-04-06,Standard,811.73
8851,John Thompson,john.thompson8851@mail.com,CA,2023-05-17,Basic,13710.63
8852,Jennifer Martin,jennifer.martin8852@customer.net,FR,2022-08-26,Standard,3700.94
8853,Jennifer Garcia,jennifer.garcia8853@customer.net,CA,2023-01-27,Premium,16081.40
8854,William Thompson,william.thompson8854@mail.com,MX,2020-01-01,Standard,17094.54
8855,Karen Gonzalez,karen.gonzalez8855@example.com,CA,2019-06-03,Standard,1405.76
8856,John Anderson,john.anderson8856@shop.io,CA,2019-07-21,Standard,33667.49
8857,Charles Thompson,charles.thompson8857@customer.net,BR,2025-04-21,Standard,37598.28
8858,Jennifer Anderson,jennifer.anderson8858@customer.net,BR,2019-12-26,Premium,28462.69
8859,Sarah Lee,sarah.lee8859@example.com,DE,2019-09-17,Standard,39188.88
8860,Sophia Gonzalez,sophia.gonzalez8860@customer.net,UK,2020-11-29,Premium,38989.25
8861,Sarah Johnson,sarah.johnson8861@customer.net,US,2019-10-24,Premium,30438.22
8862,Joseph Jackson,joseph.jackson8862@example.com,MX,2022-11-19,Basic,12417.18
8863,Patricia Perez,patricia.perez8863@shop.io,MX,2018-11-14,Premium,23512.12
8864,Emma Miller,emma.miller8864@mail.com,UK,2022-12-07,Premium,6850.23
8865,Barbara Miller,barbara.miller8865@mail.com,JP,2024-09-17,Standard,185.04
8866,Richard Johnson,richard.johnson8866@shop.io,FR,2023-03-31,Standard,46059.39
8867,Sarah Anderson,sarah.anderson8867@mail.com,AU,2020-03-23,Standard,4412.19
8868,Robert Johnson,robert.johnson8868@example.com,AU,2020-08-01,Premium,11435.45
8869,James Miller,james.miller8869@mail.com,AU,2022-04-17,Basic,45645.13
8870,Susan Rodriguez,susan.rodriguez8870@customer.net,CA,2018-10-03,Premium,46205.58
8871,Linda Williams,linda.williams8871@example.com,AU,2019-01-10,Basic,20786.72
8872,Linda Martin,linda.martin8872@shop.io,BR,2021-05-18,Premium,7136.68
8873,Emma Wilson,emma.wilson8873@mail.com,UK,2022-02-16,Standard,44177.65
8874,James Jackson,james.jackson8874@example.com,FR,2025-03-14,Basic,47192.02
8875,Ava Jackson,ava.jackson8875@example.com,FR,2018-11-08,Standard,41065.91
8876,Emma Hernandez,emma.hernandez8876@mail.com,IN,2022-11-05,Standard,4489.12
8877,Richard Martinez,richard.martinez8877@customer.net,FR,2021-09-08,Premium,37369.75
8878,Elizabeth Hernandez,elizabeth.hernandez8878@mail.com,DE,2023-10-11,Basic,6870.06
8879,Robert Hernandez,robert.hernandez8879@mail.com,CA,2023-09-27,Basic,16117.63
8880,Jennifer Thompson,jennifer.thompson8880@customer.net,MX,2024-05-16,Premium,35630.45
8881,Karen Wilson,karen.wilson8881@shop.io,JP,2023-02-12,Standard,27534.07
8882,Emma Davis,emma.davis8882@shop.io,DE,2019-05-04,Basic,30410.46
8883,James Perez,james.perez8883@customer.net,CA,2018-01-27,Standard,14492.36
8884,Robert Miller,robert.miller8884@example.com,AU,2021-02-24,Premium,7862.64
8885,William Anderson,william.anderson8885@mail.com,US,2023-01-28,Standard,825.27
8886,Richard Miller,richard.miller8886@mail.com,JP,2025-02-11,Premium,47935.75
8887,Emma Rodriguez,emma.rodriguez8887@example.com,CA,2019-02-23,Premium,33820.49
8888,Robert Gonzalez,robert.gonzalez8888@customer.net,FR,2022-08-21,Standard,8439.87
8889,Robert Williams,robert.williams8889@mail.com,IN,2020-12-07,Basic,15733.25
8890,Elizabeth Miller,elizabeth.miller8890@customer.net,JP,2022-09-09,Basic,32428.87
8891,Sophia Thomas,sophia.thomas8891@customer.net,JP,2025-05-23,Standard,19554.49
8892,Emma Garcia,emma.garcia8892@customer.net,MX,2023-10-06,Standard,35491.87
8893,James Williams,,FR,2020-06-22,Premium,24460.49
8894,Sophia Moore,sophia.moore8894@mail.com,UK,2023-01-27,Premium,8633.68
8895,Susan Perez,susan.perez8895@customer.net,UK,2024-10-05,Basic,19301.89
8896,Elizabeth Martin,elizabeth.martin8896@shop.io,MX,2019-01-21,Basic,17656.54
8897,Elizabeth Anderson,elizabeth.anderson8897@shop.io,IN,2019-05-20,Standard,36976.91
8898,Michael Moore,michael.moore8898@shop.io,MX,2021-08-29,Basic,7596.68
8899,James Wilson,james.wilson8899@mail.com,DE,2023-08-18,Standard,28358.82
8900,Ava Gonzalez,ava.gonzalez8900@example.com,CA,2018-12-13,Premium,28323.92
8901,Richard Gonzalez,richard.gonzalez8901@example.com,AU,2024-11-24,Premium,31070.35
8902,Michael Garcia,michael.garcia8902@shop.io,JP,2023-12-02,Basic,2394.05
8903,Sarah Taylor,sarah.taylor8903@shop.io,US,2022-10-01,Basic,845.14
8904,Mary Thompson,mary.thompson8904@mail.com,CA,2023-05-31,Basic,41863.67
8905,Noah Williams,noah.williams8905@example.com,DE,2018-07-21,Premium,23490.73
8906,James Lee,james.lee8906@mail.com,FR,2023-12-04,Basic,40777.53
8907,Barbara Lee,barbara.lee8907@shop.io,UK,2019-07-25,Basic,31343.76
8908,Mary Anderson,mary.anderson8908@mail.com,DE,2020-03-17,Premium,39490.96
8909,Linda Lopez,linda.lopez8909@mail.com,FR,2020-07-07,Basic,27093.04
8910,Oliver Lopez,oliver.lopez8910@example.com,UK,2019-05-07,Premium,31361.10
8911,Karen Jackson,karen.jackson8911@customer.net,JP,2020-09-24,Basic,41202.94
8912,Joseph Martin,joseph.martin8912@mail.com,JP,2024-03-08,Standard,19562.08
8913,Joseph Moore,joseph.moore8913@mail.com,FR,2022-05-23,Premium,31777.32
8914,Ava Martinez,ava.martinez8914@mail.com,DE,2024-08-26,Standard,40509.38
8915,Sophia Wilson,sophia.wilson8915@shop.io,UK,2021-06-01,Standard,34346.30
8916,Thomas Gonzalez,thomas.gonzalez8916@shop.io,JP,2021-01-14,Premium,1279.55
8917,Richard Jones,richard.jones8917@example.com,IN,2023-12-03,Premium,15540.29
8918,Oliver Moore,oliver.moore8918@shop.io,MX,2024-11-21,Basic,6255.72
8919,Thomas Thompson,thomas.thompson8919@customer.net,DE,2018-07-26,Premium,42163.90
8920,Thomas Williams,thomas.williams8920@example.com,FR,2018-02-11,Premium,25934.21
8921,Linda Lee,linda.lee8921@mail.com,MX,2019-05-06,Standard,44931.58
8922,Charles Thompson,charles.thompson8922@example.com,UK,2025-02-05,Standard,29584.98
8923,Linda Miller,linda.miller8923@example.com,AU,2018-01-06,Standard,37676.78
8924,William Jackson,william.jackson8924@shop.io,US,2021-03-02,Standard,12028.45
8925,Jennifer Anderson,jennifer.anderson8925@example.com,MX,2019-11-12,Basic,27966.61
8926,Emma Smith,emma.smith8926@mail.com,BR,2021-02-24,Basic,13258.72
8927,Patricia Wilson,patricia.wilson8927@example.com,IN,2024-08-21,Premium,48949.64
8928,Susan Garcia,susan.garcia8928@shop.io,US,2023-10-30,Basic,26358.99
8929,David Brown,david.brown8929@customer.net,FR,2019-06-28,Premium,25346.21
8930,Michael Thomas,michael.thomas8930@example.com,AU,2023-06-01,Basic,33270.07
8931,John Johnson,john.johnson8931@mail.com,JP,2022-08-11,Premium,8843.10
8932,Noah Hernandez,noah.hernandez8932@shop.io,UK,2021-08-29,Premium,18070.21
8933,Sarah Miller,sarah.miller8933@shop.io,UK,2022-11-03,Premium,15809.56
8934,Thomas Williams,thomas.williams8934@example.com,IN,2021-03-04,Standard,35756.52
8935,Susan Taylor,susan.taylor8935@shop.io,JP,2019-03-12,Premium,8613.35
8936,Karen Johnson,karen.johnson8936@example.com,US,2019-12-30,Basic,32479.26
8937,David Taylor,david.taylor8937@shop.io,UK,2019-02-08,Basic,18445.16
8938,John Brown,john.brown8938@example.com,UK,2021-03-14,Standard,2377.53
8939,Michael Lopez,michael.lopez8939@mail.com,AU,2025-02-09,Basic,48586.18
8940,Thomas Garcia,thomas.garcia8940@example.com,UK,2021-01-13,Premium,26938.75
8941,Robert Thompson,robert.thompson8941@mail.com,AU,2022-10-23,Premium,40624.93
8942,Richard Thomas,richard.thomas8942@customer.net,IN,2018-07-20,Premium,22704.17
8943,Richard Moore,richard.moore8943@mail.com,JP,2023-12-06,Basic,27782.05
8944,William Anderson,william.anderson8944@customer.net,UK,2024-02-12,Premium,42702.86
8945,Michael Moore,michael.moore8945@mail.com,CA,2023-08-05,Basic,44918.17
8946,Noah Johnson,noah.johnson8946@shop.io,UK,2018-02-21,Basic,40920.93
8947,Noah Thompson,noah.thompson8947@shop.io,JP,2020-08-10,Premium,49493.93
8948,Sarah Smith,sarah.smith8948@mail.com,BR,2019-11-06,Premium,10856.99
8949,Ava Williams,ava.williams8949@shop.io,BR,2019-12-09,Standard,31490.56
8950,John Martinez,john.martinez8950@mail.com,US,2021-01-27,Standard,15525.78
8951,Charles Anderson,charles.anderson8951@shop.io,DE,2021-09-04,Basic,20693.66
8952,Elizabeth Jackson,elizabeth.jackson8952@example.com,US,2019-01-10,Basic,22634.45
8953,Thomas Martin,thomas.martin8953@mail.com,FR,2021-02-07,Standard,460.88
8954,William Brown,william.brown8954@shop.io,UK,2025-06-23,Premium,9985.58
8955,Mary Miller,mary.miller8955@example.com,JP,2022-05-13,Standard,3619.70
8956,James Gonzalez,james.gonzalez8956@example.com,IN,2022-07-05,Basic,36712.51
8957,Susan Martinez,susan.martinez8957@mail.com,US,2024-09-20,Basic,24488.54
8958,Thomas Martinez,thomas.martinez8958@example.com,BR,2019-03-09,Basic,19522.78
8959,Richard Martin,richard.martin8959@mail.com,FR,2021-02-24,Standard,44849.44
8960,Mary Hernandez,mary.hernandez8960@shop.io,JP,2019-08-06,Standard,24973.35
8961,Joseph Garcia,joseph.garcia8961@example.com,FR,2024-05-26,Standard,42687.48
8962,Emma Gonzalez,emma.gonzalez8962@mail.com,US,2024-07-15,Premium,20467.48
8963,Oliver Rodriguez,oliver.rodriguez8963@shop.io,UK,2023-05-09,Basic,35071.47
8964,Michael Williams,michael.williams8964@example.com,UK,2022-12-03,Premium,34967.90
8965,Richard Wilson,richard.wilson8965@customer.net,FR,2022-11-29,Premium,5083.52
8966,Sarah Lopez,sarah.lopez8966@mail.com,AU,2023-10-05,Standard,36359.63
8967,Sophia Lee,sophia.lee8967@example.com,CA,2023-05-26,Premium,38972.72
8968,Barbara Thompson,barbara.thompson8968@customer.net,UK,2019-10-13,Standard,15949.73
8969,Barbara Gonzalez,barbara.gonzalez8969@shop.io,UK,2022-10-21,Standard,19812.56
8970,Susan Anderson,susan.anderson8970@example.com,AU,2023-02-21,Premium,48559.77
8971,Patricia Jones,patricia.jones8971@example.com,JP,2018-03-15,Premium,26163.23
8972,Oliver Smith,oliver.smith8972@shop.io,BR,2024-05-10,Premium,38283.64
8973,Charles Wilson,charles.wilson8973@customer.net,MX,2020-01-31,Standard,9202.80
8974,Noah Hernandez,noah.hernandez8974@mail.com,AU,2023-03-01,Standard,4001.24
8975,James Thompson,james.thompson8975@mail.com,FR,2021-11-23,Basic,39925.06
8976,Thomas Lee,thomas.lee8976@shop.io,BR,2018-07-13,Basic,20947.78
8977,Thomas Wilson,thomas.wilson8977@mail.com,US,2020-11-01,Premium,14084.94
8978,Robert Garcia,robert.garcia8978@customer.net,BR,2022-03-11,Premium,6625.92
8979,Patricia Thompson,patricia.thompson8979@example.com,UK,2020-09-11,Premium,45061.10
8980,Sarah Jackson,sarah.jackson8980@mail.com,US,2024-05-03,Premium,14100.36
8981,Mary Davis,mary.davis8981@customer.net,IN,2021-11-12,Basic,15532.92
8982,Noah Perez,noah.perez8982@example.com,UK,2021-05-30,Premium,43794.33
8983,Susan Hernandez,susan.hernandez8983@example.com,DE,2021-12-12,Standard,27458.55
8984,Mary Perez,mary.perez8984@example.com,MX,2021-08-23,Basic,2909.69
8985,Oliver Anderson,oliver.anderson8985@example.com,CA,2022-05-21,Premium,19807.03
8986,John Martin,john.martin8986@example.com,BR,2020-03-01,Basic,21056.76
8987,William Taylor,william.taylor8987@mail.com,IN,2019-06-30,Standard,29378.83
8988,Susan Williams,susan.williams8988@customer.net,FR,2022-05-12,Standard,33621.26
8989,Jessica Williams,jessica.williams8989@customer.net,JP,2021-07-27,Premium,29926.54
8990,Ava Perez,ava.perez8990@shop.io,DE,2022-04-25,Basic,5053.53
8991,William Thompson,william.thompson8991@customer.net,BR,2024-02-08,Basic,4487.68
8992,Emma Rodriguez,emma.rodriguez8992@example.com,DE,2020-11-22,Standard,41637.73
8993,Joseph Thomas,joseph.thomas8993@example.com,AU,2018-06-06,Basic,40251.46
8994,Jessica Hernandez,jessica.hernandez8994@shop.io,US,2021-08-12,Standard,8235.54
8995,Elizabeth Moore,elizabeth.moore8995@example.com,BR,2024-01-08,Basic,32997.24
8996,Richard Anderson,richard.anderson8996@shop.io,US,2019-02-20,Premium,44368.60
8997,Patricia Jackson,patricia.jackson8997@mail.com,BR,2023-03-05,Premium,21968.07
8998,William Thompson,william.thompson8998@example.com,CA,2019-11-21,Premium,5151.50
8999,William Martin,william.martin8999@shop.io,FR,2024-03-11,Basic,8804.64
9000,Oliver Williams,oliver.williams9000@shop.io,US,2021-04-14,Standard,8927.25
9001,Jessica Moore,jessica.moore9001@customer.net,FR,2022-01-05,Standard,46356.73
9002,Jennifer Miller,jennifer.miller9002@customer.net,DE,2023-05-27,Premium,11706.84
9003,Thomas Perez,thomas.perez9003@example.com,FR,2021-06-06,Standard,38850.73
9004,Elizabeth Gonzalez,elizabeth.gonzalez9004@shop.io,FR,2020-01-02,Premium,48829.11
9005,Mary Martin,mary.martin9005@shop.io,CA,2024-09-28,Standard,28150.13
9006,Patricia Thomas,patricia.thomas9006@customer.net,FR,2018-08-23,Standard,28357.13
9007,James Jackson,james.jackson9007@example.com,MX,2024-11-06,Basic,46389.06
9008,Emma Lee,emma.lee9008@shop.io,IN,2023-01-01,Standard,3500.66
9009,James Martin,james.martin9009@shop.io,UK,2019-01-15,Premium,10847.77
9010,Barbara Gonzalez,barbara.gonzalez9010@mail.com,AU,2023-05-31,Basic,19951.99
9011,John Johnson,john.johnson9011@example.com,DE,2023-11-28,Premium,17387.82
9012,Sophia Jackson,sophia.jackson9012@shop.io,AU,2018-04-06,Premium,40226.95
9013,Sophia Rodriguez,sophia.rodriguez9013@shop.io,CA,2018-10-29,Standard,21379.19
9014,Sophia Gonzalez,sophia.gonzalez9014@mail.com,US,2022-03-14,Basic,22496.39
9015,Jennifer Thomas,jennifer.thomas9015@shop.io,IN,2019-09-26,Premium,1184.94
9016,Patricia Anderson,patricia.anderson9016@shop.io,BR,2024-05-16,Premium,41136.64
9017,Sarah Miller,sarah.miller9017@example.com,AU,2020-03-05,Standard,1558.98
9018,Noah Davis,noah.davis9018@customer.net,IN,2018-04-29,Basic,22874.10
9019,James Perez,james.perez9019@mail.com,DE,2021-02-17,Basic,49020.80
9020,Michael Jones,michael.jones9020@mail.com,JP,2023-05-27,Standard,21080.14
9021,Jessica Martin,jessica.martin9021@shop.io,IN,2022-05-09,Basic,16326.80
9022,Jennifer Rodriguez,jennifer.rodriguez9022@example.com,CA,2023-09-01,Standard,7894.84
9023,Emma Moore,emma.moore9023@example.com,JP,2022-12-13,Standard,23865.14
9024,Emma Martinez,emma.martinez9024@customer.net,AU,2023-12-10,Standard,33869.64
9025,Joseph Moore,joseph.moore9025@shop.io,IN,2021-05-10,Standard,4479.20
9026,Ava Jackson,ava.jackson9026@mail.com,CA,2019-07-18,Standard,28434.25
9027,William Gonzalez,william.gonzalez9027@mail.com,MX,2025-06-30,Basic,47638.65
9028,John Gonzalez,john.gonzalez9028@shop.io,DE,2020-01-22,Basic,26116.45
9029,Michael Hernandez,michael.hernandez9029@example.com,UK,2024-03-05,Standard,24079.09
9030,Richard Davis,richard.davis9030@shop.io,UK,2021-01-26,Standard,28033.49
9031,Jessica Perez,jessica.perez9031@customer.net,JP,2021-05-16,Standard,47044.03
9032,Sophia Miller,sophia.miller9032@customer.net,UK,2018-03-16,Premium,3458.96
9033,Sarah Anderson,sarah.anderson9033@mail.com,JP,2023-06-16,Basic,47452.90
9034,Mary Wilson,mary.wilson9034@customer.net,JP,2025-06-27,Basic,39158.92
9035,Noah Garcia,noah.garcia9035@example.com,AU,2018-05-05,Basic,41043.78
9036,David Thomas,,IN,2019-12-20,Premium,41163.98
9037,Richard Miller,richard.miller9037@shop.io,IN,2021-09-15,Premium,26610.43
9038,Richard Hernandez,richard.hernandez9038@example.com,AU,2020-08-11,Premium,6718.69
9039,Elizabeth Williams,elizabeth.williams9039@mail.com,BR,2019-05-29,Basic,30826.19
9040,Emma Thomas,emma.thomas9040@example.com,BR,2022-10-28,Basic,25499.30
9041,David Brown,david.brown9041@shop.io,IN,2022-08-06,Premium,39188.38
9042,Patricia Thomas,patricia.thomas9042@example.com,AU,2024-05-10,Premium,30742.72
9043,Joseph Johnson,joseph.johnson9043@example.com,AU,2022-02-22,Basic,43366.41
9044,Jennifer Gonzalez,jennifer.gonzalez9044@shop.io,UK,2019-07-02,Standard,49745.04
9045,Barbara Hernandez,barbara.hernandez9045@mail.com,MX,2022-01-19,Basic,24367.27
9046,Joseph Miller,joseph.miller9046@shop.io,UK,2022-04-03,Basic,12000.35
9047,James Garcia,james.garcia9047@mail.com,JP,2019-05-25,Premium,10794.21
9048,John Taylor,john.taylor9048@example.com,US,2019-08-10,Premium,37361.29
9049,Karen Taylor,karen.taylor9049@example.com,US,2023-12-26,Standard,22197.86
9050,Oliver Hernandez,oliver.hernandez9050@shop.io,AU,2023-01-04,Basic,24345.84
9051,Elizabeth Perez,elizabeth.perez9051@mail.com,DE,2024-04-14,Premium,11521.58
9052,Karen Williams,karen.williams9052@mail.com,DE,2025-06-06,Basic,49991.55
9053,Sarah Lee,sarah.lee9053@mail.com,IN,2022-05-18,Basic,40607.32
9054,William Martin,william.martin9054@mail.com,AU,2024-08-03,Basic,32092.62
9055,Thomas Rodriguez,thomas.rodriguez9055@customer.net,MX,2023-10-15,Standard,10395.09
9056,Charles Anderson,charles.anderson9056@shop.io,BR,2021-01-22,Standard,21406.88
9057,Jessica Brown,jessica.brown9057@mail.com,JP,2018-08-07,Basic,7267.42
9058,Elizabeth Gonzalez,elizabeth.gonzalez9058@shop.io,AU,2024-04-28,Basic,48874.72
9059,Noah Smith,noah.smith9059@example.com,IN,2022-06-24,Premium,28726.09
9060,Joseph Taylor,joseph.taylor9060@mail.com,US,2022-09-03,Premium,46103.66
9061,Susan Martinez,susan.martinez9061@customer.net,AU,2023-08-19,Basic,46107.84
9062,Charles Moore,charles.moore9062@customer.net,DE,2021-01-01,Standard,37981.34
9063,Richard Davis,richard.davis9063@example.com,DE,2023-12-11,Basic,14079.47
9064,Robert Perez,robert.perez9064@example.com,MX,2019-12-09,Standard,15355.19
9065,Linda Perez,linda.perez9065@example.com,MX,2023-10-14,Premium,34303.15
9066,Robert Jones,robert.jones9066@example.com,DE,2018-10-31,Standard,32825.65
9067,Robert Lee,robert.lee9067@shop.io,UK,2020-05-11,Standard,25530.44
9068,Mary Hernandez,mary.hernandez9068@shop.io,UK,2022-05-08,Basic,16662.40
9069,Linda Thomas,linda.thomas9069@example.com,US,2024-01-11,Standard,24958.12
9070,Barbara Williams,barbara.williams9070@example.com,US,2020-04-22,Premium,8005.31
9071,Noah Wilson,noah.wilson9071@example.com,JP,2020-09-17,Standard,38030.76
9072,Joseph Taylor,joseph.taylor9072@shop.io,FR,2019-10-21,Standard,23438.37
9073,William Moore,william.moore9073@shop.io,IN,2021-01-19,Basic,11039.96
9074,Sophia Johnson,sophia.johnson9074@mail.com,DE,2020-06-13,Premium,27283.46
9075,Oliver Lopez,oliver.lopez9075@shop.io,FR,2023-01-04,Basic,21790.00
9076,Jessica Davis,jessica.davis9076@example.com,AU,2024-02-23,Standard,26949.28
9077,John Martin,john.martin9077@customer.net,CA,2021-10-29,Basic,47992.24
9078,Susan Moore,susan.moore9078@mail.com,DE,2021-01-16,Premium,4749.39
9079,Robert Perez,robert.perez9079@example.com,DE,2021-12-28,Standard,47108.67
9080,Thomas Martin,thomas.martin9080@mail.com,MX,2019-11-21,Basic,10379.53
9081,Jessica Moore,jessica.moore9081@example.com,CA,2019-03-31,Premium,46164.41
9082,Sophia Hernandez,sophia.hernandez9082@customer.net,US,2025-06-08,Standard,22581.55
9083,Mary Anderson,mary.anderson9083@customer.net,MX,2025-04-24,Basic,9404.33
9084,Elizabeth Rodriguez,elizabeth.rodriguez9084@shop.io,CA,2023-04-05,Standard,32738.90
9085,Joseph Williams,joseph.williams9085@example.com,FR,2019-03-28,Standard,40432.68
9086,Ava Wilson,ava.wilson9086@customer.net,FR,2019-04-25,Basic,2170.47
9087,Elizabeth Garcia,elizabeth.garcia9087@customer.net,CA,2021-07-23,Basic,36287.81
9088,Susan Davis,susan.davis9088@shop.io,IN,2023-12-05,Standard,18621.97
9089,Michael Thompson,michael.thompson9089@example.com,US,2024-06-03,Premium,9699.57
9090,Barbara Moore,barbara.moore9090@shop.io,BR,2023-05-05,Premium,18962.86
9091,Oliver Garcia,oliver.garcia9091@customer.net,AU,2018-05-22,Premium,24594.70
9092,John Martin,john.martin9092@mail.com,IN,2021-06-06,Premium,5611.12
9093,James Garcia,james.garcia9093@mail.com,BR,2022-12-03,Premium,46474.43
9094,Thomas Moore,thomas.moore9094@example.com,JP,2020-10-18,Standard,48795.35
9095,Noah Thompson,noah.thompson9095@shop.io,MX,2023-07-15,Premium,19000.10
9096,Karen Hernandez,karen.hernandez9096@example.com,UK,2024-04-25,Standard,33185.16
9097,William Davis,william.davis9097@mail.com,AU,2022-08-23,Premium,9526.43
9098,David Smith,david.smith9098@mail.com,UK,2018-11-13,Premium,44145.26
9099,Thomas Thomas,thomas.thomas9099@example.com,US,2018-01-17,Premium,26925.35
9100,Robert Garcia,robert.garcia9100@mail.com,US,2022-01-10,Premium,6649.72
9101,Jennifer Johnson,jennifer.johnson9101@mail.com,MX,2022-01-11,Standard,49295.83
9102,Mary Taylor,mary.taylor9102@example.com,CA,2022-10-06,Standard,3637.11
9103,Joseph Brown,joseph.brown9103@example.com,UK,2021-03-17,Standard,43180.18
9104,Jennifer Rodriguez,jennifer.rodriguez9104@customer.net,AU,2024-05-04,Basic,36077.90
9105,Sophia Brown,sophia.brown9105@customer.net,FR,2024-05-14,Premium,39548.17
9106,Susan Hernandez,susan.hernandez9106@example.com,IN,2023-10-11,Basic,31516.38
9107,Thomas Lopez,thomas.lopez9107@customer.net,IN,2018-06-08,Premium,23295.74
9108,Michael Brown,michael.brown9108@customer.net,US,2020-09-04,Standard,2754.80
9109,Ava Martinez,ava.martinez9109@shop.io,US,2022-06-02,Premium,6419.53
9110,Joseph Johnson,joseph.johnson9110@shop.io,DE,2021-02-01,Premium,33085.72
9111,Susan Martin,susan.martin9111@shop.io,AU,2022-11-02,Standard,19141.42
9112,Susan Gonzalez,susan.gonzalez9112@customer.net,IN,2025-02-15,Basic,36628.53
9113,William Wilson,william.wilson9113@example.com,CA,2019-11-11,Basic,25300.86
9114,James Smith,james.smith9114@example.com,US,2019-03-26,Premium,38026.08
9115,Joseph Rodriguez,joseph.rodriguez9115@mail.com,JP,2023-09-23,Standard,24506.29
9116,Patricia Smith,patricia.smith9116@customer.net,FR,2023-09-11,Premium,9604.81
9117,Jennifer Jones,jennifer.jones9117@shop.io,BR,2020-07-02,Premium,24095.95
9118,Sophia Garcia,sophia.garcia9118@mail.com,FR,2020-08-21,Standard,16542.17
9119,Patricia Hernandez,patricia.hernandez9119@shop.io,UK,2023-04-13,Standard,20302.96
9120,Joseph Moore,joseph.moore9120@customer.net,IN,2018-11-18,Premium,34945.85
9121,Mary Johnson,mary.johnson9121@example.com,AU,2024-09-17,Premium,42637.31
9122,Patricia Taylor,patricia.taylor9122@customer.net,DE,2025-03-23,Basic,13479.68
9123,Karen Davis,karen.davis9123@mail.com,FR,2021-05-19,Basic,33269.20
9124,John Martinez,john.martinez9124@example.com,DE,2022-06-05,Basic,32143.08
9125,Richard Davis,richard.davis9125@example.com,AU,2021-11-24,Basic,17614.03
9126,Thomas Johnson,thomas.johnson9126@example.com,BR,2023-05-24,Standard,24963.98
9127,David Anderson,david.anderson9127@shop.io,UK,2020-05-18,Premium,25497.42
9128,Sophia Davis,sophia.davis9128@mail.com,FR,2023-07-05,Premium,33298.34
9129,Sarah Rodriguez,sarah.rodriguez9129@shop.io,CA,2022-05-09,Basic,46647.94
9130,David Smith,david.smith9130@example.com,FR,2025-01-28,Basic,4473.22
9131,Thomas Lopez,thomas.lopez9131@shop.io,UK,2024-02-28,Standard,8930.61
9132,Linda Garcia,linda.garcia9132@customer.net,CA,2021-08-16,Standard,2392.12
9133,Jessica Anderson,jessica.anderson9133@mail.com,FR,2023-06-19,Basic,1996.94
9134,Mary Wilson,mary.wilson9134@shop.io,FR,2022-07-04,Premium,17365.37
9135,Noah Jackson,noah.jackson9135@customer.net,UK,2020-01-24,Standard,28922.41
9136,John Lee,john.lee9136@example.com,BR,2019-10-01,Standard,8334.92
9137,Emma Thomas,emma.thomas9137@customer.net,AU,2022-09-10,Basic,29933.54
9138,Ava Martin,ava.martin9138@example.com,IN,2018-04-01,Standard,5879.85
9139,Susan Martin,susan.martin9139@customer.net,US,2024-11-06,Standard,19272.71
9140,Patricia Williams,patricia.williams9140@mail.com,BR,2024-06-22,Premium,43190.75
9141,Ava Smith,ava.smith9141@customer.net,AU,2023-08-21,Standard,15280.63
9142,Barbara Moore,barbara.moore9142@mail.com,US,2024-07-24,Standard,16156.60
9143,Michael Thompson,michael.thompson9143@customer.net,FR,2019-04-08,Standard,28954.83
9144,Robert Taylor,robert.taylor9144@customer.net,MX,2019-01-22,Basic,34333.56
9145,Patricia Perez,patricia.perez9145@customer.net,AU,2025-04-03,Standard,27319.00
9146,Michael Rodriguez,michael.rodriguez9146@shop.io,CA,2024-08-19,Standard,46820.91
9147,Oliver Perez,oliver.perez9147@mail.com,DE,2018-04-28,Standard,40479.79
9148,Sophia Jackson,sophia.jackson9148@mail.com,AU,2021-11-06,Basic,38712.53
9149,Mary Smith,mary.smith9149@mail.com,AU,2023-12-31,Premium,33226.87
9150,Ava Moore,ava.moore9150@customer.net,AU,2022-07-20,Basic,49293.35
9151,Linda Rodriguez,linda.rodriguez9151@shop.io,MX,2019-02-01,Basic,42851.52
9152,Mary Taylor,mary.taylor9152@shop.io,FR,2021-04-03,Basic,45749.44
9153,Linda Williams,linda.williams9153@mail.com,JP,2019-11-02,Standard,42298.59
9154,Joseph Taylor,joseph.taylor9154@mail.com,CA,2018-07-12,Standard,29188.98
9155,Oliver Lee,oliver.lee9155@mail.com,DE,2023-08-18,Premium,46949.41
9156,John Gonzalez,john.gonzalez9156@customer.net,UK,2023-07-05,Standard,33306.93
9157,Patricia Smith,patricia.smith9157@mail.com,CA,2018-06-28,Premium,2758.16
9158,Jessica Davis,jessica.davis9158@customer.net,UK,2023-08-03,Standard,16035.37
9159,Sophia Rodriguez,sophia.rodriguez9159@example.com,JP,2025-01-10,Basic,3411.00
9160,William Lee,william.lee9160@example.com,US,2018-09-12,Premium,37608.11
9161,John Davis,john.davis9161@mail.com,US,2025-02-27,Premium,36099.70
9162,William Moore,william.moore9162@example.com,CA,2018-02-02,Premium,4773.27
9163,Linda Lee,linda.lee9163@mail.com,UK,2021-12-26,Basic,31848.25
9164,Noah Williams,noah.williams9164@mail.com,JP,2023-07-09,Premium,13401.68
9165,Linda Lee,linda.lee9165@customer.net,IN,2021-03-29,Standard,18933.15
9166,Thomas Martinez,thomas.martinez9166@customer.net,BR,2024-06-06,Premium,18727.85
9167,Ava Lee,ava.lee9167@mail.com,FR,2022-06-15,Standard,31089.79
9168,Joseph Martinez,joseph.martinez9168@customer.net,US,2025-01-22,Basic,5302.94
9169,Thomas Anderson,thomas.anderson9169@example.com,MX,2020-01-29,Basic,33697.67
9170,Sophia Smith,sophia.smith9170@mail.com,FR,2023-11-09,Premium,42156.59
9171,Richard Lopez,richard.lopez9171@customer.net,UK,2024-05-09,Standard,26781.12
9172,Sophia Jackson,sophia.jackson9172@customer.net,BR,2018-10-16,Premium,18912.12
9173,Susan Perez,susan.perez9173@example.com,IN,2024-06-09,Basic,43628.06
9174,Noah Thompson,noah.thompson9174@customer.net,JP,2018-04-20,Basic,41947.18
9175,Emma Wilson,emma.wilson9175@customer.net,AU,2023-02-11,Standard,46323.52
9176,Noah Wilson,noah.wilson9176@shop.io,MX,2023-01-17,Standard,33214.03
9177,David Martin,david.martin9177@customer.net,JP,2022-11-12,Standard,10775.65
9178,Oliver Lee,oliver.lee9178@example.com,US,2023-03-09,Standard,1796.29
9179,Susan Taylor,susan.taylor9179@mail.com,FR,2025-05-09,Basic,12484.53
9180,Jessica Davis,jessica.davis9180@mail.com,MX,2020-09-05,Standard,23434.54
9181,Elizabeth Thompson,elizabeth.thompson9181@example.com,DE,2022-11-13,Standard,28163.22
9182,Richard Hernandez,richard.hernandez9182@customer.net,US,2023-01-04,Premium,32274.27
9183,Sarah Lopez,sarah.lopez9183@shop.io,IN,2018-01-13,Basic,37197.08
9184,Barbara Jones,barbara.jones9184@example.com,JP,2020-05-10,Premium,3428.81
9185,Michael Smith,michael.smith9185@shop.io,BR,2022-12-03,Basic,28066.87
9186,Jennifer Lee,jennifer.lee9186@example.com,DE,2019-10-03,Basic,32862.05
9187,Barbara Hernandez,barbara.hernandez9187@customer.net,IN,2024-12-08,Premium,2852.47
9188,Thomas Moore,thomas.moore9188@mail.com,JP,2018-05-11,Standard,29962.86
9189,Charles Williams,charles.williams9189@example.com,IN,2019-06-06,Premium,34280.92
9190,Emma Williams,emma.williams9190@shop.io,CA,2020-07-09,Standard,14750.74
9191,John Jackson,john.jackson9191@customer.net,CA,2023-02-04,Premium,31944.44
9192,Elizabeth Moore,elizabeth.moore9192@customer.net,JP,2019-05-24,Premium,35192.72
9193,Sophia Garcia,sophia.garcia9193@shop.io,MX,2023-12-05,Basic,15878.22
9194,Charles Gonzalez,charles.gonzalez9194@mail.com,CA,2020-04-07,Standard,18745.59
9195,Noah Johnson,noah.johnson9195@shop.io,UK,2022-09-07,Premium,31593.89
9196,Sophia Thompson,sophia.thompson9196@customer.net,JP,2020-01-02,Standard,640.72
9197,Karen Gonzalez,karen.gonzalez9197@mail.com,BR,2025-06-15,Standard,2934.64
9198,Ava Davis,ava.davis9198@mail.com,UK,2022-03-05,Standard,21249.92
9199,Mary Williams,mary.williams9199@example.com,BR,2023-03-21,Premium,23291.88
9200,James Rodriguez,james.rodriguez9200@shop.io,MX,2024-06-02,Basic,8019.01
9201,Mary Thomas,mary.thomas9201@example.com,BR,2024-10-27,Basic,46693.38
9202,James Jones,james.jones9202@mail.com,UK,2020-09-19,Premium,49619.73
9203,Charles Lee,charles.lee9203@customer.net,US,2021-07-06,Premium,9621.00
9204,Elizabeth Gonzalez,elizabeth.gonzalez9204@example.com,UK,2023-04-25,Premium,14838.66
9205,Jessica Thompson,jessica.thompson9205@shop.io,UK,2021-02-16,Standard,41787.23
9206,Barbara Lopez,barbara.lopez9206@shop.io,AU,2018-12-18,Premium,47920.85
9207,Michael Hernandez,michael.hernandez9207@shop.io,MX,2018-11-04,Standard,39711.27
9208,Sophia Martinez,sophia.martinez9208@example.com,AU,2025-05-10,Standard,20368.05
9209,James Thompson,james.thompson9209@mail.com,IN,2020-03-29,Premium,25675.29
9210,Ava Martinez,ava.martinez9210@customer.net,AU,2018-03-20,Premium,22378.10
9211,Elizabeth Rodriguez,elizabeth.rodriguez9211@mail.com,AU,2020-01-05,Standard,42375.68
9212,James Williams,james.williams9212@example.com,IN,2022-02-07,Premium,19941.14
9213,Joseph Smith,joseph.smith9213@customer.net,IN,2024-11-17,Standard,42224.30
9214,Emma Perez,emma.perez9214@customer.net,JP,2023-09-09,Basic,5044.31
9215,Michael Rodriguez,michael.rodriguez9215@example.com,CA,2021-11-02,Premium,13774.43
9216,William Moore,william.moore9216@customer.net,CA,2024-07-19,Premium,34285.33
9217,David Miller,david.miller9217@shop.io,US,2024-05-26,Premium,33465.77
9218,Michael Lopez,michael.lopez9218@example.com,BR,2021-02-09,Premium,47381.21
9219,Richard Miller,richard.miller9219@mail.com,MX,2020-11-20,Basic,36617.15
9220,Barbara Brown,barbara.brown9220@mail.com,DE,2023-02-10,Premium,2553.35
9221,Elizabeth Martin,elizabeth.martin9221@example.com,DE,2022-10-25,Standard,48964.53
9222,Linda Taylor,linda.taylor9222@shop.io,JP,2018-04-16,Basic,30539.57
9223,Patricia Jackson,patricia.jackson9223@mail.com,US,2022-01-24,Premium,46497.95
9224,Patricia Gonzalez,patricia.gonzalez9224@mail.com,FR,2024-05-09,Basic,36752.89
9225,Robert Perez,robert.perez9225@mail.com,IN,2019-06-05,Standard,29168.36
9226,Linda Jones,linda.jones9226@customer.net,AU,2023-06-29,Basic,39289.15
9227,Patricia Thompson,patricia.thompson9227@mail.com,CA,2024-06-08,Basic,5496.26
9228,Thomas Miller,thomas.miller9228@example.com,US,2022-10-18,Premium,43561.21
9229,Sophia Moore,sophia.moore9229@example.com,BR,2020-05-17,Basic,31167.55
9230,William Lopez,william.lopez9230@example.com,IN,2023-07-16,Basic,4555.13
9231,Joseph Gonzalez,joseph.gonzalez9231@example.com,MX,2022-11-24,Premium,24623.54
9232,John Brown,john.brown9232@customer.net,DE,2024-11-15,Premium,11933.53
9233,Ava Hernandez,ava.hernandez9233@example.com,FR,2020-05-08,Standard,10392.29
9234,Barbara Davis,barbara.davis9234@shop.io,IN,2019-11-18,Basic,37744.07
9235,Joseph Jones,joseph.jones9235@shop.io,AU,2025-02-08,Premium,38593.99
9236,Ava Thompson,ava.thompson9236@example.com,MX,2020-11-05,Premium,13396.29
9237,Joseph Perez,joseph.perez9237@customer.net,UK,2022-10-24,Basic,8373.02
9238,Oliver Martin,oliver.martin9238@mail.com,UK,2024-01-06,Basic,6516.41
9239,Elizabeth Gonzalez,elizabeth.gonzalez9239@mail.com,UK,2022-06-28,Premium,18832.19
9240,Karen Thomas,karen.thomas9240@example.com,FR,2023-11-13,Standard,42678.39
9241,Elizabeth Lee,elizabeth.lee9241@customer.net,FR,2019-08-03,Basic,8202.71
9242,Robert Jones,robert.jones9242@shop.io,DE,2022-11-08,Premium,22704.47
9243,Sarah Miller,sarah.miller9243@customer.net,BR,2018-11-18,Premium,17086.23
9244,Patricia Martinez,patricia.martinez9244@shop.io,DE,2023-11-06,Standard,47075.76
9245,Sarah Rodriguez,sarah.rodriguez9245@customer.net,AU,2024-11-07,Premium,13948.52
9246,Joseph Martinez,joseph.martinez9246@example.com,JP,2022-10-04,Standard,10820.01
9247,William Williams,william.williams9247@example.com,AU,2023-02-20,Basic,15047.40
9248,Noah Johnson,noah.johnson9248@customer.net,AU,2020-01-18,Standard,10924.66
9249,Charles Davis,charles.davis9249@mail.com,CA,2021-05-09,Standard,33171.60
9250,Sophia Davis,sophia.davis9250@shop.io,AU,2019-05-02,Basic,47532.11
9251,Barbara Hernandez,barbara.hernandez9251@example.com,BR,2025-04-24,Basic,30223.30
9252,Jessica Hernandez,jessica.hernandez9252@shop.io,JP,2019-07-13,Basic,27232.78
9253,Patricia Hernandez,patricia.hernandez9253@customer.net,US,2022-10-19,Standard,8978.58
9254,Ava Smith,ava.smith9254@example.com,IN,2019-12-11,Premium,1411.24
9255,Michael Perez,michael.perez9255@customer.net,JP,2019-05-27,Standard,30670.29
9256,Elizabeth Moore,elizabeth.moore9256@customer.net,DE,2021-02-28,Basic,12591.06
9257,Robert Wilson,robert.wilson9257@example.com,AU,2019-12-06,Basic,43587.86
9258,Oliver Perez,oliver.perez9258@mail.com,US,2021-08-14,Standard,27522.30
9259,Noah Johnson,noah.johnson9259@example.com,BR,2019-12-21,Premium,36255.89
9260,Emma Taylor,emma.taylor9260@example.com,MX,2023-08-17,Basic,44891.73
9261,Jennifer Johnson,jennifer.johnson9261@mail.com,AU,2019-12-26,Basic,5839.40
9262,Emma Thompson,emma.thompson9262@shop.io,DE,2020-03-11,Basic,17340.65
9263,William Thomas,william.thomas9263@example.com,FR,2018-07-23,Basic,7925.16
9264,Sophia Jackson,sophia.jackson9264@mail.com,MX,2024-07-04,Premium,8459.55
9265,John Smith,john.smith9265@example.com,DE,2019-11-25,Standard,29924.48
9266,Robert Lopez,robert.lopez9266@customer.net,MX,2024-05-26,Basic,45022.74
9267,Linda Hernandez,linda.hernandez9267@shop.io,FR,2019-11-23,Standard,39514.73
9268,Linda Garcia,linda.garcia9268@mail.com,CA,2018-07-21,Basic,321.58
9269,Emma Anderson,emma.anderson9269@customer.net,US,2018-02-21,Premium,24110.39
9270,Sarah Brown,sarah.brown9270@customer.net,UK,2021-11-22,Premium,44822.02
9271,Sarah Hernandez,sarah.hernandez9271@mail.com,CA,2022-04-11,Premium,25361.93
9272,Sarah Jackson,sarah.jackson9272@shop.io,MX,2019-10-25,Basic,2594.24
9273,David Brown,david.brown9273@shop.io,UK,2020-02-05,Premium,32341.21
9274,Thomas Wilson,thomas.wilson9274@customer.net,US,2018-03-30,Basic,29210.67
9275,Ava Anderson,ava.anderson9275@shop.io,MX,2021-02-23,Premium,5229.75
9276,Joseph Brown,joseph.brown9276@shop.io,MX,2018-09-13,Premium,20347.20
9277,Thomas Thomas,thomas.thomas9277@mail.com,JP,2019-05-31,Basic,17261.33
9278,Oliver Perez,oliver.perez9278@example.com,UK,2019-08-21,Standard,30149.77
9279,Susan Taylor,susan.taylor9279@shop.io,BR,2020-04-14,Standard,38027.65
9280,Ava Jones,ava.jones9280@customer.net,BR,2025-05-28,Standard,31472.52
9281,John Hernandez,john.hernandez9281@shop.io,DE,2024-05-11,Basic,38155.96
9282,David Perez,david.perez9282@shop.io,JP,2018-12-01,Basic,15170.78
9283,Oliver Lee,oliver.lee9283@customer.net,US,2018-07-02,Standard,49245.77
9284,Karen Williams,karen.williams9284@example.com,FR,2022-02-10,Premium,11025.43
9285,Linda Lopez,linda.lopez9285@mail.com,UK,2025-01-06,Standard,9059.06
9286,William Smith,william.smith9286@shop.io,UK,2022-03-08,Standard,26700.71
9287,Noah Moore,noah.moore9287@customer.net,IN,2020-10-11,Premium,49172.93
9288,Emma Rodriguez,emma.rodriguez9288@mail.com,BR,2023-03-25,Premium,18831.61
9289,John Hernandez,john.hernandez9289@shop.io,DE,2019-04-20,Premium,42219.59
9290,Ava Taylor,ava.taylor9290@shop.io,MX,2020-11-17,Basic,35502.57
9291,Patricia Martin,patricia.martin9291@mail.com,IN,2021-08-25,Basic,29074.84
9292,Patricia Thomas,patricia.thomas9292@mail.com,FR,2022-06-02,Basic,19560.43
9293,Elizabeth Moore,elizabeth.moore9293@example.com,CA,2020-07-02,Premium,10978.32
9294,Joseph Rodriguez,joseph.rodriguez9294@example.com,US,2019-01-16,Basic,27386.19
9295,Patricia Brown,patricia.brown9295@example.com,IN,2020-10-12,Basic,8314.87
9296,William Rodriguez,william.rodriguez9296@mail.com,DE,2022-04-24,Standard,38675.77
9297,Charles Hernandez,charles.hernandez9297@example.com,BR,2024-10-25,Basic,32851.08
9298,Patricia Lee,patricia.lee9298@customer.net,BR,2025-05-02,Basic,16583.89
9299,David Williams,david.williams9299@customer.net,MX,2019-04-07,Standard,14321.43
9300,Linda Gonzalez,linda.gonzalez9300@example.com,FR,2021-01-09,Standard,30162.23
9301,William Moore,william.moore9301@mail.com,US,2021-03-07,Basic,13712.47
9302,Thomas Johnson,thomas.johnson9302@example.com,US,2018-01-24,Standard,29369.21
9303,Richard Martin,richard.martin9303@example.com,MX,2024-01-04,Basic,10875.68
9304,Michael Williams,michael.williams9304@customer.net,JP,2024-08-09,Premium,19528.91
9305,Richard Martinez,richard.martinez9305@example.com,FR,2018-07-17,Standard,17414.54
9306,David Jackson,david.jackson9306@example.com,IN,2021-02-13,Premium,25843.02
9307,Mary Gonzalez,mary.gonzalez9307@customer.net,UK,2018-08-24,Basic,5317.41
9308,Karen Gonzalez,karen.gonzalez9308@shop.io,UK,2018-03-14,Standard,30304.92
9309,James Moore,james.moore9309@customer.net,AU,2020-05-31,Basic,24989.61
9310,Charles Rodriguez,charles.rodriguez9310@shop.io,AU,2023-12-24,Premium,29738.08
9311,John Taylor,john.taylor9311@shop.io,IN,2022-04-27,Basic,35868.96
9312,William Jackson,william.jackson9312@mail.com,CA,2023-03-09,Basic,5389.16
9313,Robert Wilson,robert.wilson9313@example.com,US,2023-04-05,Basic,46132.27
9314,Emma Moore,emma.moore9314@customer.net,FR,2019-12-22,Premium,4138.15
9315,Joseph Johnson,joseph.johnson9315@mail.com,US,2023-07-03,Basic,38847.93
9316,Patricia Anderson,patricia.anderson9316@customer.net,DE,2020-10-19,Basic,8722.82
9317,David Taylor,david.taylor9317@example.com,UK,2025-04-03,Basic,35864.99
9318,Karen Lee,karen.lee9318@example.com,DE,2022-12-07,Standard,20989.34
9319,Barbara Brown,barbara.brown9319@example.com,JP,2023-08-22,Standard,15621.80
9320,William Gonzalez,william.gonzalez9320@customer.net,IN,2018-03-21,Premium,12772.63
9321,Oliver Jones,oliver.jones9321@shop.io,MX,2022-12-23,Standard,15846.78
9322,John Garcia,john.garcia9322@shop.io,CA,2021-05-06,Standard,27298.65
9323,Joseph Jackson,joseph.jackson9323@shop.io,UK,2024-09-03,Standard,3281.94
9324,Charles Martin,charles.martin9324@example.com,UK,2025-05-24,Basic,13305.21
9325,Ava Jackson,ava.jackson9325@example.com,AU,2021-05-28,Basic,15104.91
9326,Charles Wilson,charles.wilson9326@mail.com,AU,2019-08-16,Premium,21108.09
9327,Linda Moore,linda.moore9327@customer.net,FR,2024-07-12,Basic,2502.87
9328,Richard Gonzalez,richard.gonzalez9328@customer.net,JP,2021-12-31,Basic,7671.98
9329,William Lee,william.lee9329@shop.io,DE,2018-02-27,Premium,5278.99
9330,Sophia Hernandez,sophia.hernandez9330@customer.net,MX,2024-08-28,Standard,551.84
9331,Barbara Moore,barbara.moore9331@example.com,UK,2019-06-21,Standard,18501.57
9332,Mary Thomas,mary.thomas9332@customer.net,BR,2020-08-15,Standard,11264.54
9333,Mary Perez,mary.perez9333@customer.net,BR,2018-07-19,Premium,28484.12
9334,Robert Anderson,robert.anderson9334@example.com,IN,2022-08-28,Premium,10395.23
9335,Karen Lee,karen.lee9335@mail.com,AU,2020-01-09,Standard,161.02
9336,Joseph Lee,joseph.lee9336@customer.net,DE,2022-09-03,Standard,16854.95
9337,John Miller,john.miller9337@mail.com,IN,2019-02-08,Premium,16839.77
9338,William Jones,william.jones9338@customer.net,US,2018-12-03,Basic,49365.89
9339,Sarah Jones,sarah.jones9339@mail.com,FR,2025-03-31,Premium,32217.78
9340,Mary Johnson,mary.johnson9340@mail.com,AU,2020-07-01,Premium,13843.03
9341,Noah Gonzalez,noah.gonzalez9341@customer.net,CA,2018-03-11,Standard,4785.18
9342,Sophia Thompson,sophia.thompson9342@shop.io,FR,2020-08-10,Premium,38032.69
9343,David Gonzalez,david.gonzalez9343@shop.io,BR,2020-06-19,Standard,42521.65
9344,Jennifer Moore,jennifer.moore9344@customer.net,AU,2020-03-02,Basic,5414.24
9345,Thomas Rodriguez,thomas.rodriguez9345@mail.com,FR,2022-04-01,Standard,28179.34
9346,Patricia Lopez,patricia.lopez9346@mail.com,MX,2022-08-27,Standard,18255.80
9347,Thomas Anderson,thomas.anderson9347@example.com,IN,2022-04-22,Premium,32508.27
9348,Michael Thompson,michael.thompson9348@example.com,FR,2019-06-28,Premium,4893.94
9349,Sophia Moore,sophia.moore9349@example.com,JP,2018-01-13,Premium,25643.63
9350,John Thompson,john.thompson9350@shop.io,AU,2023-06-28,Standard,48447.77
9351,Oliver Williams,oliver.williams9351@mail.com,AU,2019-02-16,Premium,5281.75
9352,Sarah Miller,sarah.miller9352@mail.com,CA,2018-03-04,Basic,3989.84
9353,Charles Thompson,charles.thompson9353@example.com,MX,2021-05-30,Standard,49689.81
9354,Ava Hernandez,ava.hernandez9354@shop.io,JP,2022-11-25,Basic,19472.26
9355,Charles Thompson,charles.thompson9355@customer.net,DE,2021-11-09,Premium,20607.71
9356,Patricia Brown,patricia.brown9356@customer.net,UK,2019-07-13,Premium,11484.92
9357,Barbara Thompson,barbara.thompson9357@customer.net,CA,2019-05-16,Basic,48977.65
9358,Joseph Hernandez,joseph.hernandez9358@customer.net,AU,2024-12-09,Basic,47223.42
9359,Michael Smith,michael.smith9359@example.com,DE,2020-01-28,Standard,48903.78
9360,Robert Davis,robert.davis9360@customer.net,UK,2022-07-07,Standard,15624.57
9361,Michael Perez,michael.perez9361@mail.com,AU,2018-12-13,Basic,31166.07
9362,Joseph Lee,joseph.lee9362@mail.com,UK,2018-09-28,Premium,15904.93
9363,Karen Garcia,karen.garcia9363@customer.net,US,2024-11-26,Basic,28962.69
9364,Noah Johnson,noah.johnson9364@customer.net,JP,2022-10-24,Basic,12907.53
9365,Mary Lee,mary.lee9365@example.com,UK,2023-08-05,Basic,43168.11
9366,Linda Williams,linda.williams9366@example.com,UK,2018-06-14,Basic,43433.26
9367,James Perez,james.perez9367@shop.io,IN,2018-05-27,Premium,41053.82
9368,Jennifer Lee,jennifer.lee9368@example.com,CA,2024-07-25,Standard,41419.78
9369,Susan Moore,susan.moore9369@customer.net,AU,2018-12-31,Premium,10091.78
9370,Karen Lopez,karen.lopez9370@mail.com,JP,2025-02-05,Premium,6859.28
9371,Sophia Thompson,sophia.thompson9371@mail.com,MX,2020-01-19,Basic,30060.94
9372,Jennifer Hernandez,jennifer.hernandez9372@mail.com,DE,2021-06-13,Standard,26487.35
9373,Sarah Smith,sarah.smith9373@customer.net,IN,2024-09-17,Basic,35571.75
9374,Barbara Anderson,barbara.anderson9374@customer.net,IN,2021-07-12,Standard,10745.58
9375,Barbara Martin,barbara.martin9375@mail.com,BR,2024-05-10,Premium,12889.95
9376,Linda Williams,linda.williams9376@mail.com,CA,2021-11-03,Basic,11899.24
9377,Joseph Rodriguez,joseph.rodriguez9377@example.com,UK,2022-07-22,Premium,36380.74
9378,William Perez,william.perez9378@customer.net,BR,2019-05-09,Basic,7990.90
9379,Jennifer Miller,jennifer.miller9379@shop.io,CA,2025-02-11,Basic,39936.21
9380,William Anderson,william.anderson9380@shop.io,BR,2021-05-29,Basic,17819.61
9381,Oliver Gonzalez,oliver.gonzalez9381@shop.io,CA,2021-09-07,Premium,35012.42
9382,Jennifer Brown,jennifer.brown9382@shop.io,JP,2019-07-30,Basic,37172.60
9383,John Rodriguez,john.rodriguez9383@mail.com,IN,2018-08-16,Standard,3304.36
9384,Michael Jackson,michael.jackson9384@example.com,CA,2020-08-17,Basic,6569.43
9385,Richard Martinez,richard.martinez9385@customer.net,UK,2019-06-26,Premium,36694.61
9386,Barbara Hernandez,barbara.hernandez9386@shop.io,AU,2025-02-24,Premium,44826.46
9387,Noah Jackson,noah.jackson9387@example.com,FR,2022-12-14,Premium,41959.32
9388,James Wilson,james.wilson9388@customer.net,JP,2025-02-28,Basic,10965.23
9389,Karen Perez,karen.perez9389@customer.net,BR,2018-04-19,Premium,42661.53
9390,Karen Miller,karen.miller9390@shop.io,IN,2024-04-09,Standard,8128.91
9391,Ava Thomas,ava.thomas9391@shop.io,FR,2024-04-25,Premium,40855.00
9392,John Perez,john.perez9392@mail.com,BR,2019-10-10,Basic,46748.92
9393,Charles Williams,charles.williams9393@mail.com,AU,2018-02-23,Standard,11887.88
9394,Thomas Martinez,thomas.martinez9394@shop.io,AU,2018-02-14,Standard,1936.65
9395,Thomas Brown,thomas.brown9395@shop.io,UK,2018-12-21,Standard,20784.03
9396,Joseph Taylor,,IN,2025-02-12,Standard,8135.89
9397,Jessica Thompson,jessica.thompson9397@customer.net,DE,2023-03-08,Basic,8939.86
9398,Linda Taylor,linda.taylor9398@example.com,CA,2021-01-07,Standard,20535.78
9399,Barbara Williams,barbara.williams9399@shop.io,MX,2024-10-03,Standard,17213.38
9400,Emma Johnson,emma.johnson9400@example.com,CA,2020-11-29,Standard,37504.64
9401,Linda Moore,linda.moore9401@shop.io,AU,2021-08-21,Standard,16748.81
9402,James Williams,james.williams9402@mail.com,DE,2019-07-27,Premium,45385.56
9403,Oliver Taylor,oliver.taylor9403@shop.io,BR,2019-02-15,Premium,4037.22
9404,Mary Lopez,mary.lopez9404@mail.com,US,2024-03-17,Basic,26067.99
9405,Ava Davis,ava.davis9405@example.com,MX,2019-09-15,Basic,46126.79
9406,Robert Thompson,robert.thompson9406@example.com,DE,2021-06-18,Premium,40489.68
9407,Susan Wilson,susan.wilson9407@customer.net,US,2022-07-13,Basic,10145.97
9408,Sarah Garcia,sarah.garcia9408@mail.com,IN,2022-08-02,Standard,14547.18
9409,Oliver Smith,oliver.smith9409@example.com,MX,2025-06-09,Standard,24438.17
9410,David Thompson,david.thompson9410@shop.io,MX,2025-05-21,Standard,9345.84
9411,Oliver Martin,oliver.martin9411@shop.io,MX,2018-03-16,Basic,5851.26
9412,John Miller,john.miller9412@shop.io,AU,2020-02-13,Premium,5996.43
9413,David Davis,david.davis9413@shop.io,FR,2022-11-04,Basic,12996.77
9414,Susan Jackson,susan.jackson9414@mail.com,JP,2018-09-10,Standard,23830.95
9415,David Wilson,david.wilson9415@shop.io,CA,2018-04-04,Premium,31528.75
9416,William Taylor,william.taylor9416@mail.com,DE,2019-05-05,Premium,31016.14
9417,William Hernandez,william.hernandez9417@customer.net,DE,2018-03-19,Standard,18811.44
9418,Linda Garcia,linda.garcia9418@example.com,IN,2025-04-11,Basic,42007.06
9419,Barbara Hernandez,barbara.hernandez9419@example.com,DE,2022-05-07,Basic,14328.55
9420,Barbara Smith,barbara.smith9420@shop.io,BR,2020-05-04,Basic,19651.53
9421,Joseph Garcia,joseph.garcia9421@mail.com,BR,2023-08-22,Standard,39107.37
9422,Charles Miller,charles.miller9422@mail.com,BR,2025-02-10,Basic,36569.42
9423,Ava Wilson,ava.wilson9423@customer.net,BR,2024-06-27,Basic,825.45
9424,James Gonzalez,james.gonzalez9424@shop.io,DE,2023-12-12,Standard,14326.32
9425,Elizabeth Miller,elizabeth.miller9425@example.com,AU,2019-12-17,Basic,10644.40
9426,Susan Brown,susan.brown9426@shop.io,UK,2022-11-06,Premium,32665.16
9427,James Anderson,james.anderson9427@mail.com,JP,2020-12-03,Basic,7051.18
9428,James Johnson,james.johnson9428@shop.io,US,2020-01-21,Basic,31064.77
9429,James Anderson,james.anderson9429@mail.com,MX,2022-12-19,Standard,36735.94
9430,Thomas Williams,thomas.williams9430@example.com,CA,2023-09-12,Standard,29326.34
9431,Barbara Martin,barbara.martin9431@example.com,AU,2020-12-22,Premium,44113.16
9432,Elizabeth Moore,elizabeth.moore9432@customer.net,BR,2021-03-03,Basic,2297.86
9433,Patricia Martinez,patricia.martinez9433@customer.net,UK,2020-12-02,Premium,34026.17
9434,Sophia Taylor,sophia.taylor9434@customer.net,JP,2024-06-18,Standard,42370.40
9435,John Hernandez,john.hernandez9435@customer.net,MX,2024-08-08,Premium,6776.66
9436,Patricia Lee,patricia.lee9436@mail.com,JP,2025-02-01,Basic,1790.15
9437,John Gonzalez,john.gonzalez9437@shop.io,US,2021-06-16,Basic,23936.64
9438,Richard Thompson,richard.thompson9438@mail.com,FR,2018-02-16,Basic,34610.10
9439,Charles Martinez,charles.martinez9439@customer.net,MX,2019-02-14,Standard,5213.50
9440,David Lee,david.lee9440@mail.com,BR,2021-05-21,Premium,23416.69
9441,Richard Thomas,richard.thomas9441@customer.net,CA,2019-02-24,Standard,16872.69
9442,Sophia Anderson,sophia.anderson9442@shop.io,IN,2022-03-17,Standard,27834.97
9443,Susan Miller,susan.miller9443@customer.net,UK,2022-03-28,Standard,11904.00
9444,John Lee,john.lee9444@example.com,UK,2022-07-17,Basic,18515.79
9445,Barbara Jones,barbara.jones9445@shop.io,UK,2023-07-18,Premium,21570.84
9446,Jessica Martinez,jessica.martinez9446@customer.net,BR,2019-11-03,Standard,20397.79
9447,Linda Rodriguez,linda.rodriguez9447@mail.com,DE,2021-08-22,Premium,602.41
9448,John Smith,john.smith9448@mail.com,BR,2023-11-14,Premium,34711.95
9449,William Jackson,william.jackson9449@example.com,CA,2018-11-10,Premium,4333.43
9450,Noah Jones,noah.jones9450@example.com,UK,2025-04-03,Standard,40631.08
9451,Joseph Rodriguez,joseph.rodriguez9451@example.com,AU,2023-04-30,Basic,21866.01
9452,Charles Rodriguez,charles.rodriguez9452@mail.com,FR,2023-08-13,Premium,9386.29
9453,John Garcia,john.garcia9453@shop.io,AU,2024-01-17,Premium,13206.21
9454,Sophia Thomas,sophia.thomas9454@example.com,BR,2018-04-13,Basic,24952.78
9455,Charles Garcia,charles.garcia9455@customer.net,BR,2025-03-21,Standard,22485.86
9456,Noah Miller,noah.miller9456@customer.net,CA,2019-11-02,Standard,13798.13
9457,Oliver Martinez,oliver.martinez9457@customer.net,US,2019-12-07,Standard,31263.67
9458,Patricia Lee,patricia.lee9458@shop.io,CA,2022-06-21,Standard,21875.00
9459,Emma Jones,emma.jones9459@example.com,JP,2019-12-15,Basic,23009.72
9460,Robert Davis,robert.davis9460@example.com,BR,2025-04-08,Standard,48819.96
9461,Thomas Wilson,thomas.wilson9461@mail.com,FR,2021-05-24,Basic,13904.41
9462,Linda Jackson,linda.jackson9462@customer.net,AU,2018-07-11,Basic,8702.23
9463,Emma Smith,emma.smith9463@mail.com,BR,2021-08-12,Standard,35052.68
9464,Karen Taylor,karen.taylor9464@example.com,DE,2024-03-31,Standard,13997.26
9465,Robert Anderson,robert.anderson9465@mail.com,IN,2019-06-25,Basic,18988.93
9466,Ava Rodriguez,ava.rodriguez9466@shop.io,UK,2021-04-16,Standard,30013.37
9467,William Martinez,william.martinez9467@customer.net,AU,2018-12-02,Standard,11798.39
9468,Jessica Lee,jessica.lee9468@mail.com,IN,2025-02-26,Premium,41841.43
9469,Susan Smith,susan.smith9469@mail.com,FR,2023-10-21,Premium,667.80
9470,Oliver Smith,oliver.smith9470@example.com,DE,2024-08-30,Standard,26863.08
9471,Susan Lee,susan.lee9471@customer.net,BR,2019-07-24,Basic,13478.01
9472,David Lee,david.lee9472@shop.io,FR,2018-01-20,Basic,7457.47
9473,Jennifer Garcia,jennifer.garcia9473@example.com,DE,2023-10-07,Basic,5264.36
9474,Karen Smith,karen.smith9474@mail.com,AU,2024-01-07,Premium,38701.97
9475,Jennifer Thompson,jennifer.thompson9475@mail.com,FR,2019-11-13,Standard,7267.52
9476,Elizabeth Rodriguez,elizabeth.rodriguez9476@mail.com,CA,2018-10-20,Standard,42497.99
9477,Thomas Miller,thomas.miller9477@example.com,CA,2024-02-04,Basic,32444.71
9478,William Moore,william.moore9478@mail.com,DE,2020-05-29,Basic,47782.67
9479,Robert Garcia,robert.garcia9479@shop.io,IN,2022-06-07,Premium,30125.75
9480,Charles Anderson,charles.anderson9480@example.com,US,2023-09-14,Basic,4780.85
9481,Thomas Gonzalez,thomas.gonzalez9481@mail.com,DE,2019-03-31,Premium,32194.28
9482,Joseph Thompson,,DE,2018-11-27,Standard,17302.51
9483,Barbara Martinez,barbara.martinez9483@shop.io,JP,2019-06-22,Premium,23956.00
9484,Ava Johnson,ava.johnson9484@shop.io,BR,2024-11-05,Basic,31886.94
9485,Jessica Rodriguez,jessica.rodriguez9485@shop.io,DE,2019-12-19,Basic,17227.48
9486,Oliver Anderson,oliver.anderson9486@mail.com,US,2020-06-13,Standard,12727.99
9487,Barbara Lee,barbara.lee9487@example.com,BR,2020-05-18,Standard,42008.14
9488,Linda Jones,linda.jones9488@example.com,US,2022-06-28,Basic,321.12
9489,Emma Moore,emma.moore9489@mail.com,US,2025-03-02,Standard,24426.82
9490,Susan Perez,susan.perez9490@customer.net,JP,2022-01-28,Basic,17850.87
9491,Thomas Anderson,thomas.anderson9491@customer.net,UK,2021-07-23,Standard,42040.19
9492,Linda Davis,linda.davis9492@shop.io,FR,2023-08-17,Premium,24990.96
9493,Charles Johnson,charles.johnson9493@mail.com,FR,2023-12-28,Basic,46519.43
9494,Noah Jackson,noah.jackson9494@shop.io,US,2021-08-30,Standard,29747.73
9495,Elizabeth Perez,elizabeth.perez9495@customer.net,IN,2019-03-06,Basic,8521.58
9496,Noah Taylor,noah.taylor9496@example.com,DE,2018-06-29,Standard,30319.48
9497,Richard Jones,richard.jones9497@shop.io,BR,2018-05-28,Basic,39898.75
9498,Barbara Garcia,barbara.garcia9498@mail.com,CA,2025-05-15,Premium,37743.08
9499,David Wilson,david.wilson9499@example.com,JP,2020-10-02,Standard,7646.26
9500,John Thomas,john.thomas9500@example.com,UK,2019-04-06,Standard,16126.84
9501,David Hernandez,david.hernandez9501@customer.net,JP,2023-02-26,Standard,24047.84
9502,Barbara Brown,barbara.brown9502@example.com,IN,2023-01-31,Basic,15252.89
9503,Elizabeth Rodriguez,elizabeth.rodriguez9503@example.com,JP,2019-05-25,Basic,19988.34
9504,Emma Thomas,emma.thomas9504@example.com,FR,2018-03-16,Premium,48856.08
9505,Sophia Jackson,sophia.jackson9505@mail.com,FR,2018-01-08,Premium,28046.96
9506,Linda Martinez,linda.martinez9506@example.com,BR,2023-05-20,Premium,38991.95
9507,Ava Hernandez,ava.hernandez9507@example.com,FR,2024-12-02,Basic,9786.56
9508,Sophia Davis,sophia.davis9508@example.com,FR,2022-02-21,Standard,10369.27
9509,Linda Anderson,linda.anderson9509@mail.com,UK,2019-09-11,Basic,28602.73
9510,Ava Smith,ava.smith9510@shop.io,BR,2023-10-10,Basic,42922.01
9511,Noah Moore,noah.moore9511@example.com,MX,2024-01-26,Standard,35118.24
9512,Charles Jackson,charles.jackson9512@customer.net,FR,2019-07-20,Basic,8952.98
9513,Charles Jones,charles.jones9513@customer.net,BR,2018-06-09,Basic,29562.78
9514,Thomas Davis,thomas.davis9514@customer.net,FR,2024-06-25,Premium,31490.81
9515,Susan Garcia,susan.garcia9515@example.com,CA,2022-10-23,Standard,28133.52
9516,Michael Johnson,michael.johnson9516@mail.com,BR,2018-09-18,Standard,28982.12
9517,Charles Rodriguez,charles.rodriguez9517@customer.net,JP,2018-06-10,Standard,32486.73
9518,Ava Martin,ava.martin9518@customer.net,CA,2021-01-21,Standard,29371.58
9519,Patricia Moore,patricia.moore9519@shop.io,UK,2018-06-23,Premium,17218.11
9520,Oliver Garcia,oliver.garcia9520@customer.net,DE,2021-08-15,Standard,44404.50
9521,Linda Smith,linda.smith9521@example.com,BR,2018-07-10,Basic,24767.00
9522,David Taylor,david.taylor9522@shop.io,DE,2020-07-07,Premium,6648.13
9523,Emma Thomas,emma.thomas9523@mail.com,JP,2022-03-06,Premium,5820.48
9524,Barbara Garcia,barbara.garcia9524@customer.net,DE,2020-09-15,Premium,43277.53
9525,Ava Rodriguez,ava.rodriguez9525@mail.com,CA,2018-10-05,Basic,19366.33
9526,Linda Moore,linda.moore9526@mail.com,IN,2023-03-08,Standard,37878.92
9527,Charles Anderson,charles.anderson9527@mail.com,JP,2022-12-11,Standard,5569.01
9528,Charles Taylor,charles.taylor9528@shop.io,IN,2018-04-19,Standard,9515.71
9529,Elizabeth Gonzalez,elizabeth.gonzalez9529@shop.io,JP,2021-03-19,Premium,30726.36
9530,Sarah Davis,sarah.davis9530@shop.io,BR,2022-11-24,Basic,29813.57
9531,Jessica Brown,jessica.brown9531@customer.net,CA,2022-06-29,Premium,30750.99
9532,Charles Williams,charles.williams9532@customer.net,JP,2020-03-01,Standard,38449.44
9533,David Davis,david.davis9533@example.com,BR,2018-09-21,Premium,39126.60
9534,James Johnson,james.johnson9534@customer.net,JP,2024-01-23,Premium,48637.69
9535,Patricia Taylor,patricia.taylor9535@mail.com,IN,2020-04-12,Standard,32004.50
9536,John Jackson,john.jackson9536@customer.net,US,2020-05-01,Premium,9379.90
9537,Mary Taylor,mary.taylor9537@example.com,MX,2020-03-25,Premium,31286.75
9538,Robert Garcia,robert.garcia9538@customer.net,CA,2025-04-10,Standard,43694.70
9539,William Perez,william.perez9539@shop.io,CA,2021-03-05,Standard,47365.29
9540,Joseph Taylor,joseph.taylor9540@customer.net,MX,2019-12-17,Standard,14206.24
9541,Joseph Perez,joseph.perez9541@customer.net,UK,2023-02-10,Standard,1284.08
9542,Richard Moore,richard.moore9542@customer.net,JP,2024-05-17,Basic,37310.20
9543,Robert Smith,robert.smith9543@customer.net,UK,2020-06-14,Standard,21510.66
9544,Sarah Garcia,sarah.garcia9544@mail.com,JP,2022-03-20,Premium,41127.31
9545,Robert Hernandez,robert.hernandez9545@mail.com,US,2024-02-09,Standard,25937.71
9546,Sophia Thomas,sophia.thomas9546@example.com,MX,2018-10-14,Premium,25065.10
9547,John Garcia,john.garcia9547@example.com,DE,2022-07-21,Premium,15871.79
9548,Ava Moore,ava.moore9548@example.com,AU,2022-11-15,Standard,3840.70
9549,Jennifer Gonzalez,jennifer.gonzalez9549@mail.com,DE,2021-08-22,Basic,5198.11
9550,Michael Miller,michael.miller9550@shop.io,IN,2019-06-19,Basic,43275.15
9551,Elizabeth Davis,elizabeth.davis9551@customer.net,DE,2024-01-26,Premium,44179.41
9552,Thomas Rodriguez,thomas.rodriguez9552@example.com,UK,2019-11-19,Standard,44298.83
9553,Robert Johnson,robert.johnson9553@example.com,CA,2020-10-02,Premium,2423.74
9554,John Moore,john.moore9554@mail.com,BR,2025-04-15,Premium,7758.74
9555,Jessica Martin,jessica.martin9555@customer.net,IN,2022-11-01,Basic,23377.82
9556,Michael Smith,michael.smith9556@mail.com,UK,2023-07-01,Premium,29877.31
9557,William Johnson,william.johnson9557@mail.com,JP,2021-12-05,Premium,10734.64
9558,Susan Perez,susan.perez9558@shop.io,BR,2019-04-06,Standard,36865.17
9559,Patricia Thompson,patricia.thompson9559@customer.net,JP,2024-04-26,Basic,42921.03
9560,Patricia Moore,patricia.moore9560@shop.io,AU,2018-10-07,Basic,7752.86
9561,Thomas Rodriguez,thomas.rodriguez9561@customer.net,AU,2020-10-19,Basic,16865.28
9562,Charles Rodriguez,charles.rodriguez9562@example.com,AU,2022-07-10,Basic,14572.50
9563,Oliver Lopez,oliver.lopez9563@mail.com,CA,2018-08-12,Premium,2445.75
9564,Joseph Lopez,joseph.lopez9564@mail.com,BR,2023-01-29,Basic,40716.21
9565,Karen Martin,karen.martin9565@customer.net,DE,2019-07-25,Standard,23682.56
9566,Noah Perez,noah.perez9566@shop.io,US,2019-06-12,Premium,16882.69
9567,Linda Thompson,linda.thompson9567@example.com,DE,2020-01-27,Standard,8520.23
9568,William Martinez,william.martinez9568@shop.io,AU,2025-01-04,Premium,12438.93
9569,James Anderson,james.anderson9569@shop.io,BR,2019-06-27,Standard,12643.13
9570,Susan Thomas,susan.thomas9570@customer.net,DE,2020-08-31,Basic,18820.61
9571,Oliver Thomas,oliver.thomas9571@mail.com,MX,2018-02-14,Standard,16035.12
9572,John Wilson,john.wilson9572@mail.com,BR,2018-01-19,Standard,21368.01
9573,Richard Thomas,richard.thomas9573@shop.io,US,2024-10-29,Basic,28959.56
9574,Mary Anderson,mary.anderson9574@mail.com,JP,2019-07-12,Premium,30902.08
9575,Noah Brown,noah.brown9575@customer.net,IN,2021-01-28,Basic,849.29
9576,Richard Williams,richard.williams9576@shop.io,AU,2021-05-28,Standard,1366.40
9577,Ava Garcia,ava.garcia9577@example.com,MX,2022-01-23,Standard,16710.33
9578,Oliver Hernandez,oliver.hernandez9578@shop.io,BR,2021-05-16,Premium,49046.66
9579,William Jackson,william.jackson9579@mail.com,DE,2024-01-12,Premium,41869.89
9580,Ava Gonzalez,ava.gonzalez9580@example.com,DE,2019-07-07,Basic,11781.61
9581,Barbara Williams,barbara.williams9581@example.com,JP,2021-05-14,Basic,31773.61
9582,Michael Wilson,michael.wilson9582@mail.com,BR,2018-07-09,Standard,26990.37
9583,Richard Johnson,richard.johnson9583@customer.net,US,2025-05-31,Standard,11520.10
9584,Oliver Thompson,oliver.thompson9584@example.com,JP,2022-03-15,Basic,9653.91
9585,Joseph Garcia,joseph.garcia9585@customer.net,UK,2018-05-17,Basic,33699.68
9586,William Hernandez,william.hernandez9586@customer.net,FR,2025-03-26,Premium,37799.45
9587,William Anderson,william.anderson9587@customer.net,UK,2020-01-06,Standard,16853.74
9588,Thomas Moore,thomas.moore9588@customer.net,AU,2021-10-04,Basic,40735.44
9589,Michael Thomas,michael.thomas9589@customer.net,BR,2023-09-27,Premium,21350.15
9590,Susan Taylor,susan.taylor9590@example.com,MX,2022-07-16,Standard,3994.68
9591,Charles Moore,charles.moore9591@customer.net,CA,2025-03-22,Standard,35289.34
9592,Michael Garcia,michael.garcia9592@example.com,JP,2025-03-08,Standard,49706.40
9593,Sophia Hernandez,sophia.hernandez9593@shop.io,AU,2023-03-05,Standard,44779.37
9594,Oliver Anderson,oliver.anderson9594@example.com,IN,2018-06-12,Basic,38517.86
9595,David Hernandez,david.hernandez9595@mail.com,CA,2024-01-23,Standard,43105.22
9596,Elizabeth Davis,elizabeth.davis9596@mail.com,JP,2022-02-04,Standard,4206.81
9597,John Hernandez,john.hernandez9597@customer.net,AU,2019-09-08,Standard,22751.75
9598,John Lee,john.lee9598@shop.io,IN,2019-10-25,Standard,20107.55
9599,Sophia Martin,sophia.martin9599@example.com,BR,2018-08-21,Standard,6376.66
9600,Charles Jones,charles.jones9600@example.com,US,2024-04-05,Standard,12816.62
9601,Linda Brown,linda.brown9601@customer.net,CA,2022-08-03,Premium,20046.28
9602,Oliver Gonzalez,oliver.gonzalez9602@shop.io,MX,2020-04-03,Premium,12013.82
9603,David Hernandez,david.hernandez9603@mail.com,BR,2023-11-03,Premium,36311.73
9604,Linda Davis,linda.davis9604@example.com,CA,2024-07-09,Premium,32577.96
9605,Barbara Martinez,barbara.martinez9605@shop.io,MX,2019-11-06,Basic,40077.83
9606,Emma Garcia,emma.garcia9606@example.com,IN,2022-10-26,Standard,16161.38
9607,William Thomas,william.thomas9607@customer.net,UK,2018-05-24,Basic,1161.37
9608,Robert Moore,robert.moore9608@example.com,US,2018-06-10,Premium,10340.72
9609,Jennifer Wilson,jennifer.wilson9609@customer.net,IN,2019-01-04,Standard,28080.25
9610,Thomas Thompson,thomas.thompson9610@customer.net,CA,2021-06-17,Basic,31284.81
9611,Ava Jackson,ava.jackson9611@example.com,IN,2019-08-12,Standard,34769.64
9612,Sophia Wilson,sophia.wilson9612@shop.io,US,2019-08-29,Basic,30484.79
9613,Elizabeth Garcia,elizabeth.garcia9613@shop.io,US,2018-12-15,Premium,6742.28
9614,Charles Brown,charles.brown9614@shop.io,FR,2022-02-18,Premium,22879.61
9615,Charles Garcia,charles.garcia9615@customer.net,UK,2024-08-23,Standard,43228.83
9616,Noah Gonzalez,noah.gonzalez9616@example.com,IN,2019-11-16,Standard,6901.25
9617,Sophia Miller,sophia.miller9617@mail.com,BR,2018-04-12,Premium,41026.57
9618,Mary Thomas,mary.thomas9618@example.com,UK,2022-12-02,Standard,37749.69
9619,Elizabeth Martinez,elizabeth.martinez9619@customer.net,US,2024-01-18,Premium,14871.32
9620,Sarah Gonzalez,sarah.gonzalez9620@shop.io,MX,2019-04-25,Standard,37193.93
9621,James Anderson,james.anderson9621@mail.com,UK,2019-06-25,Premium,11209.22
9622,David Perez,david.perez9622@mail.com,CA,2024-09-17,Standard,18928.06
9623,Patricia Thomas,patricia.thomas9623@shop.io,UK,2025-02-27,Premium,42001.25
9624,Emma Davis,emma.davis9624@customer.net,AU,2019-03-05,Standard,5411.65
9625,William Moore,william.moore9625@customer.net,IN,2023-12-04,Basic,28927.00
9626,Jennifer Miller,jennifer.miller9626@customer.net,FR,2025-04-07,Premium,22318.09
9627,Richard Johnson,richard.johnson9627@mail.com,BR,2021-04-02,Basic,31257.08
9628,Sophia Wilson,sophia.wilson9628@mail.com,AU,2022-02-09,Standard,32810.56
9629,James Williams,james.williams9629@mail.com,UK,2025-05-17,Basic,33572.58
9630,Charles Williams,charles.williams9630@shop.io,MX,2024-08-12,Standard,6546.49
9631,Michael Hernandez,michael.hernandez9631@shop.io,FR,2018-01-31,Premium,38709.27
9632,Richard Lopez,richard.lopez9632@shop.io,MX,2023-06-22,Premium,16903.14
9633,Karen Martinez,karen.martinez9633@shop.io,AU,2025-06-06,Basic,28423.13
9634,William Hernandez,william.hernandez9634@mail.com,UK,2018-01-19,Premium,1975.00
9635,Sophia Miller,sophia.miller9635@customer.net,US,2025-01-30,Standard,3734.27
9636,Noah Lee,noah.lee9636@customer.net,US,2021-03-25,Premium,3427.79
9637,Patricia Smith,patricia.smith9637@example.com,CA,2022-07-27,Basic,24308.31
9638,Jessica Lopez,jessica.lopez9638@mail.com,UK,2018-06-15,Premium,26360.60
9639,Sarah Wilson,sarah.wilson9639@shop.io,CA,2019-12-20,Standard,33917.72
9640,David Thompson,david.thompson9640@customer.net,BR,2022-04-21,Premium,9222.42
9641,Karen Johnson,karen.johnson9641@shop.io,CA,2021-03-06,Premium,23053.40
9642,James Lopez,james.lopez9642@customer.net,JP,2020-05-29,Basic,36632.78
9643,Karen Miller,karen.miller9643@customer.net,MX,2018-05-15,Standard,49469.60
9644,Richard Rodriguez,richard.rodriguez9644@customer.net,DE,2020-09-11,Standard,37961.16
9645,Sophia Miller,sophia.miller9645@shop.io,UK,2023-03-08,Standard,31820.30
9646,Mary Martinez,mary.martinez9646@customer.net,JP,2018-04-06,Premium,15377.81
9647,Michael Thompson,michael.thompson9647@example.com,JP,2022-05-20,Premium,23161.16
9648,Linda Garcia,linda.garcia9648@shop.io,AU,2020-05-23,Basic,7965.19
9649,Noah Martinez,noah.martinez9649@mail.com,BR,2020-08-17,Premium,34868.09
9650,Richard Garcia,richard.garcia9650@mail.com,AU,2018-08-28,Standard,43614.09
9651,Michael Martinez,michael.martinez9651@mail.com,JP,2020-08-23,Basic,34039.55
9652,Robert Davis,robert.davis9652@example.com,UK,2020-12-01,Standard,12904.88
9653,Jessica Lopez,jessica.lopez9653@example.com,FR,2023-12-12,Premium,39718.17
9654,David Martinez,david.martinez9654@example.com,BR,2021-07-15,Basic,8356.00
9655,Michael Jackson,michael.jackson9655@customer.net,UK,2018-06-28,Premium,34637.86
9656,James Rodriguez,james.rodriguez9656@shop.io,FR,2020-06-11,Premium,18242.04
9657,Mary Jackson,mary.jackson9657@example.com,MX,2024-08-03,Premium,41015.35
9658,Mary Perez,mary.perez9658@customer.net,US,2018-08-13,Basic,26498.18
9659,Jessica Gonzalez,jessica.gonzalez9659@shop.io,BR,2022-05-26,Standard,16435.03
9660,Oliver Martinez,oliver.martinez9660@mail.com,DE,2021-12-10,Premium,42491.25
9661,Joseph Gonzalez,joseph.gonzalez9661@shop.io,JP,2021-10-06,Standard,34686.88
9662,Sophia Martinez,sophia.martinez9662@shop.io,DE,2024-07-09,Premium,24763.61
9663,David Smith,david.smith9663@example.com,MX,2020-05-10,Premium,40205.73
9664,Robert Thompson,robert.thompson9664@customer.net,JP,2021-07-02,Basic,14038.03
9665,Jennifer Garcia,jennifer.garcia9665@example.com,IN,2022-04-28,Premium,30694.35
9666,Barbara Garcia,barbara.garcia9666@mail.com,BR,2019-02-24,Standard,30493.16
9667,Joseph Williams,joseph.williams9667@shop.io,DE,2018-03-31,Basic,45787.14
9668,Linda Perez,linda.perez9668@shop.io,JP,2023-08-05,Standard,31178.77
9669,Patricia Garcia,patricia.garcia9669@shop.io,US,2021-04-02,Basic,12344.67
9670,Richard Thompson,richard.thompson9670@mail.com,IN,2019-08-24,Premium,49734.30
9671,Jessica Hernandez,jessica.hernandez9671@shop.io,FR,2020-06-12,Basic,23401.27
9672,Emma Martinez,emma.martinez9672@customer.net,JP,2025-04-17,Standard,10962.95
9673,Sophia Thompson,sophia.thompson9673@customer.net,AU,2024-01-06,Standard,25513.02
9674,Joseph Wilson,joseph.wilson9674@shop.io,CA,2025-01-22,Standard,42836.29
9675,Karen Jackson,,AU,2025-02-21,Basic,28542.17
9676,Linda Lee,linda.lee9676@example.com,FR,2023-07-07,Basic,46348.36
9677,Thomas Brown,thomas.brown9677@shop.io,CA,2025-02-24,Premium,47226.74
9678,Thomas Thompson,thomas.thompson9678@mail.com,IN,2023-12-20,Standard,20549.10
9679,Karen Smith,karen.smith9679@customer.net,AU,2018-04-07,Standard,19851.83
9680,Patricia Thompson,patricia.thompson9680@shop.io,AU,2022-01-30,Premium,2264.08
9681,Elizabeth Martin,elizabeth.martin9681@example.com,BR,2023-11-05,Standard,39782.00
9682,Karen Gonzalez,karen.gonzalez9682@example.com,UK,2022-03-05,Basic,26435.01
9683,James Williams,james.williams9683@customer.net,UK,2023-08-22,Standard,41710.15
9684,Charles Anderson,charles.anderson9684@example.com,UK,2020-02-02,Standard,25399.91
9685,Emma Brown,emma.brown9685@shop.io,IN,2019-11-22,Basic,43672.08
9686,Jennifer Johnson,jennifer.johnson9686@customer.net,US,2022-03-14,Basic,43830.75
9687,John Brown,john.brown9687@customer.net,MX,2023-05-27,Standard,30544.13
9688,David Rodriguez,david.rodriguez9688@mail.com,AU,2019-09-16,Standard,43828.31
9689,Robert Williams,robert.williams9689@shop.io,JP,2018-12-09,Basic,36739.65
9690,Ava Jones,ava.jones9690@mail.com,DE,2023-07-28,Basic,5357.81
9691,Ava Thomas,ava.thomas9691@mail.com,DE,2021-10-25,Standard,18336.02
9692,Robert Brown,robert.brown9692@mail.com,FR,2018-05-27,Premium,43043.85
9693,Thomas Martin,thomas.martin9693@example.com,AU,2022-08-06,Basic,12638.46
9694,Michael Williams,michael.williams9694@customer.net,DE,2018-11-19,Basic,2965.08
9695,Emma Rodriguez,emma.rodriguez9695@customer.net,FR,2018-10-01,Premium,26298.42
9696,Richard Anderson,richard.anderson9696@example.com,UK,2024-05-08,Basic,24797.26
9697,Michael Lopez,michael.lopez9697@example.com,AU,2021-05-17,Standard,18145.07
9698,Michael Brown,michael.brown9698@example.com,FR,2019-01-25,Premium,18014.70
9699,Joseph Smith,joseph.smith9699@customer.net,FR,2020-11-14,Premium,11874.55
9700,Emma Smith,emma.smith9700@shop.io,CA,2018-01-26,Standard,44930.97
9701,Susan Rodriguez,susan.rodriguez9701@customer.net,UK,2025-04-15,Basic,41822.01
9702,Richard Thompson,richard.thompson9702@mail.com,MX,2021-01-10,Premium,20510.96
9703,Ava Brown,ava.brown9703@mail.com,UK,2021-04-25,Standard,45241.59
9704,Linda Martin,linda.martin9704@shop.io,BR,2025-04-16,Premium,38957.22
9705,Robert Smith,robert.smith9705@customer.net,BR,2020-10-21,Basic,44221.34
9706,Oliver Taylor,oliver.taylor9706@shop.io,AU,2024-01-04,Standard,2803.19
9707,Robert Garcia,robert.garcia9707@customer.net,JP,2022-04-01,Basic,388.98
9708,Patricia Moore,patricia.moore9708@example.com,IN,2022-11-12,Standard,6412.14
9709,Jennifer Anderson,jennifer.anderson9709@mail.com,CA,2020-11-08,Standard,17608.89
9710,Patricia Thompson,patricia.thompson9710@example.com,IN,2022-12-08,Standard,14926.89
9711,Robert Williams,robert.williams9711@example.com,BR,2020-02-27,Premium,20852.60
9712,Noah Rodriguez,noah.rodriguez9712@shop.io,FR,2023-06-30,Premium,1067.61
9713,Oliver Taylor,oliver.taylor9713@shop.io,DE,2021-09-20,Standard,43781.36
9714,Barbara Rodriguez,barbara.rodriguez9714@mail.com,FR,2023-02-28,Premium,16946.85
9715,Ava Rodriguez,ava.rodriguez9715@customer.net,DE,2021-06-29,Basic,21027.97
9716,Karen Taylor,karen.taylor9716@mail.com,DE,2019-10-23,Standard,42450.41
9717,Sophia Davis,sophia.davis9717@shop.io,US,2020-01-25,Premium,22419.37
9718,Joseph Rodriguez,joseph.rodriguez9718@customer.net,MX,2018-01-31,Premium,11579.76
9719,William Thomas,william.thomas9719@example.com,FR,2023-05-08,Premium,17041.01
9720,Jessica Perez,jessica.perez9720@customer.net,AU,2019-07-30,Premium,9203.06
9721,John Perez,john.perez9721@mail.com,US,2018-05-18,Basic,15338.86
9722,Emma Jones,emma.jones9722@mail.com,CA,2019-06-29,Premium,9468.35
9723,Oliver Moore,oliver.moore9723@customer.net,FR,2024-03-15,Standard,18709.46
9724,Sophia Miller,sophia.miller9724@shop.io,US,2018-08-11,Premium,4939.13
9725,Oliver Wilson,oliver.wilson9725@mail.com,BR,2020-03-23,Standard,18941.23
9726,Charles Rodriguez,charles.rodriguez9726@mail.com,IN,2021-10-19,Basic,18825.22
9727,Karen Martinez,karen.martinez9727@example.com,MX,2024-06-21,Standard,27146.13
9728,David Thompson,david.thompson9728@example.com,FR,2025-03-19,Standard,14758.47
9729,David Hernandez,david.hernandez9729@mail.com,DE,2024-09-09,Standard,24950.23
9730,Michael Thomas,michael.thomas9730@shop.io,MX,2021-06-30,Premium,27127.05
9731,John Taylor,john.taylor9731@customer.net,UK,2022-06-17,Standard,20062.71
9732,Linda Martinez,linda.martinez9732@mail.com,BR,2018-05-23,Basic,4177.54
9733,David Rodriguez,david.rodriguez9733@example.com,IN,2023-09-23,Premium,14836.78
9734,Joseph Anderson,joseph.anderson9734@example.com,AU,2020-11-27,Basic,28736.06
9735,John Perez,john.perez9735@shop.io,US,2022-10-22,Standard,32185.59
9736,Jessica Gonzalez,jessica.gonzalez9736@shop.io,UK,2020-01-14,Standard,24175.67
9737,Emma Lee,emma.lee9737@shop.io,MX,2018-03-13,Standard,17887.63
9738,Linda Lopez,linda.lopez9738@example.com,FR,2023-10-05,Premium,13108.98
9739,Barbara Wilson,barbara.wilson9739@mail.com,MX,2020-06-04,Premium,15168.71
9740,Karen Hernandez,karen.hernandez9740@customer.net,AU,2019-03-21,Standard,34649.91
9741,Robert Jones,robert.jones9741@mail.com,US,2024-08-29,Standard,24398.23
9742,Mary Hernandez,mary.hernandez9742@customer.net,JP,2022-07-31,Basic,40971.88
9743,Oliver Wilson,oliver.wilson9743@example.com,DE,2021-01-23,Basic,45776.04
9744,Oliver Miller,oliver.miller9744@mail.com,CA,2020-11-23,Premium,15681.73
9745,Jessica Jackson,jessica.jackson9745@customer.net,MX,2020-04-18,Basic,29395.45
9746,Barbara Perez,barbara.perez9746@mail.com,MX,2019-02-18,Standard,32166.43
9747,Linda Thomas,linda.thomas9747@mail.com,AU,2025-03-03,Basic,32925.87
9748,Karen Johnson,karen.johnson9748@mail.com,UK,2018-11-25,Basic,19600.24
9749,Oliver Taylor,oliver.taylor9749@customer.net,JP,2020-12-17,Standard,38954.42
9750,Joseph Taylor,joseph.taylor9750@customer.net,BR,2023-01-19,Premium,6644.65
9751,Joseph Williams,joseph.williams9751@example.com,UK,2022-07-13,Basic,12737.53
9752,Patricia Perez,patricia.perez9752@mail.com,IN,2024-10-05,Standard,47109.22
9753,Oliver Williams,oliver.williams9753@customer.net,US,2019-04-12,Standard,11491.36
9754,Charles Moore,charles.moore9754@customer.net,CA,2018-03-27,Standard,37601.40
9755,John Jackson,john.jackson9755@example.com,MX,2024-07-27,Basic,15031.61
9756,Ava Martin,ava.martin9756@shop.io,UK,2019-05-16,Standard,14504.01
9757,Richard Williams,richard.williams9757@shop.io,DE,2019-08-05,Standard,15583.76
9758,Elizabeth Lopez,elizabeth.lopez9758@example.com,DE,2019-11-13,Basic,34016.97
9759,Thomas Jackson,thomas.jackson9759@mail.com,JP,2018-05-03,Basic,5852.05
9760,Noah Davis,noah.davis9760@shop.io,JP,2021-02-04,Premium,45443.10
9761,Sarah Jackson,sarah.jackson9761@example.com,US,2018-05-02,Standard,32334.54
9762,Charles Garcia,charles.garcia9762@shop.io,IN,2018-05-30,Premium,44458.63
9763,Robert Moore,robert.moore9763@shop.io,CA,2025-06-27,Basic,28520.22
9764,Noah Lee,noah.lee9764@customer.net,DE,2022-06-28,Premium,5100.79
9765,David Johnson,david.johnson9765@example.com,US,2024-03-17,Standard,21928.92
9766,Mary Rodriguez,mary.rodriguez9766@mail.com,MX,2022-01-10,Basic,22502.82
9767,James Miller,james.miller9767@shop.io,CA,2018-07-08,Standard,13615.91
9768,Noah Lee,noah.lee9768@mail.com,FR,2022-01-14,Basic,42441.58
9769,William Moore,william.moore9769@customer.net,IN,2024-12-26,Basic,4026.97
9770,Ava Wilson,ava.wilson9770@shop.io,BR,2021-03-02,Premium,49535.70
9771,John Jones,john.jones9771@mail.com,CA,2024-05-21,Standard,1843.14
9772,Karen Lee,karen.lee9772@mail.com,JP,2018-06-23,Basic,19654.61
9773,Joseph Jones,joseph.jones9773@mail.com,AU,2019-07-25,Standard,13591.11
9774,Michael Gonzalez,michael.gonzalez9774@example.com,UK,2020-10-03,Basic,39787.79
9775,Sarah Thomas,sarah.thomas9775@example.com,AU,2023-04-07,Premium,44778.67
9776,Susan Garcia,susan.garcia9776@shop.io,JP,2022-03-11,Standard,25238.22
9777,Mary Johnson,mary.johnson9777@customer.net,CA,2022-08-14,Premium,13419.33
9778,Charles Martin,charles.martin9778@shop.io,BR,2020-09-29,Basic,43522.19
9779,Emma Lopez,emma.lopez9779@customer.net,US,2019-05-17,Standard,40325.94
9780,Thomas Hernandez,thomas.hernandez9780@customer.net,JP,2022-12-06,Basic,30206.91
9781,Linda Jones,linda.jones9781@shop.io,MX,2023-01-20,Standard,39963.83
9782,Karen Miller,karen.miller9782@example.com,FR,2025-03-12,Standard,46614.32
9783,Karen Jackson,karen.jackson9783@mail.com,DE,2022-03-29,Basic,1177.43
9784,Sarah Thompson,sarah.thompson9784@customer.net,UK,2025-02-03,Standard,36097.38
9785,Emma Martinez,emma.martinez9785@mail.com,FR,2022-05-29,Basic,10064.94
9786,Noah Taylor,noah.taylor9786@example.com,FR,2023-01-26,Premium,23418.61
9787,Sarah Wilson,sarah.wilson9787@shop.io,BR,2024-02-09,Premium,22859.67
9788,Richard Brown,richard.brown9788@mail.com,US,2020-10-26,Standard,16958.56
9789,David Gonzalez,david.gonzalez9789@shop.io,IN,2022-05-16,Premium,34549.13
9790,Noah Miller,noah.miller9790@customer.net,FR,2024-03-10,Basic,37791.71
9791,Michael Martin,michael.martin9791@mail.com,DE,2019-12-22,Premium,43065.66
9792,Elizabeth Garcia,elizabeth.garcia9792@example.com,US,2020-08-03,Standard,29763.95
9793,Charles Moore,charles.moore9793@mail.com,US,2021-05-22,Basic,26901.80
9794,Charles Thompson,charles.thompson9794@mail.com,JP,2018-07-08,Premium,8804.19
9795,Michael Hernandez,michael.hernandez9795@customer.net,MX,2020-06-10,Basic,24766.64
9796,Jessica Thompson,jessica.thompson9796@shop.io,MX,2018-01-29,Premium,9018.52
9797,Robert Jackson,robert.jackson9797@mail.com,MX,2019-09-26,Premium,3489.62
9798,Michael Anderson,michael.anderson9798@example.com,CA,2021-08-08,Standard,44128.64
9799,Ava Smith,ava.smith9799@shop.io,US,2023-04-20,Basic,14905.39
9800,Emma Williams,emma.williams9800@example.com,FR,2024-10-09,Premium,26973.93
9801,Michael Wilson,michael.wilson9801@customer.net,CA,2024-12-27,Premium,27347.06
9802,Robert Wilson,robert.wilson9802@mail.com,UK,2020-09-04,Basic,792.95
9803,James Thompson,james.thompson9803@mail.com,FR,2024-04-21,Premium,41546.73
9804,Susan Anderson,susan.anderson9804@mail.com,IN,2018-10-15,Standard,35998.81
9805,Mary Martinez,mary.martinez9805@customer.net,IN,2018-11-10,Basic,14498.67
9806,Barbara Wilson,barbara.wilson9806@example.com,AU,2024-01-05,Premium,25305.68
9807,Emma Williams,emma.williams9807@example.com,IN,2024-11-01,Basic,14494.01
9808,Robert Jackson,robert.jackson9808@mail.com,DE,2020-08-24,Premium,37149.54
9809,Jessica Taylor,jessica.taylor9809@shop.io,BR,2024-07-07,Premium,32248.04
9810,Robert Johnson,robert.johnson9810@example.com,US,2024-04-10,Basic,39691.75
9811,Ava Williams,ava.williams9811@example.com,JP,2019-10-11,Premium,7481.15
9812,Robert Lee,robert.lee9812@customer.net,CA,2022-12-07,Basic,11926.71
9813,Mary Williams,mary.williams9813@shop.io,CA,2019-05-22,Premium,25496.80
9814,Sarah Miller,sarah.miller9814@shop.io,CA,2020-10-22,Premium,17030.55
9815,Jessica Martinez,jessica.martinez9815@mail.com,CA,2024-09-15,Standard,4696.22
9816,Jessica Taylor,jessica.taylor9816@shop.io,BR,2020-12-12,Standard,37462.52
9817,Mary Jones,mary.jones9817@mail.com,MX,2019-06-19,Basic,33550.13
9818,Michael Williams,michael.williams9818@example.com,MX,2018-09-27,Standard,22014.71
9819,John Martin,john.martin9819@example.com,US,2021-04-11,Basic,12077.21
9820,Charles Anderson,charles.anderson9820@mail.com,FR,2021-06-24,Premium,1504.60
9821,Noah Jones,noah.jones9821@shop.io,DE,2021-11-27,Premium,16169.08
9822,Oliver Gonzalez,oliver.gonzalez9822@mail.com,UK,2018-08-18,Standard,38152.79
9823,Susan Moore,susan.moore9823@shop.io,CA,2018-09-29,Basic,23480.52
9824,Joseph Wilson,joseph.wilson9824@customer.net,UK,2023-04-06,Standard,31723.79
9825,Joseph Thompson,joseph.thompson9825@mail.com,MX,2022-09-05,Premium,36221.52
9826,James Martinez,james.martinez9826@mail.com,MX,2023-07-10,Standard,39675.36
9827,Sarah Lee,sarah.lee9827@example.com,US,2019-01-18,Basic,48298.58
9828,Elizabeth Williams,elizabeth.williams9828@example.com,US,2023-11-30,Basic,47400.13
9829,Barbara Jackson,barbara.jackson9829@mail.com,FR,2018-07-13,Standard,17291.82
9830,Patricia Thomas,patricia.thomas9830@customer.net,BR,2019-10-22,Standard,44815.18
9831,David Jones,david.jones9831@example.com,US,2021-06-23,Basic,45480.28
9832,James Lopez,james.lopez9832@shop.io,IN,2024-04-28,Premium,18732.27
9833,Mary Taylor,mary.taylor9833@shop.io,MX,2021-09-30,Basic,49994.58
9834,Jessica Smith,jessica.smith9834@shop.io,DE,2018-07-23,Standard,24020.46
9835,James Taylor,james.taylor9835@customer.net,BR,2024-02-03,Standard,16640.01
9836,Robert Gonzalez,robert.gonzalez9836@mail.com,DE,2019-11-09,Basic,26158.32
9837,William Martinez,william.martinez9837@example.com,FR,2020-08-03,Basic,9681.65
9838,Sarah Lee,sarah.lee9838@example.com,DE,2018-10-30,Premium,10868.65
9839,Noah Thomas,noah.thomas9839@example.com,US,2019-08-05,Premium,41286.04
9840,David Moore,david.moore9840@mail.com,FR,2021-09-16,Premium,21888.38
9841,Joseph Martinez,joseph.martinez9841@example.com,AU,2023-04-23,Premium,44704.61
9842,Thomas Miller,thomas.miller9842@mail.com,BR,2022-05-30,Premium,13266.97
9843,Richard Brown,richard.brown9843@shop.io,FR,2021-10-31,Standard,11069.81
9844,Ava Martinez,ava.martinez9844@example.com,BR,2024-06-02,Premium,42047.46
9845,Barbara Perez,barbara.perez9845@shop.io,JP,2021-03-18,Basic,21093.80
9846,Elizabeth Davis,elizabeth.davis9846@mail.com,FR,2018-08-20,Standard,40850.75
9847,Michael Johnson,michael.johnson9847@shop.io,BR,2018-11-30,Basic,6002.79
9848,Oliver Taylor,oliver.taylor9848@shop.io,FR,2021-11-06,Premium,42746.11
9849,Susan Jones,susan.jones9849@mail.com,AU,2024-01-02,Basic,1766.81
9850,Noah Martin,noah.martin9850@shop.io,MX,2018-09-16,Basic,32770.56
9851,Sophia Rodriguez,sophia.rodriguez9851@mail.com,JP,2020-03-13,Premium,10765.70
9852,Jennifer Martin,jennifer.martin9852@mail.com,BR,2022-04-10,Basic,43008.30
9853,Barbara Hernandez,barbara.hernandez9853@customer.net,BR,2021-10-28,Basic,3058.68
9854,Jennifer Jones,jennifer.jones9854@example.com,BR,2018-03-15,Standard,9580.64
9855,Ava Martinez,ava.martinez9855@customer.net,MX,2019-09-19,Standard,29743.21
9856,John Miller,john.miller9856@mail.com,CA,2022-06-11,Standard,3893.20
9857,Michael Perez,michael.perez9857@shop.io,MX,2019-02-12,Standard,21794.92
9858,Emma Garcia,emma.garcia9858@example.com,UK,2020-12-22,Premium,36474.72
9859,Charles Taylor,charles.taylor9859@mail.com,CA,2018-03-16,Premium,22540.70
9860,Joseph Williams,joseph.williams9860@customer.net,US,2019-02-14,Basic,1655.59
9861,Noah Davis,noah.davis9861@example.com,JP,2020-09-16,Standard,41635.03
9862,Noah Jackson,noah.jackson9862@customer.net,FR,2019-12-19,Premium,18467.26
9863,Linda Lee,linda.lee9863@mail.com,MX,2023-03-17,Standard,10181.89
9864,Jessica Hernandez,jessica.hernandez9864@mail.com,BR,2022-03-19,Premium,39812.92
9865,Oliver Garcia,oliver.garcia9865@shop.io,US,2025-03-10,Basic,2448.00
9866,Robert Hernandez,robert.hernandez9866@mail.com,JP,2021-09-30,Basic,4273.21
9867,Linda Hernandez,linda.hernandez9867@example.com,US,2020-01-28,Premium,28075.77
9868,Noah Rodriguez,noah.rodriguez9868@example.com,BR,2024-08-18,Standard,18661.56
9869,Emma Thomas,emma.thomas9869@shop.io,DE,2020-07-26,Standard,4145.37
9870,Sarah Perez,sarah.perez9870@example.com,DE,2022-11-12,Standard,9144.20
9871,Emma Martinez,emma.martinez9871@mail.com,BR,2023-09-23,Standard,3725.12
9872,Noah Davis,noah.davis9872@shop.io,CA,2023-07-05,Standard,32533.33
9873,Jennifer Thomas,jennifer.thomas9873@customer.net,MX,2020-03-25,Basic,33619.60
9874,Robert Smith,robert.smith9874@shop.io,AU,2018-11-26,Standard,37066.06
9875,Joseph Smith,joseph.smith9875@shop.io,AU,2020-02-13,Basic,37013.51
9876,James Martinez,james.martinez9876@mail.com,CA,2024-12-28,Standard,27807.24
9877,Barbara Jackson,barbara.jackson9877@mail.com,IN,2023-10-17,Standard,14706.77
9878,Linda Davis,linda.davis9878@customer.net,FR,2019-04-02,Standard,31570.23
9879,James Jones,james.jones9879@example.com,FR,2018-03-24,Premium,27293.68
9880,Oliver Smith,oliver.smith9880@mail.com,MX,2019-01-07,Premium,5896.51
9881,Elizabeth Smith,elizabeth.smith9881@customer.net,AU,2022-03-11,Basic,23462.84
9882,Susan Garcia,susan.garcia9882@example.com,IN,2020-05-30,Standard,25347.10
9883,Noah Martinez,noah.martinez9883@mail.com,US,2021-09-28,Premium,15127.30
9884,William Lee,william.lee9884@customer.net,AU,2021-12-23,Premium,39659.52
9885,Robert Davis,robert.davis9885@mail.com,BR,2025-02-14,Basic,27960.06
9886,Richard Williams,richard.williams9886@mail.com,JP,2025-04-28,Premium,29102.78
9887,David Perez,david.perez9887@example.com,JP,2020-07-13,Premium,45484.70
9888,Patricia Martinez,patricia.martinez9888@customer.net,FR,2021-11-29,Standard,14781.48
9889,Sarah Martinez,sarah.martinez9889@customer.net,BR,2022-08-24,Premium,38069.60
9890,Emma Thompson,emma.thompson9890@customer.net,DE,2018-08-04,Premium,47869.63
9891,Jennifer Miller,jennifer.miller9891@mail.com,DE,2019-06-04,Standard,3121.29
9892,Karen Rodriguez,karen.rodriguez9892@mail.com,DE,2023-05-08,Basic,14695.87
9893,Jennifer Gonzalez,jennifer.gonzalez9893@shop.io,AU,2024-03-01,Standard,30892.67
9894,William Lopez,william.lopez9894@example.com,DE,2020-08-23,Basic,36358.37
9895,Patricia Smith,patricia.smith9895@example.com,BR,2021-12-22,Basic,14042.14
9896,Sarah Smith,sarah.smith9896@shop.io,UK,2020-11-02,Premium,33003.84
9897,Thomas Thompson,thomas.thompson9897@mail.com,JP,2020-07-12,Standard,31824.87
9898,William Jackson,william.jackson9898@example.com,MX,2024-06-05,Standard,32868.37
9899,Jessica Williams,jessica.williams9899@example.com,FR,2019-08-14,Standard,38005.86
9900,Susan Jones,susan.jones9900@example.com,CA,2022-08-03,Premium,11694.87
9901,Barbara Rodriguez,barbara.rodriguez9901@customer.net,FR,2020-10-09,Standard,3034.88
9902,Sophia Hernandez,sophia.hernandez9902@shop.io,AU,2022-05-20,Premium,14610.48
9903,Sarah Brown,sarah.brown9903@shop.io,UK,2025-04-02,Standard,23221.23
9904,Joseph Perez,joseph.perez9904@example.com,BR,2018-08-20,Basic,22559.65
9905,William Jackson,william.jackson9905@mail.com,DE,2025-06-03,Basic,46475.41
9906,Michael Martin,michael.martin9906@customer.net,IN,2022-01-17,Premium,26669.27
9907,Barbara Thompson,barbara.thompson9907@example.com,CA,2019-03-12,Basic,105.27
9908,Sophia Garcia,sophia.garcia9908@customer.net,CA,2021-07-22,Basic,22685.71
9909,Barbara Wilson,barbara.wilson9909@shop.io,MX,2025-04-18,Basic,7593.03
9910,Barbara Smith,barbara.smith9910@customer.net,IN,2020-02-19,Premium,23805.04
9911,Ava Davis,ava.davis9911@customer.net,CA,2020-04-04,Standard,37810.52
9912,Linda Thomas,linda.thomas9912@example.com,DE,2019-02-06,Standard,19767.54
9913,Mary Thomas,mary.thomas9913@example.com,US,2024-10-25,Standard,26569.30
9914,James Rodriguez,james.rodriguez9914@mail.com,BR,2022-05-27,Premium,7545.36
9915,John Johnson,john.johnson9915@mail.com,IN,2022-01-10,Basic,16057.92
9916,Jessica Martinez,jessica.martinez9916@customer.net,CA,2021-04-07,Basic,10084.36
9917,Richard Thomas,richard.thomas9917@mail.com,AU,2019-08-12,Premium,20062.43
9918,Thomas Davis,thomas.davis9918@shop.io,US,2019-11-15,Basic,29648.62
9919,William Smith,william.smith9919@mail.com,MX,2020-04-13,Standard,45498.14
9920,Karen Thompson,karen.thompson9920@customer.net,CA,2023-05-02,Basic,46856.64
9921,Barbara Davis,barbara.davis9921@shop.io,IN,2019-11-03,Premium,37119.20
9922,Elizabeth Jones,elizabeth.jones9922@customer.net,DE,2022-08-22,Standard,42276.82
9923,Thomas Moore,thomas.moore9923@mail.com,IN,2023-05-11,Premium,4581.90
9924,Susan Williams,susan.williams9924@example.com,IN,2022-05-06,Standard,11017.31
9925,Robert Brown,robert.brown9925@customer.net,JP,2021-11-29,Basic,13920.29
9926,John Martinez,john.martinez9926@shop.io,JP,2023-05-17,Basic,8996.94
9927,Sophia Rodriguez,sophia.rodriguez9927@shop.io,FR,2020-07-05,Standard,36594.31
9928,Richard Jackson,richard.jackson9928@customer.net,MX,2019-02-19,Basic,21816.21
9929,Joseph Gonzalez,joseph.gonzalez9929@mail.com,CA,2020-09-29,Basic,20528.69
9930,Mary Gonzalez,mary.gonzalez9930@mail.com,US,2018-06-08,Standard,29516.43
9931,Jennifer Miller,jennifer.miller9931@mail.com,BR,2024-07-11,Premium,23747.05
9932,Jessica Miller,jessica.miller9932@shop.io,IN,2020-06-24,Basic,9336.89
9933,Patricia Taylor,patricia.taylor9933@customer.net,BR,2019-02-28,Basic,19263.34
9934,Richard Lee,richard.lee9934@customer.net,JP,2020-06-19,Standard,37017.58
9935,Patricia Johnson,patricia.johnson9935@shop.io,MX,2023-03-09,Premium,15014.33
9936,Sophia Wilson,sophia.wilson9936@shop.io,US,2018-05-31,Basic,14778.60
9937,Karen Perez,karen.perez9937@shop.io,JP,2025-06-20,Basic,8268.34
9938,Linda Lee,linda.lee9938@customer.net,UK,2022-05-09,Standard,43233.05
9939,Noah Thompson,noah.thompson9939@example.com,BR,2022-12-28,Basic,44380.83
9940,Robert Jackson,robert.jackson9940@customer.net,BR,2022-04-19,Premium,32405.38
9941,Susan Thomas,susan.thomas9941@customer.net,IN,2020-08-02,Basic,18820.71
9942,Linda Lopez,linda.lopez9942@mail.com,JP,2020-09-04,Standard,672.40
9943,Joseph Lopez,joseph.lopez9943@shop.io,US,2020-11-17,Premium,32591.53
9944,William Brown,william.brown9944@mail.com,BR,2020-08-05,Basic,28728.03
9945,Patricia Williams,patricia.williams9945@customer.net,AU,2019-09-04,Basic,32318.95
9946,James Lee,james.lee9946@customer.net,MX,2018-02-19,Standard,24220.03
9947,Emma Jackson,emma.jackson9947@customer.net,UK,2023-10-17,Premium,18746.43
9948,Ava Williams,ava.williams9948@customer.net,IN,2020-12-04,Premium,44388.66
9949,Sarah Lee,sarah.lee9949@example.com,DE,2024-04-16,Premium,7323.14
9950,Jennifer Perez,jennifer.perez9950@shop.io,CA,2022-05-08,Standard,4261.44
9951,Ava Wilson,ava.wilson9951@shop.io,UK,2023-04-22,Basic,41396.67
9952,Sarah Wilson,sarah.wilson9952@customer.net,IN,2020-01-21,Standard,17807.77
9953,Jessica Johnson,jessica.johnson9953@shop.io,FR,2024-02-09,Basic,10135.13
9954,Sophia Jackson,sophia.jackson9954@mail.com,FR,2023-11-09,Standard,1362.11
9955,Charles Thompson,charles.thompson9955@example.com,DE,2022-06-08,Basic,3976.43
9956,Richard Rodriguez,richard.rodriguez9956@shop.io,JP,2022-12-26,Standard,8457.36
9957,Michael Hernandez,michael.hernandez9957@shop.io,US,2023-02-15,Premium,36160.39
9958,David Martinez,david.martinez9958@customer.net,DE,2018-07-16,Basic,6757.19
9959,William Gonzalez,william.gonzalez9959@shop.io,DE,2024-08-02,Standard,23019.65
9960,Karen Rodriguez,karen.rodriguez9960@customer.net,UK,2023-08-15,Basic,42062.72
9961,John Thompson,john.thompson9961@customer.net,IN,2024-01-24,Premium,24556.84
9962,Ava Brown,ava.brown9962@example.com,US,2018-11-21,Standard,28496.86
9963,Jessica Gonzalez,jessica.gonzalez9963@customer.net,US,2018-08-03,Premium,8091.61
9964,James Lee,james.lee9964@mail.com,IN,2021-06-15,Premium,10937.16
9965,Jennifer Jones,jennifer.jones9965@mail.com,AU,2021-08-01,Premium,7136.40
9966,Karen Martinez,karen.martinez9966@example.com,DE,2020-11-30,Standard,32765.64
9967,Richard Garcia,richard.garcia9967@example.com,DE,2018-04-05,Premium,18116.17
9968,Emma Smith,emma.smith9968@shop.io,UK,2018-11-23,Premium,28502.55
9969,Richard Hernandez,richard.hernandez9969@shop.io,AU,2019-10-15,Standard,34757.57
9970,Patricia Anderson,patricia.anderson9970@customer.net,AU,2022-08-30,Basic,30711.07
9971,Linda Wilson,linda.wilson9971@shop.io,MX,2021-08-18,Premium,41443.68
9972,Emma Garcia,emma.garcia9972@customer.net,DE,2023-09-26,Basic,40464.96
9973,Barbara Perez,barbara.perez9973@customer.net,DE,2018-09-01,Basic,33213.39
9974,Michael Thompson,michael.thompson9974@example.com,CA,2020-03-15,Premium,20326.37
9975,Elizabeth Davis,elizabeth.davis9975@mail.com,BR,2023-08-12,Standard,47063.62
9976,Charles Martin,charles.martin9976@shop.io,JP,2018-06-10,Basic,32981.33
9977,James Wilson,james.wilson9977@example.com,BR,2024-05-07,Premium,11229.21
9978,Jessica Williams,jessica.williams9978@example.com,CA,2021-05-27,Basic,3036.13
9979,Patricia Perez,patricia.perez9979@example.com,FR,2025-05-25,Standard,12769.88
9980,Sarah Martin,sarah.martin9980@example.com,IN,2023-12-22,Basic,23404.83
9981,David Moore,david.moore9981@example.com,FR,2024-09-18,Premium,7197.72
9982,Joseph Thomas,joseph.thomas9982@example.com,AU,2020-02-22,Basic,27114.71
9983,Jessica Hernandez,jessica.hernandez9983@example.com,BR,2024-12-28,Standard,10692.14
9984,Sophia Rodriguez,sophia.rodriguez9984@mail.com,MX,2023-01-24,Basic,47603.14
9985,Linda Jackson,linda.jackson9985@customer.net,JP,2020-04-11,Premium,47156.65
9986,James Smith,james.smith9986@shop.io,UK,2020-11-15,Basic,47706.06
9987,Michael Garcia,michael.garcia9987@customer.net,MX,2021-07-03,Basic,15109.96
9988,James Rodriguez,james.rodriguez9988@mail.com,FR,2019-08-01,Premium,1774.54
9989,Ava Perez,ava.perez9989@customer.net,AU,2024-02-17,Standard,8785.97
9990,Ava Miller,ava.miller9990@mail.com,CA,2024-04-20,Standard,26241.57
9991,Karen Davis,karen.davis9991@shop.io,DE,2019-01-17,Premium,44968.83
9992,Joseph Lee,joseph.lee9992@shop.io,IN,2023-04-04,Standard,42921.64
9993,Jessica Davis,jessica.davis9993@mail.com,AU,2018-12-13,Basic,31440.70
9994,Patricia Hernandez,patricia.hernandez9994@customer.net,UK,2023-02-13,Premium,43240.60
9995,Jennifer Rodriguez,jennifer.rodriguez9995@mail.com,DE,2019-04-20,Basic,29101.69
9996,Charles Jones,charles.jones9996@shop.io,JP,2022-06-21,Premium,23176.32
9997,Mary Davis,mary.davis9997@shop.io,FR,2018-06-03,Premium,38470.97
9998,Richard Taylor,richard.taylor9998@shop.io,UK,2023-01-13,Premium,24519.72
9999,William Johnson,william.johnson9999@customer.net,MX,2023-07-02,Standard,13209.26
10000,Linda Garcia,linda.garcia10000@customer.net,FR,2018-01-23,Basic,46741.83
1966,Barbara Jackson,barbara.jackson1966@customer.net,MX,2018-05-19,Standard,35094.28
6250,Charles Williams,charles.williams6250@customer.net,CA,2019-06-30,Premium,315.79
652,Oliver Thompson,oliver.thompson652@customer.net,BR,2021-03-17,Standard,40434.40
2547,William Williams,william.williams2547@shop.io,UK,2021-12-17,Premium,19455.24
7787,Mary Rodriguez,mary.rodriguez7787@customer.net,DE,2024-11-18,Basic,9539.66
8451,Emma Martin,emma.martin8451@customer.net,JP,2021-04-11,Premium,180.81
7002,John Thompson,john.thompson7002@example.com,MX,2021-09-05,Basic,48353.60
3234,Joseph Martinez,joseph.martinez3234@mail.com,CA,2022-07-24,Premium,32835.56
4875,Patricia Moore,patricia.moore4875@example.com,DE,2022-04-07,Basic,19094.35
8808,John Lopez,john.lopez8808@example.com,JP,2020-03-12,Basic,49251.16
